"Well","2016","2017","2019","2020","2021","2022","2023","2024","2025"
"GW003",0,0,1,0,0,0,0,0,0
"GW0988",0,0,0,0,1,0,0,0,0
"GW101",0,1,0,0,0,0,0,0,1
"GW104",0,1,0,0,0,0,0,0,0
"GW107",0,0,0,0,0,0,0,0,1
"GW109",0,0,0,0,0,0,0,0,1
"GW110",1,0,0,0,0,1,0,1,0
"GW111",1,1,0,1,0,0,0,1,0
"GW1117",0,0,1,0,0,0,0,0,0
"GW1119",0,0,0,0,0,0,0,1,0
"GW112",0,0,0,0,0,0,0,1,1
"GW1124",0,0,1,0,0,0,0,0,0
"GW1125",0,0,1,0,0,0,0,0,0
"GW1126",0,0,1,0,0,0,0,0,0
"GW1127",0,0,1,0,0,0,0,0,0
"GW113",0,1,0,1,0,1,0,0,1
"GW1133",0,0,1,0,0,0,0,0,0
"GW1139",0,0,0,0,1,1,0,0,0
"GW114",1,1,1,0,1,1,0,1,1
"GW1140",0,0,0,0,1,1,0,0,0
"GW1143",0,0,0,0,1,0,0,1,0
"GW1144",0,0,0,0,1,1,0,1,0
"GW1145",0,0,0,0,0,0,0,1,0
"GW1150",0,0,0,0,1,1,0,1,0
"GW1151",0,0,0,0,1,1,0,1,0
"GW1152",0,0,0,0,1,1,0,0,0
"GW1153",0,0,1,0,1,1,0,1,0
"GW1155",0,0,1,0,0,0,0,0,0
"GW1156",0,0,1,0,0,0,0,0,0
"GW117",1,1,1,1,1,1,0,1,1
"GW121",1,0,0,1,0,0,0,1,0
"GW123",0,1,1,0,0,0,0,0,0
"GW125",0,1,0,0,0,0,0,0,0
"GW126",1,1,0,0,0,1,0,0,1
"GW128",1,1,0,1,0,0,0,0,0
"GW135",0,1,0,0,0,0,0,0,0
"GW137",1,1,1,0,0,0,0,0,0
"GW139",0,1,1,1,0,1,0,1,0
"GW140",1,1,1,1,0,1,0,1,0
"GW142",0,1,1,1,0,1,0,0,0
"GW143",0,0,0,0,0,0,0,1,1
"GW144",0,1,1,0,0,0,0,0,1
"GW146",0,0,0,0,0,0,0,0,1
"GW147",0,1,0,1,0,1,0,0,0
"GW148",0,0,0,0,0,0,0,1,1
"GW150",1,1,1,0,0,1,0,1,0
"GW152",0,1,0,0,0,0,0,0,0
"GW155",1,0,0,0,0,0,0,0,0
"GW160",1,0,0,0,0,1,1,1,0
"GW162",0,0,0,0,0,0,0,1,1
"GW164",0,0,0,0,0,0,0,1,0
"GW165",0,0,0,0,0,0,0,1,0
"GW175",0,0,0,0,0,0,0,1,1
"GW176",0,0,0,0,0,1,1,0,1
"GW178",0,0,0,0,0,0,1,0,1
"GW186",0,0,1,0,0,0,0,0,0
"GW187",0,0,1,0,0,0,0,0,0
"GW188",0,0,0,0,1,1,0,0,0
"GW190",0,0,1,0,0,0,0,0,0
"GW191",0,1,0,0,1,0,0,0,0
"GW192",0,0,0,0,1,0,0,1,0
"GW193",0,0,0,0,1,0,0,1,0
"GW200",0,0,1,0,0,0,0,1,0
"GW211",1,1,0,0,1,1,0,0,0
"GW212",1,1,0,0,0,1,0,0,0
"GW213",0,0,0,0,0,1,0,0,0
"GW214",1,1,0,0,0,1,0,0,0
"GW215",0,1,0,0,0,0,0,0,0
"GW217",0,1,0,0,0,0,0,0,1
"GW218",1,1,1,1,1,1,0,1,1
"GW219",1,0,0,0,0,1,0,0,0
"GW220",1,0,0,0,0,1,0,1,0
"GW222",1,0,0,0,0,0,0,1,1
"GW223",0,1,0,1,0,0,0,0,0
"GW228",0,1,0,0,0,0,0,0,0
"GW229",0,1,0,0,0,0,0,1,0
"GW230",0,1,0,0,0,0,0,1,0
"GW234",0,0,0,0,0,1,0,1,0
"GW235",0,0,0,0,0,0,1,1,0
"GW237",0,0,0,0,0,0,0,1,1
"GW238",0,0,0,0,0,0,0,1,0
"GW239",1,1,0,1,0,0,0,1,0
"GW242",0,1,0,0,0,0,0,1,0
"GW243",0,0,0,0,0,0,0,1,0
"GW244",0,0,0,0,0,0,0,1,0
"GW246",0,0,0,0,1,1,0,1,0
"GW247",0,0,0,0,0,0,0,1,0
"GW248",0,0,0,0,0,0,0,1,0
"GW249",0,0,0,0,1,1,0,0,0
"GW250",0,0,0,0,1,1,0,1,0
"GW258",0,0,0,0,0,1,0,0,0
"GW259",1,1,0,0,0,0,0,0,0
"GW26",0,0,0,0,1,1,0,1,0
"GW263",1,0,0,0,0,0,0,0,0
"GW265",1,1,1,1,1,1,1,1,1
"GW266",0,1,0,0,0,1,0,0,0
"GW267",1,1,0,0,0,0,0,1,1
"GW270",1,0,0,0,0,0,0,0,0
"GW273",0,1,0,0,0,1,0,1,0
"GW274",0,1,0,0,0,0,0,0,1
"GW275",0,1,0,0,0,1,0,1,1
"GW276",0,0,0,0,0,0,0,1,0
"GW277",0,1,0,0,0,0,0,1,1
"GW278",0,0,0,0,0,0,0,0,1
"GW279",0,0,0,0,0,0,0,1,0
"GW280",1,0,0,0,0,0,0,0,0
"GW281",0,0,0,0,0,0,0,1,1
"GW286",0,1,0,0,0,0,0,0,0
"GW289",0,0,0,0,0,0,0,0,1
"GW291",0,1,0,0,0,0,0,0,0
"GW292",0,0,0,0,0,0,0,1,1
"GW294",0,0,0,0,0,1,0,1,1
"GW295",0,0,0,0,0,1,0,1,1
"GW298",1,0,0,0,0,0,0,0,0
"GW3002",0,1,0,0,0,0,0,0,0
"GW3004",0,1,0,1,1,1,1,1,0
"GW301",0,0,0,0,0,0,0,0,1
"GW3010",1,0,0,1,0,0,0,1,1
"GW3016",0,0,0,0,0,0,0,1,0
"GW3018",0,0,1,1,0,1,0,1,0
"GW3021",0,1,0,1,0,0,0,0,1
"GW3022",0,0,1,0,0,0,0,1,0
"GW3026",1,1,1,1,1,1,0,1,0
"GW3028",0,0,0,0,0,1,0,1,0
"GW3050",0,1,0,0,0,0,0,0,1
"GW3053",0,1,0,0,0,0,0,1,0
"GW3069",0,0,0,0,0,0,1,0,0
"GW3073",0,0,0,0,0,0,0,1,0
"GW3089",0,0,0,1,1,1,0,0,1
"GW3098",0,0,0,0,0,0,0,1,0
"GW3099",0,0,0,0,0,0,0,1,0
"GW310",0,0,0,0,0,0,0,0,1
"GW3103",0,0,0,0,0,0,0,1,1
"GW3104",1,1,0,1,1,1,0,1,1
"GW311",0,1,0,0,0,0,0,1,0
"GW312",0,1,0,0,0,1,0,1,1
"GW313",0,1,0,0,0,1,0,1,0
"GW314",0,0,0,0,0,0,0,0,1
"GW328",0,0,0,0,0,0,0,0,1
"GW329",0,0,0,0,0,1,1,1,0
"GW33",0,0,1,0,0,0,0,0,0
"GW332",0,1,0,0,0,0,0,0,1
"GW333",1,0,0,0,0,0,0,1,1
"GW338",1,0,0,0,1,1,0,0,0
"GW339",0,0,0,0,0,0,1,1,1
"GW340",0,1,0,0,0,1,0,0,1
"GW341",1,0,0,0,1,1,0,0,0
"GW364",0,0,0,0,0,0,0,0,1
"GW369",0,0,0,0,1,1,0,1,0
"GW373",1,1,0,0,1,1,0,1,1
"GW374",0,0,0,0,1,1,0,1,1
"GW376",0,0,0,0,0,0,0,0,1
"GW377",0,0,0,0,0,1,0,0,0
"GW378",0,1,0,0,0,0,0,1,0
"GW379",0,1,0,0,1,1,0,1,0
"GW381",1,1,0,1,1,1,1,1,1
"GW384",0,1,0,0,0,0,0,0,0
"GW386",0,0,0,0,0,0,0,0,1
"GW387",1,0,0,0,1,1,1,1,1
"GW389",0,0,0,0,0,1,1,1,0
"GW398",1,1,1,1,0,0,0,0,0
"GW4016",0,1,0,0,0,0,0,0,1
"GW429",0,0,0,0,0,0,0,1,1
"GW439",1,0,0,1,0,0,0,0,0
"GW44",0,0,0,0,1,0,0,1,0
"GW449",0,0,1,0,0,1,0,0,1
"GW456",0,1,0,0,0,0,0,0,1
"GW481",0,0,0,0,0,0,0,0,1
"GW50",0,0,0,0,0,0,0,1,0
"GW59",0,0,1,0,0,0,0,0,0
"GW61",0,0,1,0,0,0,0,0,0
"GW62",0,0,1,0,0,0,0,0,0
"GW626",0,0,0,0,0,0,0,0,1
"GW628",0,0,0,0,0,0,0,0,1
"GW759",0,0,0,0,0,0,0,0,1
"GW760",1,1,1,1,1,1,0,1,1
"GW761",0,0,0,0,0,0,0,1,0
"GW763",0,0,0,0,0,0,0,1,0
"GW764",0,0,0,0,0,0,0,0,1
"GW786",0,0,0,0,0,1,0,0,0
"GW787",0,1,0,0,0,0,0,0,0
"GW890",0,0,0,0,0,0,0,1,0
"GW931",0,0,0,0,0,0,0,1,1
"GW945",0,1,0,0,0,0,0,1,0
"GW946",0,0,1,0,0,0,0,0,0
"GW947",0,1,0,0,0,0,0,0,0
"GW949",0,0,0,0,0,0,0,1,0
"GW950",0,0,0,0,0,0,0,1,0
"GW951",1,0,0,1,0,0,0,0,0
"GW953",0,0,1,0,0,1,0,0,0
"GW969",1,0,0,0,0,0,0,0,0
"GW971",0,0,0,0,0,1,0,0,0
"GW972",1,0,1,1,1,1,0,1,0
"GW980",0,1,1,1,0,0,0,1,0
"GW982",0,1,1,1,0,0,0,1,0
"GW983",0,1,1,0,1,1,0,1,0
"GW984",0,1,1,1,0,0,0,1,0
"GW985",1,1,0,0,0,1,0,1,0
"GW986",1,1,1,1,1,1,0,1,0
"GW988",0,0,0,0,0,1,0,0,0
"GW989",1,0,0,1,0,1,1,1,0
"GW990",1,0,0,0,0,0,0,0,0
"GW991",0,1,1,1,0,1,1,1,0
"GW992",0,0,1,0,0,1,1,1,0
"GWBERRY",0,0,0,0,0,0,0,1,0
"GWFotchip",0,0,1,0,0,0,0,0,0
"GWJackfish",0,0,1,0,0,0,0,0,0
"GWMYRNAM",0,0,0,0,0,0,0,1,0
"GWRAVEN",0,0,0,0,0,0,0,1,0
"GWTOFIELD",0,0,0,0,0,0,0,1,0
"GWUNK1",0,0,0,0,0,0,0,1,0
"GWUNK2",0,0,0,0,0,0,0,1,0
