Domain,GW,Year_old,Year_new,Sample_old,Sample_new,Year_pair,Time_Diff
ARCH,GW003,2019,2019,DMO_19GOWN_ARCH-C22-GW003_20200316_S161,DMO_19GOWN_ARCH-C23-GW003_20200316_S162,2019_to_2019,0
ARCH,GW101,2017,2025,ERU_17GOWN_ARCH-BE140-GW101_20181025_S64,GLC_25GOWN_ARCH-G5-GW101_20251031_S119,2017_to_2025,8
ARCH,GW110,2016,2016,ERU_16GOWN_ARCH-BE003-GW110_20181025_S154,ERU_16GOWN_ARCH-BE003-GW110_20181025_S87,2016_to_2016,0
ARCH,GW110,2016,2024,ERU_16GOWN_ARCH-BE003-GW110_20181025_S87,GLC_24GOWN_ARCH-P09-GW110_20251021_S211,2016_to_2024,8
ARCH,GW111,2016,2017,ERU_16GOWN_ARCH-BE008-GW111_20181025_S100,ERU_17GOWN_ARCH-BE141-GW111_20181025_S129,2016_to_2017,1
ARCH,GW111,2017,2024,ERU_17GOWN_ARCH-BE141-GW111_20181025_S129,LB_24GOWN_ARCH-L36-GW111_20240806_S273,2017_to_2024,7
ARCH,GW112,2024,2025,GLC_24GOWN_ARCH-P3-GW112_20251021_S108,GLC_25GOWN_ARCH-G3-GW112_20251031_S117,2024_to_2025,1
ARCH,GW113,2017,2025,ERU_17GOWN_ARCH-BE063-GW113_20181025_S53,GLC_25GOWN_ARCH-G70-GW113_20260515_S227_L001,2017_to_2025,8
ARCH,GW114,2016,2017,ERU_16GOWN_ARCH-BE029-GW114_20181025_S85,ERU_17GOWN_ARCH-BE118-GW114_20181025_S106,2016_to_2017,1
ARCH,GW114,2017,2019,ERU_17GOWN_ARCH-BE118-GW114_20181025_S106,DMO_19GOWN_ARCH-C10-GW114_20200316_S149,2017_to_2019,2
ARCH,GW114,2019,2024,DMO_19GOWN_ARCH-C10-GW114_20200316_S149,GLC_24GOWN_ARCH-L48-GW114_20260515_S195_L001,2019_to_2024,5
ARCH,GW114,2024,2025,GLC_24GOWN_ARCH-L48-GW114_20260515_S195_L001,GLC_25GOWN_ARCH-G12-GW114_20251031_S126,2024_to_2025,1
ARCH,GW1153,2019,2024,DMO_19GOWN_ARCH-E14-GW1153_20200316_S177,GLC_24GOWN_ARCH-P27-GW1153_20251021_S228,2019_to_2024,5
ARCH,GW117,2016,2017,ERU_16GOWN_ARCH-BE052-GW117_20181025_S34,ERU_17GOWN_ARCH-BE096-GW117_20181025_S94,2016_to_2017,1
ARCH,GW117,2017,2019,ERU_17GOWN_ARCH-BE096-GW117_20181025_S94,DMO_19GOWN_ARCH-C24-GW117_20200316_S163,2017_to_2019,2
ARCH,GW117,2019,2024,DMO_19GOWN_ARCH-C24-GW117_20200316_S163,GLC_24GOWN_ARCH-P14-GW117_20251021_S215,2019_to_2024,5
ARCH,GW117,2024,2025,GLC_24GOWN_ARCH-P14-GW117_20251021_S215,GLC_25GOWN_ARCH-G52-GW117_20260515_S215_L001,2024_to_2025,1
ARCH,GW121,2016,2016,ERU_16GOWN_ARCH-BE033-GW121_20181025_S8,ERU_16GOWN_ARCH-BE034-GW121_20181025_S69,2016_to_2016,0
ARCH,GW121,2016,2024,ERU_16GOWN_ARCH-BE034-GW121_20181025_S69,LB_24GOWN_ARCH-L31-GW121_20240806_S268,2016_to_2024,8
ARCH,GW123,2017,2017,ERU_17GOWN_ARCH-BE081-GW123_20181025_S105,ERU_17GOWN_ARCH-BE091-GW123_20181025_S110,2017_to_2017,0
ARCH,GW123,2017,2017,ERU_17GOWN_ARCH-BE091-GW123_20181025_S110,ERU_17GOWN_ARCH-BE092-GW123_20181025_S117,2017_to_2017,0
ARCH,GW123,2017,2019,ERU_17GOWN_ARCH-BE092-GW123_20181025_S117,DMO_19GOWN_ARCH-C20-GW123_20200316_S159,2017_to_2019,2
ARCH,GW126,2016,2017,ERU_16GOWN_ARCH-BE001-GW126_20181025_S63,ERU_17GOWN_ARCH-BE142-GW126_20181025_S28,2016_to_2017,1
ARCH,GW126,2017,2025,ERU_17GOWN_ARCH-BE142-GW126_20181025_S28,GLC_25GOWN_ARCH-G13-GW126_20251031_S127,2017_to_2025,8
ARCH,GW128,2016,2016,ERU_16GOWN_ARCH-BE015-GW128_20181025_S156,ERU_16GOWN_ARCH-BE015-GW128_20181025_S24,2016_to_2016,0
ARCH,GW128,2016,2017,ERU_16GOWN_ARCH-BE015-GW128_20181025_S24,ERU_17GOWN_ARCH-BE103-GW128_20181025_S120,2016_to_2017,1
ARCH,GW137,2017,2019,ERU_17GOWN_ARCH-BE124-GW137_20181025_S96,DMO_19GOWN_ARCH-C12-GW137_20200316_S151,2017_to_2019,2
ARCH,GW139,2017,2019,ERU_17GOWN_ARCH-BE095-GW139_20181025_S112,DMO_19GOWN_ARCH-C18-GW139_20200316_S157,2017_to_2019,2
ARCH,GW139,2019,2024,DMO_19GOWN_ARCH-C18-GW139_20200316_S157,GLC_24GOWN_ARCH-L55-GW139_20260515_S203_L001,2019_to_2024,5
ARCH,GW140,2016,2017,ERU_16GOWN_ARCH-BE061-GW140_20181025_S75,ERU_17GOWN_ARCH-BE131-GW140_20181025_S70,2016_to_2017,1
ARCH,GW140,2017,2019,ERU_17GOWN_ARCH-BE131-GW140_20181025_S70,DMO_19GOWN_ARCH-C16-GW140_20200316_S155,2017_to_2019,2
ARCH,GW140,2019,2024,DMO_19GOWN_ARCH-C16-GW140_20200316_S155,GLC_24GOWN_ARCH-L54-GW140_20260515_S202_L001,2019_to_2024,5
ARCH,GW142,2017,2017,ERU_17GOWN_ARCH-BE097-GW142_20181025_S108,ERU_17GOWN_ARCH-BE098-GW142_20181025_S86,2017_to_2017,0
ARCH,GW142,2017,2017,ERU_17GOWN_ARCH-BE098-GW142_20181025_S86,ERU_17GOWN_ARCH-BE099-GW142_20181025_S97,2017_to_2017,0
ARCH,GW142,2017,2019,ERU_17GOWN_ARCH-BE099-GW142_20181025_S97,DMO_19GOWN_ARCH-C19-GW142_20200316_S158,2017_to_2019,2
ARCH,GW143,2024,2025,GLC_24GOWN_ARCH-L53-GW143_20260515_S201_L001,GLC_25GOWN_ARCH-G27-GW143_20251031_S141,2024_to_2025,1
ARCH,GW144,2017,2019,ERU_17GOWN_ARCH-BE085-GW144_20181025_S90,DMO_19GOWN_ARCH-C13-GW144_20200316_S152,2017_to_2019,2
ARCH,GW144,2019,2025,DMO_19GOWN_ARCH-C13-GW144_20200316_S152,GLC_25GOWN_ARCH-G53-GW144_20260515_S216_L001,2019_to_2025,6
ARCH,GW148,2024,2025,GLC_24GOWN_ARCH-P64-GW148_20251021_S18,GLC_25GOWN_ARCH-G30-GW148_20251031_S144,2024_to_2025,1
ARCH,GW150,2016,2016,ERU_16GOWN_ARCH-BE023-GW150_20181025_S67,ERU_16GOWN_ARCH-BE024-GW150_20181025_S92,2016_to_2016,0
ARCH,GW150,2016,2017,ERU_16GOWN_ARCH-BE024-GW150_20181025_S92,ERU_17GOWN_ARCH-BE066-GW150_20181025_S55,2016_to_2017,1
ARCH,GW150,2017,2019,ERU_17GOWN_ARCH-BE066-GW150_20181025_S55,DMO_19GOWN_ARCH-C15-GW150_20200316_S154,2017_to_2019,2
ARCH,GW150,2019,2024,DMO_19GOWN_ARCH-C15-GW150_20200316_S154,GLC_24GOWN_ARCH-P10-GW150_20251021_S114,2019_to_2024,5
ARCH,GW160,2016,2016,ERU_16GOWN_ARCH-BE026-GW160_20181025_S115,ERU_16GOWN_ARCH-BE026-GW160_20181025_S160,2016_to_2016,0
ARCH,GW160,2016,2023,ERU_16GOWN_ARCH-BE026-GW160_20181025_S160,LB_23GOWN_ARCH-L3-GW160_20240806_S240,2016_to_2023,7
ARCH,GW160,2023,2024,LB_23GOWN_ARCH-L3-GW160_20240806_S240,GLC_24GOWN_ARCH-P15-GW160_20251021_S216,2023_to_2024,1
ARCH,GW162,2024,2025,GLC_24GOWN_ARCH-P20-GW162_20251021_S221,GLC_25GOWN_ARCH-G41-GW162_20251031_S155,2024_to_2025,1
ARCH,GW175,2024,2025,LB_24GOWN_ARCH-L28-GW175_20240806_S265,GLC_25GOWN_ARCH-G19-GW175_20251031_S133,2024_to_2025,1
ARCH,GW176,2023,2025,LB_23GOWN_ARCH-L17-GW176_20240806_S254,GLC_25GOWN_ARCH-G29-GW176_20251031_S143,2023_to_2025,2
ARCH,GW178,2023,2025,LB_23GOWN_ARCH-L6-GW178_20240806_S243,GLC_25GOWN_ARCH-G28-GW178_20251031_S142,2023_to_2025,2
ARCH,GW200,2019,2024,DMO_19GOWN_ARCH-E6-GW200_20200316_S169,GLC_24GOWN_ARCH-P22-GW200_20251021_S223,2019_to_2024,5
ARCH,GW211,2016,2017,ERU_16GOWN_ARCH-BE054-GW211_20181025_S116,ERU_17GOWN_ARCH-BE114-GW211_20181025_S138,2016_to_2017,1
ARCH,GW211,2017,2017,ERU_17GOWN_ARCH-BE114-GW211_20181025_S138,ERU_17GOWN_ARCH-BE114-GW211_20181025_S153,2017_to_2017,0
ARCH,GW212,2016,2017,ERU_16GOWN_ARCH-BE004-GW212_20181025_S103,ERU_17GOWN_ARCH-BE113-GW212_20181025_S126,2016_to_2017,1
ARCH,GW214,2016,2016,ERU_16GOWN_ARCH-BE005-GW214_20181025_S78,ERU_16GOWN_ARCH-BE005-GW214_20181025_S79,2016_to_2016,0
ARCH,GW217,2017,2025,ERU_17GOWN_ARCH-BE086-GW217_20181025_S16,GLC_25GOWN_ARCH-G48-GW217_20251031_S162,2017_to_2025,8
ARCH,GW218,2016,2017,ERU_16GOWN_ARCH-BE031-GW218_20181025_S22,ERU_17GOWN_ARCH-BE120-GW218_20181025_S145,2016_to_2017,1
ARCH,GW218,2017,2019,ERU_17GOWN_ARCH-BE120-GW218_20181025_S145,DMO_19GOWN_ARCH-C9-GW218_20200316_S148,2017_to_2019,2
ARCH,GW218,2019,2024,DMO_19GOWN_ARCH-C9-GW218_20200316_S148,LB_24GOWN_ARCH-L42-GW218_20240806_S279,2019_to_2024,5
ARCH,GW218,2024,2025,LB_24GOWN_ARCH-L42-GW218_20240806_S279,GLC_25GOWN_ARCH-G47-GW218_20251031_S161,2024_to_2025,1
ARCH,GW220,2016,2024,ERU_16GOWN_ARCH-BE048-GW220_20181025_S27,LB_24GOWN_ARCH-L38-GW220_20240806_S275,2016_to_2024,8
ARCH,GW222,2016,2024,ERU_16GOWN_ARCH-BE035-GW222_20181025_S59,GLC_24GOWN_ARCH-P1-GW222_20251021_S106,2016_to_2024,8
ARCH,GW222,2024,2025,GLC_24GOWN_ARCH-P1-GW222_20251021_S106,GLC_25GOWN_ARCH-G10-GW222_20251031_S124,2024_to_2025,1
ARCH,GW229,2017,2024,ERU_17GOWN_ARCH-BE071-GW229_20181025_S136,LB_24GOWN_ARCH-L24-GW229_20240806_S261,2017_to_2024,7
ARCH,GW230,2017,2024,ERU_17GOWN_ARCH-BE072-GW230_20181025_S132,LB_24GOWN_ARCH-L32-GW230_20240806_S269,2017_to_2024,7
ARCH,GW235,2023,2024,LB_23GOWN_ARCH-L16-GW235_20240806_S253,GLC_24GOWN_ARCH-P60-GW235_20251021_S14,2023_to_2024,1
ARCH,GW237,2024,2025,GLC_24GOWN_ARCH-L51-GW237_20260515_S198_L001,GLC_25GOWN_ARCH-G33-GW237_20251031_S147,2024_to_2025,1
ARCH,GW239,2016,2016,ERU_16GOWN_ARCH-BE017-GW239_20181025_S57,ERU_16GOWN_ARCH-BE018-GW239_20181025_S66,2016_to_2016,0
ARCH,GW239,2016,2016,ERU_16GOWN_ARCH-BE018-GW239_20181025_S66,ERU_16GOWN_ARCH-BE019-GW239_20181025_S80,2016_to_2016,0
ARCH,GW239,2016,2017,ERU_16GOWN_ARCH-BE019-GW239_20181025_S80,ERU_17GOWN_ARCH-BE082-GW239_20181025_S121,2016_to_2017,1
ARCH,GW239,2017,2024,ERU_17GOWN_ARCH-BE082-GW239_20181025_S121,GLC_24GOWN_ARCH-P49-GW239_20251021_S252,2017_to_2024,7
ARCH,GW242,2017,2024,ERU_17GOWN_ARCH-BE080-GW242_20181025_S82,GLC_24GOWN_ARCH-P25-GW242_20251021_S226,2017_to_2024,7
ARCH,GW259,2016,2016,ERU_16GOWN_ARCH-BE002-GW259_20181025_S38,ERU_16GOWN_ARCH-BE058-GW259_20181025_S111,2016_to_2016,0
ARCH,GW259,2016,2017,ERU_16GOWN_ARCH-BE058-GW259_20181025_S111,ERU_17GOWN_ARCH-BE126-GW259_20181025_S25,2016_to_2017,1
ARCH,GW265,2016,2017,ERU_16GOWN_ARCH-BE060-GW265_20181025_S123,ERU_17GOWN_ARCH-BE132-GW265_20181025_S134,2016_to_2017,1
ARCH,GW265,2017,2019,ERU_17GOWN_ARCH-BE132-GW265_20181025_S134,DMO_19GOWN_ARCH-C17-GW265_20200316_S156,2017_to_2019,2
ARCH,GW265,2019,2023,DMO_19GOWN_ARCH-C17-GW265_20200316_S156,LB_23GOWN_ARCH-L5-GW265_20240806_S242,2019_to_2023,4
ARCH,GW265,2023,2024,LB_23GOWN_ARCH-L5-GW265_20240806_S242,GLC_24GOWN_ARCH-L52-GW265_20260515_S200_L001,2023_to_2024,1
ARCH,GW265,2024,2025,GLC_24GOWN_ARCH-L52-GW265_20260515_S200_L001,GLC_25GOWN_ARCH-G1-GW265_20251031_S115,2024_to_2025,1
ARCH,GW267,2016,2017,ERU_16GOWN_ARCH-BE059-GW267_20181025_S43,ERU_17GOWN_ARCH-BE134-GW267_20181025_S68,2016_to_2017,1
ARCH,GW267,2017,2024,ERU_17GOWN_ARCH-BE134-GW267_20181025_S68,GLC_24GOWN_ARCH-L62-GW267_20260515_S210_L001,2017_to_2024,7
ARCH,GW267,2024,2025,GLC_24GOWN_ARCH-L62-GW267_20260515_S210_L001,GLC_25GOWN_ARCH-G34-GW267_20251031_S148,2024_to_2025,1
ARCH,GW273,2017,2024,ERU_17GOWN_ARCH-BE136-GW273_20181025_S84,GLC_24GOWN_ARCH-P54-GW273_20251021_S257,2017_to_2024,7
ARCH,GW274,2017,2025,ERU_17GOWN_ARCH-BE135-GW274_20181025_S104,GLC_25GOWN_ARCH-G42-GW274_20251031_S156,2017_to_2025,8
ARCH,GW275,2017,2024,ERU_17GOWN_ARCH-BE137-GW275_20181025_S88,GLC_24GOWN_ARCH-P48-GW275_20251021_S251,2017_to_2024,7
ARCH,GW275,2024,2025,GLC_24GOWN_ARCH-P48-GW275_20251021_S251,GLC_25GOWN_ARCH-G9-GW275_20251031_S123,2024_to_2025,1
ARCH,GW277,2017,2024,ERU_17GOWN_ARCH-BE093-GW277_20181025_S65,GLC_24GOWN_ARCH-P51-GW277_20251021_S254,2017_to_2024,7
ARCH,GW277,2024,2025,GLC_24GOWN_ARCH-P51-GW277_20251021_S254,GLC_25GOWN_ARCH-G7-GW277_20251031_S121,2024_to_2025,1
ARCH,GW280,2016,2016,ERU_16GOWN_ARCH-BE027-GW280_20181025_S6,ERU_16GOWN_ARCH-BE028-GW280_20181025_S21,2016_to_2016,0
ARCH,GW281,2024,2025,GLC_24GOWN_ARCH-P46-GW281_20251021_S249,GLC_25GOWN_ARCH-G8-GW281_20251031_S122,2024_to_2025,1
ARCH,GW292,2024,2025,LB_24GOWN_ARCH-L18-GW292_20240806_S255,GLC_25GOWN_ARCH-G21-GW292_20251031_S135,2024_to_2025,1
ARCH,GW294,2024,2025,GLC_24GOWN_ARCH-L57-GW294_20260515_S205_L001,GLC_25GOWN_ARCH-G35-GW294_20251031_S149,2024_to_2025,1
ARCH,GW295,2024,2025,GLC_24GOWN_ARCH-L46-GW295_20260515_S193_L001,GLC_25GOWN_ARCH-G43-GW295_20251031_S157,2024_to_2025,1
ARCH,GW298,2016,2016,ERU_16GOWN_ARCH-BE036-GW298_20181025_S72,ERU_16GOWN_ARCH-BE039-GW298_20181025_S107,2016_to_2016,0
ARCH,GW298,2016,2016,ERU_16GOWN_ARCH-BE039-GW298_20181025_S107,ERU_16GOWN_ARCH-BE040-GW298_20181025_S159,2016_to_2016,0
ARCH,GW298,2016,2016,ERU_16GOWN_ARCH-BE040-GW298_20181025_S159,ERU_16GOWN_ARCH-BE040-GW298_20181025_S49,2016_to_2016,0
ARCH,GW3004,2017,2023,ERU_17GOWN_ARCH-BE065-GW3004_20181025_S29,LB_23GOWN_ARCH-L2-GW3004_20240806_S239,2017_to_2023,6
ARCH,GW3004,2023,2024,LB_23GOWN_ARCH-L2-GW3004_20240806_S239,LB_24GOWN_ARCH-L29-GW3004_20240806_S266,2023_to_2024,1
ARCH,GW3010,2016,2024,ERU_16GOWN_ARCH-BE006-GW3010_20181025_S5,GLC_24GOWN_ARCH-P38-GW3010_20251021_S239,2016_to_2024,8
ARCH,GW3010,2024,2025,GLC_24GOWN_ARCH-P38-GW3010_20251021_S239,GLC_25GOWN_ARCH-G72-GW3010_20260515_S228_L001,2024_to_2025,1
ARCH,GW3018,2019,2024,DMO_19GOWN_ARCH-C14-GW3018_20200316_S153,LB_24GOWN_ARCH-L43-GW3018_20240806_S280,2019_to_2024,5
ARCH,GW3021,2017,2025,ERU_17GOWN_ARCH-BE090-GW3021_20181025_S47,GLC_25GOWN_ARCH-G36-GW3021_20251031_S150,2017_to_2025,8
ARCH,GW3022,2019,2024,DMO_19GOWN_ARCH-C6-GW3022_20200316_S145,GLC_24GOWN_ARCH-P17-GW3022_20251021_S218,2019_to_2024,5
ARCH,GW3026,2016,2017,ERU_16GOWN_ARCH-BE014-GW3026_20181025_S45,ERU_17GOWN_ARCH-BE102-GW3026_20181025_S48,2016_to_2017,1
ARCH,GW3026,2017,2019,ERU_17GOWN_ARCH-BE102-GW3026_20181025_S48,DMO_19GOWN_ARCH-C4-GW3026_20200316_S143,2017_to_2019,2
ARCH,GW3026,2019,2024,DMO_19GOWN_ARCH-C4-GW3026_20200316_S143,GLC_24GOWN_ARCH-P6-GW3026_20251021_S111,2019_to_2024,5
ARCH,GW3050,2017,2025,ERU_17GOWN_ARCH-BE119-GW3050_20181025_S10,GLC_25GOWN_ARCH-G11-GW3050_20251031_S125,2017_to_2025,8
ARCH,GW3053,2017,2024,ERU_17GOWN_ARCH-BE117-GW3053_20181025_S36,GLC_24GOWN_ARCH-L50-GW3053_20260515_S197_L001,2017_to_2024,7
ARCH,GW3103,2024,2025,GLC_24GOWN_ARCH-P11-GW3103_20251021_S212,GLC_25GOWN_ARCH-G20-GW3103_20251031_S134,2024_to_2025,1
ARCH,GW3104,2016,2016,ERU_16GOWN_ARCH-BE021-GW3104_20181025_S33,ERU_16GOWN_ARCH-BE022-GW3104_20181025_S9,2016_to_2016,0
ARCH,GW3104,2016,2017,ERU_16GOWN_ARCH-BE022-GW3104_20181025_S9,ERU_17GOWN_ARCH-BE079-GW3104_20181025_S46,2016_to_2017,1
ARCH,GW3104,2017,2024,ERU_17GOWN_ARCH-BE079-GW3104_20181025_S46,LB_24GOWN_ARCH-L44-GW3104_20240806_S281,2017_to_2024,7
ARCH,GW3104,2024,2025,LB_24GOWN_ARCH-L44-GW3104_20240806_S281,GLC_25GOWN_ARCH-G55-GW3104_20260515_S230_L001,2024_to_2025,1
ARCH,GW311,2017,2024,ERU_17GOWN_ARCH-BE116-GW311_20181025_S133,GLC_24GOWN_ARCH-P63-GW311_20251021_S17,2017_to_2024,7
ARCH,GW312,2017,2024,ERU_17GOWN_ARCH-BE074-GW312_20181025_S76,GLC_24GOWN_ARCH-P40-GW312_20251021_S241,2017_to_2024,7
ARCH,GW312,2024,2025,GLC_24GOWN_ARCH-P40-GW312_20251021_S241,GLC_25GOWN_ARCH-G60-GW312_20260515_S220_L001,2024_to_2025,1
ARCH,GW313,2017,2024,ERU_17GOWN_ARCH-BE115-GW313_20181025_S40,GLC_24GOWN_ARCH-P37-GW313_20251021_S238,2017_to_2024,7
ARCH,GW329,2023,2024,LB_23GOWN_ARCH-L4-GW329_20240806_S241,LB_24GOWN_ARCH-L41-GW329_20240806_S278,2023_to_2024,1
ARCH,GW332,2017,2025,ERU_17GOWN_ARCH-BE101-GW332_20181025_S131,GLC_25GOWN_ARCH-G6-GW332_20251031_S120,2017_to_2025,8
ARCH,GW333,2016,2016,ERU_16GOWN_ARCH-BE025-GW333_20181025_S158,ERU_16GOWN_ARCH-BE025-GW333_20181025_S81,2016_to_2016,0
ARCH,GW333,2016,2024,ERU_16GOWN_ARCH-BE025-GW333_20181025_S81,GLC_24GOWN_ARCH-P61-GW333_20251021_S15,2016_to_2024,8
ARCH,GW333,2024,2025,GLC_24GOWN_ARCH-P61-GW333_20251021_S15,GLC_25GOWN_ARCH-G56-GW333_20260515_S218_L001,2024_to_2025,1
ARCH,GW339,2023,2024,LB_23GOWN_ARCH-L15-GW339_20240806_S252,GLC_24GOWN_ARCH-P12-GW339_20251021_S213,2023_to_2024,1
ARCH,GW339,2024,2025,GLC_24GOWN_ARCH-P12-GW339_20251021_S213,GLC_25GOWN_ARCH-G31-GW339_20251031_S145,2024_to_2025,1
ARCH,GW340,2017,2025,ERU_17GOWN_ARCH-BE107-GW340_20181025_S118,GLC_25GOWN_ARCH-G16-GW340_20251031_S130,2017_to_2025,8
ARCH,GW373,2016,2017,ERU_16GOWN_ARCH-BE042-GW373_20181025_S19,ERU_17GOWN_ARCH-BE105-GW373_20181025_S114,2016_to_2017,1
ARCH,GW373,2017,2024,ERU_17GOWN_ARCH-BE105-GW373_20181025_S114,GLC_24GOWN_ARCH-L61-GW373_20260515_S209_L001,2017_to_2024,7
ARCH,GW373,2024,2025,GLC_24GOWN_ARCH-L61-GW373_20260515_S209_L001,GLC_25GOWN_ARCH-G24-GW373_20251031_S138,2024_to_2025,1
ARCH,GW374,2024,2025,GLC_24GOWN_ARCH-L47-GW374_20260515_S194_L001,GLC_25GOWN_ARCH-G23-GW374_20251031_S137,2024_to_2025,1
ARCH,GW378,2017,2024,ERU_17GOWN_ARCH-BE112-GW378_20181025_S137,LB_24GOWN_ARCH-L35-GW378_20240806_S272,2017_to_2024,7
ARCH,GW379,2017,2024,ERU_17GOWN_ARCH-BE108-GW379_20181025_S122,GLC_24GOWN_ARCH-P52-GW379_20251021_S255,2017_to_2024,7
ARCH,GW381,2017,2023,ERU_17GOWN_ARCH-BE138-GW381_20181025_S73,LB_23GOWN_ARCH-L7-GW381_20240806_S244,2017_to_2023,6
ARCH,GW381,2023,2024,LB_23GOWN_ARCH-L7-GW381_20240806_S244,GLC_24GOWN_ARCH-P50-GW381_20251021_S253,2023_to_2024,1
ARCH,GW381,2024,2025,GLC_24GOWN_ARCH-P50-GW381_20251021_S253,GLC_25GOWN_ARCH-G65-GW381_20260515_S224_L001,2024_to_2025,1
ARCH,GW381sic,2016,2016,ERU_16GOWN_ARCH-BE050-GW381sic_20181025_S11,ERU_16GOWN_ARCH-BE050-GW381sic_20181025_S12,2016_to_2016,0
ARCH,GW387,2016,2023,ERU_16GOWN_ARCH-BE051-GW387_20181025_S130,LB_23GOWN_ARCH-L10-GW387_20240806_S247,2016_to_2023,7
ARCH,GW387,2023,2024,LB_23GOWN_ARCH-L10-GW387_20240806_S247,GLC_24GOWN_ARCH-P44-GW387_20251021_S247,2023_to_2024,1
ARCH,GW387,2024,2025,GLC_24GOWN_ARCH-P44-GW387_20251021_S247,GLC_25GOWN_ARCH-G67-GW387_20260515_S225_L001,2024_to_2025,1
ARCH,GW389,2023,2024,LB_23GOWN_ARCH-L1-GW389_20240806_S238,GLC_24GOWN_ARCH-P53-GW389_20251021_S256,2023_to_2024,1
ARCH,GW398,2016,2016,ERU_16GOWN_ARCH-BE009-GW398_20181025_S13,ERU_16GOWN_ARCH-BE009-GW398_20181025_S14,2016_to_2016,0
ARCH,GW398,2016,2016,ERU_16GOWN_ARCH-BE009-GW398_20181025_S14,ERU_16GOWN_ARCH-BE009-GW398_20181025_S157,2016_to_2016,0
ARCH,GW398,2016,2016,ERU_16GOWN_ARCH-BE009-GW398_20181025_S157,ERU_16GOWN_ARCH-BE049-GW398_20181025_S58,2016_to_2016,0
ARCH,GW398,2016,2017,ERU_16GOWN_ARCH-BE049-GW398_20181025_S58,ERU_17GOWN_ARCH-BE127-GW398_20181025_S93,2016_to_2017,1
ARCH,GW398,2017,2019,ERU_17GOWN_ARCH-BE127-GW398_20181025_S93,DMO_19GOWN_ARCH-C11-GW398_20200316_S150,2017_to_2019,2
ARCH,GW4016,2017,2025,ERU_17GOWN_ARCH-BE109-GW4016_20181025_S109,GLC_25GOWN_ARCH-G37-GW4016_20251031_S151,2017_to_2025,8
ARCH,GW429,2024,2025,LB_24GOWN_ARCH-L30-GW429_20240806_S267,GLC_25GOWN_ARCH-G22-GW429_20251031_S136,2024_to_2025,1
ARCH,GW439,2016,2016,ERU_16GOWN_ARCH-BE045-GW439_20181025_S26,ERU_16GOWN_ARCH-BE045-GW439_20181025_S52,2016_to_2016,0
ARCH,GW439,2016,2016,ERU_16GOWN_ARCH-BE045-GW439_20181025_S52,ERU_16GOWN_ARCH-BE046-GW439_20181025_S2,2016_to_2016,0
ARCH,GW439,2016,2016,ERU_16GOWN_ARCH-BE046-GW439_20181025_S2,ERU_16GOWN_ARCH-BE046-GW439_20181025_S3,2016_to_2016,0
ARCH,GW439,2016,2016,ERU_16GOWN_ARCH-BE046-GW439_20181025_S3,ERU_16GOWN_ARCH-BE047-GW439_20181025_S20,2016_to_2016,0
ARCH,GW439,2016,2016,ERU_16GOWN_ARCH-BE047-GW439_20181025_S20,ERU_16GOWN_ARCH-BE047-GW439_20181025_S51,2016_to_2016,0
ARCH,GW449,2019,2025,DMO_19GOWN_ARCH-E1-GW449_20200316_S164,GLC_25GOWN_ARCH-G26-GW449_20251031_S140,2019_to_2025,6
ARCH,GW456,2017,2017,ERU_17GOWN_ARCH-BE067-GW456_20181025_S91,ERU_17GOWN_ARCH-BE068-GW456_20181025_S102,2017_to_2017,0
ARCH,GW456,2017,2017,ERU_17GOWN_ARCH-BE068-GW456_20181025_S102,ERU_17GOWN_ARCH-BE069-GW456_20181025_S83,2017_to_2017,0
ARCH,GW456,2017,2025,ERU_17GOWN_ARCH-BE069-GW456_20181025_S83,GLC_25GOWN_ARCH-G40-GW456_20251031_S154,2017_to_2025,8
ARCH,GW50,2024,2024,GLC_24GOWN_ARCH-P42a-GW50_20251021_S243,GLC_24GOWN_ARCH-P42b-GW50_20251021_S244,2024_to_2024,0
ARCH,GW50,2024,2024,GLC_24GOWN_ARCH-P42b-GW50_20251021_S244,GLC_24GOWN_ARCH-P42c-GW50_20251021_S245,2024_to_2024,0
ARCH,GW760,2016,2016,ERU_16GOWN_ARCH-BE037-GW760_20181025_S30,ERU_16GOWN_ARCH-BE038-GW760_20181025_S37,2016_to_2016,0
ARCH,GW760,2016,2017,ERU_16GOWN_ARCH-BE038-GW760_20181025_S37,ERU_17GOWN_ARCH-BE104-GW760_20181025_S18,2016_to_2017,1
ARCH,GW760,2017,2019,ERU_17GOWN_ARCH-BE104-GW760_20181025_S18,DMO_19GOWN_ARCH-C21-GW760_20200316_S160,2017_to_2019,2
ARCH,GW760,2019,2024,DMO_19GOWN_ARCH-C21-GW760_20200316_S160,LB_24GOWN_ARCH-L27-GW760_20240806_S264,2019_to_2024,5
ARCH,GW760,2024,2025,LB_24GOWN_ARCH-L27-GW760_20240806_S264,GLC_25GOWN_ARCH-G46-GW760_20251031_S160,2024_to_2025,1
ARCH,GW931,2024,2025,LB_24GOWN_ARCH-L20-GW931_20240806_S257,GLC_25GOWN_ARCH-G39-GW931_20251031_S153,2024_to_2025,1
ARCH,GW945,2017,2024,ERU_17GOWN_ARCH-BE073-GW945_20181025_S74,GLC_24GOWN_ARCH-P30-GW945_20251021_S231,2017_to_2024,7
ARCH,GW951,2016,2016,ERU_16GOWN_ARCH-BE016-GW951_20181025_S155,ERU_16GOWN_ARCH-BE016-GW951_20181025_S7,2016_to_2016,0
ARCH,GW972,2016,2019,ERU_16GOWN_ARCH-BE057-GW972_20181025_S17,DMO_19GOWN_ARCH-C3-GW972_20200316_S142,2016_to_2019,3
ARCH,GW972,2019,2024,DMO_19GOWN_ARCH-C3-GW972_20200316_S142,GLC_24GOWN_ARCH-P5-GW972_20251021_S110,2019_to_2024,5
ARCH,GW980,2017,2019,ERU_17GOWN_ARCH-BE128-GW980_20181025_S99,DMO_19GOWN_ARCH-C8-GW980_20200316_S147,2017_to_2019,2
ARCH,GW980,2019,2024,DMO_19GOWN_ARCH-C8-GW980_20200316_S147,GLC_24GOWN_ARCH-P13-GW980_20251021_S214,2019_to_2024,5
ARCH,GW982,2017,2019,ERU_17GOWN_ARCH-BE129-GW982_20181025_S135,DMO_19GOWN_ARCH-C7-GW982_20200316_S146,2017_to_2019,2
ARCH,GW982,2019,2024,DMO_19GOWN_ARCH-C7-GW982_20200316_S146,GLC_24GOWN_ARCH-P18-GW982_20251021_S219,2019_to_2024,5
ARCH,GW983,2017,2019,ERU_17GOWN_ARCH-BE084-GW983_20181025_S60,DMO_19GOWN_ARCH-C5-GW983_20200316_S144,2017_to_2019,2
ARCH,GW983,2019,2024,DMO_19GOWN_ARCH-C5-GW983_20200316_S144,GLC_24GOWN_ARCH-P21-GW983_20251021_S222,2019_to_2024,5
ARCH,GW984,2017,2019,ERU_17GOWN_ARCH-BE083-GW984_20181025_S101,DMO_19GOWN_ARCH-C2-GW984_20200316_S141,2017_to_2019,2
ARCH,GW984,2019,2024,DMO_19GOWN_ARCH-C2-GW984_20200316_S141,GLC_24GOWN_ARCH-P16-GW984_20251021_S217,2019_to_2024,5
ARCH,GW985,2016,2017,ERU_16GOWN_ARCH-BE010-GW985_20181025_S1,ERU_17GOWN_ARCH-BE111-GW985_20181025_S62,2016_to_2017,1
ARCH,GW985,2017,2024,ERU_17GOWN_ARCH-BE111-GW985_20181025_S62,LB_24GOWN_ARCH-L34-GW985_20240806_S271,2017_to_2024,7
ARCH,GW986,2016,2016,ERU_16GOWN_ARCH-BE011-GW986_20181025_S23,ERU_16GOWN_ARCH-BE012-GW986_20181025_S4,2016_to_2016,0
ARCH,GW986,2016,2016,ERU_16GOWN_ARCH-BE012-GW986_20181025_S4,ERU_16GOWN_ARCH-BE013-GW986_20181025_S54,2016_to_2016,0
ARCH,GW986,2016,2017,ERU_16GOWN_ARCH-BE013-GW986_20181025_S54,ERU_17GOWN_ARCH-BE121-GW986_20181025_S147,2016_to_2017,1
ARCH,GW986,2017,2017,ERU_17GOWN_ARCH-BE121-GW986_20181025_S147,ERU_17GOWN_ARCH-BE122-GW986_20181025_S142,2017_to_2017,0
ARCH,GW986,2017,2017,ERU_17GOWN_ARCH-BE122-GW986_20181025_S142,ERU_17GOWN_ARCH-BE123-GW986_20181025_S148,2017_to_2017,0
ARCH,GW986,2017,2019,ERU_17GOWN_ARCH-BE123-GW986_20181025_S148,DMO_19GOWN_ARCH-C1-GW986_20200316_S140,2017_to_2019,2
ARCH,GW986,2019,2024,DMO_19GOWN_ARCH-C1-GW986_20200316_S140,LB_24GOWN_ARCH-L37-GW986_20240806_S274,2019_to_2024,5
ARCH,GW989,2016,2023,ERU_16GOWN_ARCH-BE055-GW989_20181025_S39,LB_23GOWN_ARCH-L11-GW989_20240806_S248,2016_to_2023,7
ARCH,GW989,2023,2024,LB_23GOWN_ARCH-L11-GW989_20240806_S248,GLC_24GOWN_ARCH-P19-GW989_20251021_S220,2023_to_2024,1
ARCH,GW991,2017,2017,ERU_17GOWN_ARCH-BE075-GW991_20181025_S139,ERU_17GOWN_ARCH-BE076-GW991_20181025_S140,2017_to_2017,0
ARCH,GW991,2017,2019,ERU_17GOWN_ARCH-BE076-GW991_20181025_S140,DMO_19GOWN_ARCH-E2-GW991_20200316_S165,2017_to_2019,2
ARCH,GW991,2019,2023,DMO_19GOWN_ARCH-E2-GW991_20200316_S165,LB_23GOWN_ARCH-L8-GW991_20240806_S245,2019_to_2023,4
ARCH,GW991,2023,2024,LB_23GOWN_ARCH-L8-GW991_20240806_S245,GLC_24GOWN_ARCH-P35-GW991_20251021_S236,2023_to_2024,1
ARCH,GW992,2019,2023,DMO_19GOWN_ARCH-E4-GW992_20200316_S167,LB_23GOWN_ARCH-L14-GW992_20240806_S251,2019_to_2023,4
ARCH,GW992,2023,2024,LB_23GOWN_ARCH-L14-GW992_20240806_S251,GLC_24GOWN_ARCH-P26-GW992_20251021_S227,2023_to_2024,1
BACT,GW003,2019,2019,MDI_19GOWN_BACT-C22-GW003_20200316_S113,MDI_19GOWN_BACT-C23-GW003_20200316_S114,2019_to_2019,0
BACT,GW101,2017,2025,ERU_17GOWN_BACT-BE140-GW101_20180807_S64,GLC_25GOWN_BACT-G5-GW101_20251031_S167,2017_to_2025,8
BACT,GW110,2016,2016,ERU_16GOWN_BACT-BE003-GW110_20180807_S154,ERU_16GOWN_BACT-BE003-GW110_20180807_S87,2016_to_2016,0
BACT,GW110,2016,2022,ERU_16GOWN_BACT-BE003-GW110_20180807_S87,DMO_22GOWN_BACT-G13-GW110_20230321_S203,2016_to_2022,6
BACT,GW110,2022,2024,DMO_22GOWN_BACT-G13-GW110_20230321_S203,GLC_24GOWN_BACT-P09-GW110_20251021_S259,2022_to_2024,2
BACT,GW111,2016,2017,ERU_16GOWN_BACT-BE008-GW111_20180807_S100,ERU_17GOWN_BACT-BE141-GW111_20180807_S129,2016_to_2017,1
BACT,GW111,2017,2020,ERU_17GOWN_BACT-BE141-GW111_20180807_S129,DMO_20GOWN_BACT-A20-GW111_20210201_S137,2017_to_2020,3
BACT,GW111,2020,2024,DMO_20GOWN_BACT-A20-GW111_20210201_S137,LB_24GOWN_BACT-L36-GW111_20240806_S228,2020_to_2024,4
BACT,GW112,2024,2025,GLC_24GOWN_BACT-P3-GW112_20251021_S99,GLC_25GOWN_BACT-G3-GW112_20251031_S165,2024_to_2025,1
BACT,GW113,2017,2020,ERU_17GOWN_BACT-BE063-GW113_20180807_S53,DMO_20GOWN_BACT-A21-GW113_20210201_S138,2017_to_2020,3
BACT,GW113,2020,2020,DMO_20GOWN_BACT-A21-GW113_20210201_S138,DMO_20GOWN_BACT-D1-GW113_20210201_S139,2020_to_2020,0
BACT,GW113,2020,2020,DMO_20GOWN_BACT-D1-GW113_20210201_S139,DMO_20GOWN_BACT-D2-GW113_20210201_S140,2020_to_2020,0
BACT,GW113,2020,2022,DMO_20GOWN_BACT-D2-GW113_20210201_S140,DMO_22GOWN_BACT-G20-GW113_20230321_S210,2020_to_2022,2
BACT,GW113,2022,2025,DMO_22GOWN_BACT-G20-GW113_20230321_S210,GLC_25GOWN_BACT-G70-GW113_20260515_S267_L001,2022_to_2025,3
BACT,GW1139,2021,2022,DMO_21GOWN_BACT-O8-GW1139_20210917_S242,DMO_22GOWN_BACT-S7-GW1139_20230321_S221,2021_to_2022,1
BACT,GW114,2016,2017,ERU_16GOWN_BACT-BE029-GW114_20180807_S85,ERU_17GOWN_BACT-BE118-GW114_20180807_S106,2016_to_2017,1
BACT,GW114,2017,2019,ERU_17GOWN_BACT-BE118-GW114_20180807_S106,MDI_19GOWN_BACT-C10-GW114_20200316_S101,2017_to_2019,2
BACT,GW114,2019,2021,MDI_19GOWN_BACT-C10-GW114_20200316_S101,DMO_21GOWN_BACT-L10-GW114_20211115_S348,2019_to_2021,2
BACT,GW114,2021,2022,DMO_21GOWN_BACT-L10-GW114_20211115_S348,DMO_22GOWN_BACT-G4-GW114_20230321_S194,2021_to_2022,1
BACT,GW114,2022,2024,DMO_22GOWN_BACT-G4-GW114_20230321_S194,GLC_24GOWN_BACT-L48-GW114_20260515_S235_L001,2022_to_2024,2
BACT,GW114,2024,2025,GLC_24GOWN_BACT-L48-GW114_20260515_S235_L001,GLC_25GOWN_BACT-G12-GW114_20251031_S174,2024_to_2025,1
BACT,GW1140,2021,2022,DMO_21GOWN_BACT-O9-GW1140_20210917_S243,DMO_22GOWN_BACT-S10-GW1140_20230321_S224,2021_to_2022,1
BACT,GW1143,2021,2024,DMO_21GOWN_BACT-O1-GW1143_20210917_S235,GLC_24GOWN_BACT-P28-GW1143_20251021_S277,2021_to_2024,3
BACT,GW1144,2021,2022,DMO_21GOWN_BACT-O2-GW1144_20210917_S236,DMO_22GOWN_BACT-S2-GW1144_20230321_S216,2021_to_2022,1
BACT,GW1144,2022,2024,DMO_22GOWN_BACT-S2-GW1144_20230321_S216,GLC_24GOWN_BACT-P32-GW1144_20251021_S281,2022_to_2024,2
BACT,GW1150,2021,2022,DMO_21GOWN_BACT-O3-GW1150_20210917_S237,DMO_22GOWN_BACT-S3-GW1150_20230321_S217,2021_to_2022,1
BACT,GW1150,2022,2024,DMO_22GOWN_BACT-S3-GW1150_20230321_S217,GLC_24GOWN_BACT-P39-GW1150_20251021_S288,2022_to_2024,2
BACT,GW1151,2021,2022,DMO_21GOWN_BACT-O4-GW1151_20210917_S238,DMO_22GOWN_BACT-S4-GW1151_20230321_S218,2021_to_2022,1
BACT,GW1151,2022,2024,DMO_22GOWN_BACT-S4-GW1151_20230321_S218,GLC_24GOWN_BACT-P36-GW1151_20251021_S285,2022_to_2024,2
BACT,GW1152,2021,2022,DMO_21GOWN_BACT-O5-GW1152_20210917_S239,DMO_22GOWN_BACT-S5-GW1152_20230321_S219,2021_to_2022,1
BACT,GW1153,2019,2021,MDI_19GOWN_BACT-E14-GW1153_20200316_S129,DMO_21GOWN_BACT-O6-GW1153_20210917_S240,2019_to_2021,2
BACT,GW1153,2021,2022,DMO_21GOWN_BACT-O6-GW1153_20210917_S240,DMO_22GOWN_BACT-S6-GW1153_20230321_S220,2021_to_2022,1
BACT,GW1153,2022,2024,DMO_22GOWN_BACT-S6-GW1153_20230321_S220,GLC_24GOWN_BACT-P27-GW1153_20251021_S276,2022_to_2024,2
BACT,GW117,2016,2017,ERU_16GOWN_BACT-BE052-GW117_20180807_S34,ERU_17GOWN_BACT-BE096-GW117_20180807_S94,2016_to_2017,1
BACT,GW117,2017,2019,ERU_17GOWN_BACT-BE096-GW117_20180807_S94,MDI_19GOWN_BACT-C24-GW117_20200316_S115,2017_to_2019,2
BACT,GW117,2019,2020,MDI_19GOWN_BACT-C24-GW117_20200316_S115,DMO_20GOWN_BACT-A17-GW117_20210201_S134,2019_to_2020,1
BACT,GW117,2020,2021,DMO_20GOWN_BACT-A17-GW117_20210201_S134,DMO_21GOWN_BACT-L8-GW117_20211115_S346,2020_to_2021,1
BACT,GW117,2021,2022,DMO_21GOWN_BACT-L8-GW117_20211115_S346,DMO_22GOWN_BACT-G9-GW117_20230321_S199,2021_to_2022,1
BACT,GW117,2022,2024,DMO_22GOWN_BACT-G9-GW117_20230321_S199,GLC_24GOWN_BACT-P14-GW117_20251021_S263,2022_to_2024,2
BACT,GW117,2024,2025,GLC_24GOWN_BACT-P14-GW117_20251021_S263,GLC_25GOWN_BACT-G52-GW117_20260515_S255_L001,2024_to_2025,1
BACT,GW121,2016,2016,ERU_16GOWN_BACT-BE033-GW121_20180807_S8,ERU_16GOWN_BACT-BE034-GW121_20180807_S69,2016_to_2016,0
BACT,GW121,2016,2020,ERU_16GOWN_BACT-BE034-GW121_20180807_S69,DMO_20GOWN_BACT-A11-GW121_20210201_S128,2016_to_2020,4
BACT,GW121,2020,2024,DMO_20GOWN_BACT-A11-GW121_20210201_S128,LB_24GOWN_BACT-L31-GW121_20240806_S223,2020_to_2024,4
BACT,GW123,2017,2017,ERU_17GOWN_BACT-BE081-GW123_20180807_S105,ERU_17GOWN_BACT-BE091-GW123_20180807_S110,2017_to_2017,0
BACT,GW123,2017,2017,ERU_17GOWN_BACT-BE091-GW123_20180807_S110,ERU_17GOWN_BACT-BE092-GW123_20180807_S117,2017_to_2017,0
BACT,GW123,2017,2019,ERU_17GOWN_BACT-BE092-GW123_20180807_S117,MDI_19GOWN_BACT-C20-GW123_20200316_S111,2017_to_2019,2
BACT,GW126,2016,2017,ERU_16GOWN_BACT-BE001-GW126_20180807_S63,ERU_17GOWN_BACT-BE142-GW126_20180807_S28,2016_to_2017,1
BACT,GW126,2017,2022,ERU_17GOWN_BACT-BE142-GW126_20180807_S28,DMO_22GOWN_BACT-G3-GW126_20230321_S193,2017_to_2022,5
BACT,GW126,2022,2025,DMO_22GOWN_BACT-G3-GW126_20230321_S193,GLC_25GOWN_BACT-G13-GW126_20251031_S175,2022_to_2025,3
BACT,GW128,2016,2016,ERU_16GOWN_BACT-BE015-GW128_20180807_S156,ERU_16GOWN_BACT-BE015-GW128_20180807_S24,2016_to_2016,0
BACT,GW128,2016,2017,ERU_16GOWN_BACT-BE015-GW128_20180807_S24,ERU_17GOWN_BACT-BE103-GW128_20180807_S120,2016_to_2017,1
BACT,GW128,2017,2020,ERU_17GOWN_BACT-BE103-GW128_20180807_S120,DMO_20GOWN_BACT-A19-GW128_20210201_S136,2017_to_2020,3
BACT,GW137,2017,2019,ERU_17GOWN_BACT-BE124-GW137_20180807_S96,MDI_19GOWN_BACT-C12-GW137_20200316_S103,2017_to_2019,2
BACT,GW139,2017,2019,ERU_17GOWN_BACT-BE095-GW139_20180807_S112,MDI_19GOWN_BACT-C18-GW139_20200316_S109,2017_to_2019,2
BACT,GW139,2019,2020,MDI_19GOWN_BACT-C18-GW139_20200316_S109,DMO_20GOWN_BACT-D15-GW139_20210201_S153,2019_to_2020,1
BACT,GW139,2020,2022,DMO_20GOWN_BACT-D15-GW139_20210201_S153,DMO_22GOWN_BACT-N1-GW139_20230321_S154,2020_to_2022,2
BACT,GW139,2022,2024,DMO_22GOWN_BACT-N1-GW139_20230321_S154,GLC_24GOWN_BACT-L55-GW139_20260515_S243_L001,2022_to_2024,2
BACT,GW140,2016,2017,ERU_16GOWN_BACT-BE061-GW140_20180807_S75,ERU_17GOWN_BACT-BE131-GW140_20180807_S70,2016_to_2017,1
BACT,GW140,2017,2019,ERU_17GOWN_BACT-BE131-GW140_20180807_S70,MDI_19GOWN_BACT-C16-GW140_20200316_S107,2017_to_2019,2
BACT,GW140,2019,2020,MDI_19GOWN_BACT-C16-GW140_20200316_S107,DMO_20GOWN_BACT-D17-GW140_20210201_S155,2019_to_2020,1
BACT,GW140,2020,2022,DMO_20GOWN_BACT-D17-GW140_20210201_S155,DMO_22GOWN_BACT-N2-GW140_20230321_S155,2020_to_2022,2
BACT,GW140,2022,2024,DMO_22GOWN_BACT-N2-GW140_20230321_S155,GLC_24GOWN_BACT-L54-GW140_20260515_S242_L001,2022_to_2024,2
BACT,GW142,2017,2017,ERU_17GOWN_BACT-BE097-GW142_20180807_S108,ERU_17GOWN_BACT-BE098-GW142_20180807_S86,2017_to_2017,0
BACT,GW142,2017,2017,ERU_17GOWN_BACT-BE098-GW142_20180807_S86,ERU_17GOWN_BACT-BE099-GW142_20180807_S97,2017_to_2017,0
BACT,GW142,2017,2019,ERU_17GOWN_BACT-BE099-GW142_20180807_S97,MDI_19GOWN_BACT-C19-GW142_20200316_S110,2017_to_2019,2
BACT,GW142,2019,2020,MDI_19GOWN_BACT-C19-GW142_20200316_S110,DMO_20GOWN_BACT-D16-GW142_20210201_S154,2019_to_2020,1
BACT,GW142,2020,2022,DMO_20GOWN_BACT-D16-GW142_20210201_S154,DMO_22GOWN_BACT-N29-GW142_20230321_S182,2020_to_2022,2
BACT,GW143,2024,2025,GLC_24GOWN_BACT-L53-GW143_20260515_S241_L001,GLC_25GOWN_BACT-G27-GW143_20251031_S189,2024_to_2025,1
BACT,GW144,2017,2019,ERU_17GOWN_BACT-BE085-GW144_20180807_S90,MDI_19GOWN_BACT-C13-GW144_20200316_S104,2017_to_2019,2
BACT,GW144,2019,2025,MDI_19GOWN_BACT-C13-GW144_20200316_S104,GLC_25GOWN_BACT-G53-GW144_20260515_S256_L001,2019_to_2025,6
BACT,GW147,2017,2020,ERU_17GOWN_BACT-BE100-GW147_20180807_S42,DMO_20GOWN_BACT-D19-GW147_20210201_S157,2017_to_2020,3
BACT,GW147,2020,2022,DMO_20GOWN_BACT-D19-GW147_20210201_S157,DMO_22GOWN_BACT-N3-GW147_20230321_S156,2020_to_2022,2
BACT,GW148,2024,2025,GLC_24GOWN_BACT-P64-GW148_20251021_S9,GLC_25GOWN_BACT-G30-GW148_20251031_S192,2024_to_2025,1
BACT,GW150,2016,2016,ERU_16GOWN_BACT-BE023-GW150_20180807_S67,ERU_16GOWN_BACT-BE024-GW150_20180807_S92,2016_to_2016,0
BACT,GW150,2016,2017,ERU_16GOWN_BACT-BE024-GW150_20180807_S92,ERU_17GOWN_BACT-BE066-GW150_20180807_S55,2016_to_2017,1
BACT,GW150,2017,2019,ERU_17GOWN_BACT-BE066-GW150_20180807_S55,MDI_19GOWN_BACT-C15-GW150_20200316_S106,2017_to_2019,2
BACT,GW150,2019,2022,MDI_19GOWN_BACT-C15-GW150_20200316_S106,DMO_22GOWN_BACT-N4-GW150_20230321_S157,2019_to_2022,3
BACT,GW150,2022,2024,DMO_22GOWN_BACT-N4-GW150_20230321_S157,GLC_24GOWN_BACT-P10-GW150_20251021_S105,2022_to_2024,2
BACT,GW160,2016,2016,ERU_16GOWN_BACT-BE026-GW160_20180807_S115,ERU_16GOWN_BACT-BE026-GW160_20180807_S160,2016_to_2016,0
BACT,GW160,2016,2022,ERU_16GOWN_BACT-BE026-GW160_20180807_S160,DMO_22GOWN_BACT-N5-GW160_20230321_S158,2016_to_2022,6
BACT,GW160,2022,2023,DMO_22GOWN_BACT-N5-GW160_20230321_S158,LB_23GOWN_BACT-L3-GW160_20240806_S195,2022_to_2023,1
BACT,GW160,2023,2024,LB_23GOWN_BACT-L3-GW160_20240806_S195,GLC_24GOWN_BACT-P15-GW160_20251021_S264,2023_to_2024,1
BACT,GW162,2024,2025,GLC_24GOWN_BACT-P20-GW162_20251021_S269,GLC_25GOWN_BACT-G41-GW162_20251031_S203,2024_to_2025,1
BACT,GW175,2024,2025,LB_24GOWN_BACT-L28-GW175_20240806_S220,GLC_25GOWN_BACT-G19-GW175_20251031_S181,2024_to_2025,1
BACT,GW176,2022,2023,DMO_22GOWN_BACT-N6-GW176_20230321_S159,LB_23GOWN_BACT-L17-GW176_20240806_S209,2022_to_2023,1
BACT,GW176,2023,2025,LB_23GOWN_BACT-L17-GW176_20240806_S209,GLC_25GOWN_BACT-G29-GW176_20251031_S191,2023_to_2025,2
BACT,GW178,2023,2025,LB_23GOWN_BACT-L6-GW178_20240806_S198,GLC_25GOWN_BACT-G28-GW178_20251031_S190,2023_to_2025,2
BACT,GW188,2021,2022,DMO_21GOWN_BACT-O14-GW188_20211115_S350,DMO_22GOWN_BACT-S12-GW188_20230321_S226,2021_to_2022,1
BACT,GW191,2017,2021,ERU_17GOWN_BACT-BE139-GW191_20180807_S124,DMO_21GOWN_BACT-O15-GW191_20211115_S351,2017_to_2021,4
BACT,GW192,2021,2024,DMO_21GOWN_BACT-O18-GW192_20211115_S354,GLC_24GOWN_BACT-P4-GW192_20251021_S100,2021_to_2024,3
BACT,GW200,2019,2024,MDI_19GOWN_BACT-E6-GW200_20200316_S121,GLC_24GOWN_BACT-P22-GW200_20251021_S271,2019_to_2024,5
BACT,GW211,2016,2017,ERU_16GOWN_BACT-BE054-GW211_20180807_S116,ERU_17GOWN_BACT-BE114-GW211_20180807_S138,2016_to_2017,1
BACT,GW211,2017,2017,ERU_17GOWN_BACT-BE114-GW211_20180807_S138,ERU_17GOWN_BACT-BE114-GW211_20180807_S153,2017_to_2017,0
BACT,GW211,2017,2021,ERU_17GOWN_BACT-BE114-GW211_20180807_S153,DMO_21GOWN_BACT-L9-GW211_20211115_S347,2017_to_2021,4
BACT,GW211,2021,2022,DMO_21GOWN_BACT-L9-GW211_20211115_S347,DMO_22GOWN_BACT-G21-GW211_20230321_S211,2021_to_2022,1
BACT,GW212,2016,2017,ERU_16GOWN_BACT-BE004-GW212_20180807_S103,ERU_17GOWN_BACT-BE113-GW212_20180807_S126,2016_to_2017,1
BACT,GW212,2017,2022,ERU_17GOWN_BACT-BE113-GW212_20180807_S126,DMO_22GOWN_BACT-G23-GW212_20230321_S213,2017_to_2022,5
BACT,GW214,2016,2016,ERU_16GOWN_BACT-BE005-GW214_20180807_S78,ERU_16GOWN_BACT-BE005-GW214_20180807_S79,2016_to_2016,0
BACT,GW214,2016,2022,ERU_16GOWN_BACT-BE005-GW214_20180807_S79,DMO_22GOWN_BACT-G24-GW214_20230321_S214,2016_to_2022,6
BACT,GW217,2017,2025,ERU_17GOWN_BACT-BE086-GW217_20180807_S16,GLC_25GOWN_BACT-G48-GW217_20251031_S210,2017_to_2025,8
BACT,GW218,2016,2017,ERU_16GOWN_BACT-BE031-GW218_20180807_S22,ERU_17GOWN_BACT-BE120-GW218_20180807_S145,2016_to_2017,1
BACT,GW218,2017,2019,ERU_17GOWN_BACT-BE120-GW218_20180807_S145,MDI_19GOWN_BACT-C9-GW218_20200316_S100,2017_to_2019,2
BACT,GW218,2019,2020,MDI_19GOWN_BACT-C9-GW218_20200316_S100,DMO_20GOWN_BACT-A6-GW218_20210201_S123,2019_to_2020,1
BACT,GW218,2020,2021,DMO_20GOWN_BACT-A6-GW218_20210201_S123,DMO_21GOWN_BACT-L2-GW218_20210917_S224,2020_to_2021,1
BACT,GW218,2021,2022,DMO_21GOWN_BACT-L2-GW218_20210917_S224,DMO_22GOWN_BACT-G15-GW218_20230321_S205,2021_to_2022,1
BACT,GW218,2022,2024,DMO_22GOWN_BACT-G15-GW218_20230321_S205,LB_24GOWN_BACT-L42-GW218_20240806_S234,2022_to_2024,2
BACT,GW218,2024,2025,LB_24GOWN_BACT-L42-GW218_20240806_S234,GLC_25GOWN_BACT-G47-GW218_20251031_S209,2024_to_2025,1
BACT,GW219,2016,2022,ERU_16GOWN_BACT-BE032-GW219_20180807_S35,DMO_22GOWN_BACT-G14-GW219_20230321_S204,2016_to_2022,6
BACT,GW220,2016,2022,ERU_16GOWN_BACT-BE048-GW220_20180807_S27,DMO_22GOWN_BACT-G5-GW220_20230321_S195,2016_to_2022,6
BACT,GW220,2022,2024,DMO_22GOWN_BACT-G5-GW220_20230321_S195,LB_24GOWN_BACT-L38-GW220_20240806_S230,2022_to_2024,2
BACT,GW222,2016,2024,ERU_16GOWN_BACT-BE035-GW222_20180807_S59,GLC_24GOWN_BACT-P1-GW222_20251021_S97,2016_to_2024,8
BACT,GW222,2024,2025,GLC_24GOWN_BACT-P1-GW222_20251021_S97,GLC_25GOWN_BACT-G10-GW222_20251031_S172,2024_to_2025,1
BACT,GW223,2017,2020,ERU_17GOWN_BACT-BE110-GW223_20180807_S146,DMO_20GOWN_BACT-A18-GW223_20210201_S135,2017_to_2020,3
BACT,GW229,2017,2024,ERU_17GOWN_BACT-BE071-GW229_20180807_S136,LB_24GOWN_BACT-L24-GW229_20240806_S216,2017_to_2024,7
BACT,GW230,2017,2024,ERU_17GOWN_BACT-BE072-GW230_20180807_S132,LB_24GOWN_BACT-L32-GW230_20240806_S224,2017_to_2024,7
BACT,GW234,2022,2024,DMO_22GOWN_BACT-N7-GW234_20230321_S160,GLC_24GOWN_BACT-P58-GW234_20251021_S3,2022_to_2024,2
BACT,GW235,2023,2024,LB_23GOWN_BACT-L16-GW235_20240806_S208,GLC_24GOWN_BACT-P60-GW235_20251021_S5,2023_to_2024,1
BACT,GW237,2024,2025,GLC_24GOWN_BACT-L51-GW237_20260515_S238_L001,GLC_25GOWN_BACT-G33-GW237_20251031_S195,2024_to_2025,1
BACT,GW239,2016,2016,ERU_16GOWN_BACT-BE017-GW239_20180807_S57,ERU_16GOWN_BACT-BE018-GW239_20180807_S66,2016_to_2016,0
BACT,GW239,2016,2016,ERU_16GOWN_BACT-BE018-GW239_20180807_S66,ERU_16GOWN_BACT-BE019-GW239_20180807_S80,2016_to_2016,0
BACT,GW239,2016,2017,ERU_16GOWN_BACT-BE019-GW239_20180807_S80,ERU_17GOWN_BACT-BE082-GW239_20180807_S121,2016_to_2017,1
BACT,GW239,2017,2020,ERU_17GOWN_BACT-BE082-GW239_20180807_S121,DMO_20GOWN_BACT-D3-GW239_20210201_S141,2017_to_2020,3
BACT,GW239,2020,2020,DMO_20GOWN_BACT-D3-GW239_20210201_S141,DMO_20GOWN_BACT-D4-GW239_20210201_S142,2020_to_2020,0
BACT,GW239,2020,2024,DMO_20GOWN_BACT-D4-GW239_20210201_S142,GLC_24GOWN_BACT-P49-GW239_20251021_S300,2020_to_2024,4
BACT,GW242,2017,2024,ERU_17GOWN_BACT-BE080-GW242_20180807_S82,GLC_24GOWN_BACT-P25-GW242_20251021_S274,2017_to_2024,7
BACT,GW246,2021,2022,DMO_21GOWN_BACT-O10-GW246_20210917_S244,DMO_22GOWN_BACT-S8-GW246_20230321_S222,2021_to_2022,1
BACT,GW246,2022,2024,DMO_22GOWN_BACT-S8-GW246_20230321_S222,GLC_24GOWN_BACT-P33-GW246_20251021_S282,2022_to_2024,2
BACT,GW249,2021,2022,DMO_21GOWN_BACT-O16-GW249_20211115_S352,DMO_22GOWN_BACT-S13-GW249_20230321_S227,2021_to_2022,1
BACT,GW250,2021,2022,DMO_21GOWN_BACT-O17-GW250_20211115_S353,DMO_22GOWN_BACT-S14-GW250_20230321_S228,2021_to_2022,1
BACT,GW250,2022,2024,DMO_22GOWN_BACT-S14-GW250_20230321_S228,GLC_24GOWN_BACT-P2-GW250_20251021_S98,2022_to_2024,2
BACT,GW259,2016,2016,ERU_16GOWN_BACT-BE002-GW259_20180807_S38,ERU_16GOWN_BACT-BE058-GW259_20180807_S111,2016_to_2016,0
BACT,GW259,2016,2017,ERU_16GOWN_BACT-BE058-GW259_20180807_S111,ERU_17GOWN_BACT-BE126-GW259_20180807_S25,2016_to_2017,1
BACT,GW26,2021,2022,DMO_21GOWN_BACT-O7-GW26_20210917_S241,DMO_22GOWN_BACT-S1-GW26_20230321_S215,2021_to_2022,1
BACT,GW26,2022,2024,DMO_22GOWN_BACT-S1-GW26_20230321_S215,LB_24GOWN_BACT-L40-GW26_20240806_S232,2022_to_2024,2
BACT,GW265,2016,2017,ERU_16GOWN_BACT-BE060-GW265_20180807_S123,ERU_17GOWN_BACT-BE132-GW265_20180807_S134,2016_to_2017,1
BACT,GW265,2017,2019,ERU_17GOWN_BACT-BE132-GW265_20180807_S134,MDI_19GOWN_BACT-C17-GW265_20200316_S108,2017_to_2019,2
BACT,GW265,2019,2020,MDI_19GOWN_BACT-C17-GW265_20200316_S108,DMO_20GOWN_BACT-D18-GW265_20210201_S156,2019_to_2020,1
BACT,GW265,2020,2021,DMO_20GOWN_BACT-D18-GW265_20210201_S156,DMO_21GOWN_BACT-L4-GW265_20210917_S226,2020_to_2021,1
BACT,GW265,2021,2022,DMO_21GOWN_BACT-L4-GW265_20210917_S226,DMO_22GOWN_BACT-N8-GW265_20230321_S161,2021_to_2022,1
BACT,GW265,2022,2023,DMO_22GOWN_BACT-N8-GW265_20230321_S161,LB_23GOWN_BACT-L5-GW265_20240806_S197,2022_to_2023,1
BACT,GW265,2023,2024,LB_23GOWN_BACT-L5-GW265_20240806_S197,GLC_24GOWN_BACT-L52-GW265_20260515_S240_L001,2023_to_2024,1
BACT,GW265,2024,2025,GLC_24GOWN_BACT-L52-GW265_20260515_S240_L001,GLC_25GOWN_BACT-G1-GW265_20251031_S163,2024_to_2025,1
BACT,GW266,2017,2022,ERU_17GOWN_BACT-BE133-GW266_20180807_S127,DMO_22GOWN_BACT-N9-GW266_20230321_S162,2017_to_2022,5
BACT,GW267,2016,2017,ERU_16GOWN_BACT-BE059-GW267_20180807_S43,ERU_17GOWN_BACT-BE134-GW267_20180807_S68,2016_to_2017,1
BACT,GW267,2017,2024,ERU_17GOWN_BACT-BE134-GW267_20180807_S68,GLC_24GOWN_BACT-L62-GW267_20260515_S250_L001,2017_to_2024,7
BACT,GW267,2024,2025,GLC_24GOWN_BACT-L62-GW267_20260515_S250_L001,GLC_25GOWN_BACT-G34-GW267_20251031_S196,2024_to_2025,1
BACT,GW273,2017,2022,ERU_17GOWN_BACT-BE136-GW273_20180807_S84,DMO_22GOWN_BACT-G18-GW273_20230321_S208,2017_to_2022,5
BACT,GW273,2022,2024,DMO_22GOWN_BACT-G18-GW273_20230321_S208,GLC_24GOWN_BACT-P54-GW273_20251021_S305,2022_to_2024,2
BACT,GW274,2017,2025,ERU_17GOWN_BACT-BE135-GW274_20180807_S104,GLC_25GOWN_BACT-G42-GW274_20251031_S204,2017_to_2025,8
BACT,GW275,2017,2022,ERU_17GOWN_BACT-BE137-GW275_20180807_S88,DMO_22GOWN_BACT-G19-GW275_20230321_S209,2017_to_2022,5
BACT,GW275,2022,2024,DMO_22GOWN_BACT-G19-GW275_20230321_S209,GLC_24GOWN_BACT-P48-GW275_20251021_S299,2022_to_2024,2
BACT,GW275,2024,2025,GLC_24GOWN_BACT-P48-GW275_20251021_S299,GLC_25GOWN_BACT-G9-GW275_20251031_S171,2024_to_2025,1
BACT,GW277,2017,2024,ERU_17GOWN_BACT-BE093-GW277_20180807_S65,GLC_24GOWN_BACT-P51-GW277_20251021_S302,2017_to_2024,7
BACT,GW277,2024,2025,GLC_24GOWN_BACT-P51-GW277_20251021_S302,GLC_25GOWN_BACT-G7-GW277_20251031_S169,2024_to_2025,1
BACT,GW280,2016,2016,ERU_16GOWN_BACT-BE027-GW280_20180807_S6,ERU_16GOWN_BACT-BE028-GW280_20180807_S21,2016_to_2016,0
BACT,GW281,2024,2025,GLC_24GOWN_BACT-P46-GW281_20251021_S297,GLC_25GOWN_BACT-G8-GW281_20251031_S170,2024_to_2025,1
BACT,GW292,2024,2025,LB_24GOWN_BACT-L18-GW292_20240806_S210,GLC_25GOWN_BACT-G21-GW292_20251031_S183,2024_to_2025,1
BACT,GW294,2022,2024,DMO_22GOWN_BACT-N25-GW294_20230321_S178,GLC_24GOWN_BACT-L57-GW294_20260515_S245_L001,2022_to_2024,2
BACT,GW294,2024,2025,GLC_24GOWN_BACT-L57-GW294_20260515_S245_L001,GLC_25GOWN_BACT-G35-GW294_20251031_S197,2024_to_2025,1
BACT,GW295,2022,2024,DMO_22GOWN_BACT-N10-GW295_20230321_S163,GLC_24GOWN_BACT-L46-GW295_20260515_S233_L001,2022_to_2024,2
BACT,GW295,2024,2025,GLC_24GOWN_BACT-L46-GW295_20260515_S233_L001,GLC_25GOWN_BACT-G43-GW295_20251031_S205,2024_to_2025,1
BACT,GW298,2016,2016,ERU_16GOWN_BACT-BE036-GW298_20180807_S72,ERU_16GOWN_BACT-BE039-GW298_20180807_S107,2016_to_2016,0
BACT,GW298,2016,2016,ERU_16GOWN_BACT-BE039-GW298_20180807_S107,ERU_16GOWN_BACT-BE040-GW298_20180807_S159,2016_to_2016,0
BACT,GW298,2016,2016,ERU_16GOWN_BACT-BE040-GW298_20180807_S159,ERU_16GOWN_BACT-BE040-GW298_20180807_S49,2016_to_2016,0
BACT,GW3004,2017,2020,ERU_17GOWN_BACT-BE065-GW3004_20180807_S29,DMO_20GOWN_BACT-D12-GW3004_20210201_S150,2017_to_2020,3
BACT,GW3004,2020,2021,DMO_20GOWN_BACT-D12-GW3004_20210201_S150,DMO_21GOWN_BACT-M1-GW3004_20210917_S227,2020_to_2021,1
BACT,GW3004,2021,2022,DMO_21GOWN_BACT-M1-GW3004_20210917_S227,DMO_22GOWN_BACT-N21-GW3004_20230321_S174,2021_to_2022,1
BACT,GW3004,2022,2022,DMO_22GOWN_BACT-N21-GW3004_20230321_S174,DMO_22GOWN_BACT-N23-GW3004_20230321_S176,2022_to_2022,0
BACT,GW3004,2022,2023,DMO_22GOWN_BACT-N23-GW3004_20230321_S176,LB_23GOWN_BACT-L2-GW3004_20240806_S194,2022_to_2023,1
BACT,GW3004,2023,2024,LB_23GOWN_BACT-L2-GW3004_20240806_S194,LB_24GOWN_BACT-L29-GW3004_20240806_S221,2023_to_2024,1
BACT,GW3010,2016,2020,ERU_16GOWN_BACT-BE006-GW3010_20180807_S5,DMO_20GOWN_BACT-A15-GW3010_20210201_S132,2016_to_2020,4
BACT,GW3010,2020,2024,DMO_20GOWN_BACT-A15-GW3010_20210201_S132,GLC_24GOWN_BACT-P38-GW3010_20251021_S287,2020_to_2024,4
BACT,GW3010,2024,2025,GLC_24GOWN_BACT-P38-GW3010_20251021_S287,GLC_25GOWN_BACT-G72-GW3010_20260515_S268_L001,2024_to_2025,1
BACT,GW3018,2019,2020,MDI_19GOWN_BACT-C14-GW3018_20200316_S105,DMO_20GOWN_BACT-A9-GW3018_20210201_S126,2019_to_2020,1
BACT,GW3018,2020,2022,DMO_20GOWN_BACT-A9-GW3018_20210201_S126,DMO_22GOWN_BACT-N22-GW3018_20230321_S175,2020_to_2022,2
BACT,GW3018,2022,2022,DMO_22GOWN_BACT-N22-GW3018_20230321_S175,DMO_22GOWN_BACT-N26-GW3018_20230321_S179,2022_to_2022,0
BACT,GW3018,2022,2024,DMO_22GOWN_BACT-N26-GW3018_20230321_S179,LB_24GOWN_BACT-L43-GW3018_20240806_S235,2022_to_2024,2
BACT,GW3021,2017,2020,ERU_17GOWN_BACT-BE090-GW3021_20180807_S47,DMO_20GOWN_BACT-A10-GW3021_20210201_S127,2017_to_2020,3
BACT,GW3021,2020,2025,DMO_20GOWN_BACT-A10-GW3021_20210201_S127,GLC_25GOWN_BACT-G36-GW3021_20251031_S198,2020_to_2025,5
BACT,GW3022,2019,2024,MDI_19GOWN_BACT-C6-GW3022_20200316_S97,GLC_24GOWN_BACT-P17-GW3022_20251021_S266,2019_to_2024,5
BACT,GW3026,2016,2017,ERU_16GOWN_BACT-BE014-GW3026_20180807_S45,ERU_17GOWN_BACT-BE102-GW3026_20180807_S48,2016_to_2017,1
BACT,GW3026,2017,2019,ERU_17GOWN_BACT-BE102-GW3026_20180807_S48,MDI_19GOWN_BACT-C4-GW3026_20200316_S95,2017_to_2019,2
BACT,GW3026,2019,2020,MDI_19GOWN_BACT-C4-GW3026_20200316_S95,DMO_20GOWN_BACT-A8-GW3026_20210201_S125,2019_to_2020,1
BACT,GW3026,2020,2021,DMO_20GOWN_BACT-A8-GW3026_20210201_S125,DMO_21GOWN_BACT-L6-GW3026_20211115_S344,2020_to_2021,1
BACT,GW3026,2021,2022,DMO_21GOWN_BACT-L6-GW3026_20211115_S344,DMO_22GOWN_BACT-G6-GW3026_20230321_S196,2021_to_2022,1
BACT,GW3026,2022,2024,DMO_22GOWN_BACT-G6-GW3026_20230321_S196,GLC_24GOWN_BACT-P6-GW3026_20251021_S102,2022_to_2024,2
BACT,GW3028,2022,2024,DMO_22GOWN_BACT-G17-GW3028_20230321_S207,LB_24GOWN_BACT-L25-GW3028_20240806_S217,2022_to_2024,2
BACT,GW3050,2017,2025,ERU_17GOWN_BACT-BE119-GW3050_20180807_S10,GLC_25GOWN_BACT-G11-GW3050_20251031_S173,2017_to_2025,8
BACT,GW3053,2017,2024,ERU_17GOWN_BACT-BE117-GW3053_20180807_S36,GLC_24GOWN_BACT-L50-GW3053_20260515_S237_L001,2017_to_2024,7
BACT,GW3089,2020,2021,DMO_20GOWN_BACT-D13-GW3089_20210201_S151,DMO_21GOWN_BACT-M6-GW3089_20210917_S232,2020_to_2021,1
BACT,GW3089,2021,2022,DMO_21GOWN_BACT-M6-GW3089_20210917_S232,DMO_22GOWN_BACT-N37-GW3089_20230321_S190,2021_to_2022,1
BACT,GW3089,2022,2025,DMO_22GOWN_BACT-N37-GW3089_20230321_S190,GLC_25GOWN_BACT-G15-GW3089_20251031_S177,2022_to_2025,3
BACT,GW3103,2024,2025,GLC_24GOWN_BACT-P11-GW3103_20251021_S260,GLC_25GOWN_BACT-G20-GW3103_20251031_S182,2024_to_2025,1
BACT,GW3104,2016,2016,ERU_16GOWN_BACT-BE021-GW3104_20180807_S33,ERU_16GOWN_BACT-BE022-GW3104_20180807_S9,2016_to_2016,0
BACT,GW3104,2016,2017,ERU_16GOWN_BACT-BE022-GW3104_20180807_S9,ERU_17GOWN_BACT-BE079-GW3104_20180807_S46,2016_to_2017,1
BACT,GW3104,2017,2020,ERU_17GOWN_BACT-BE079-GW3104_20180807_S46,DMO_20GOWN_BACT-D14-GW3104_20210201_S152,2017_to_2020,3
BACT,GW3104,2020,2021,DMO_20GOWN_BACT-D14-GW3104_20210201_S152,DMO_21GOWN_BACT-M2-GW3104_20210917_S228,2020_to_2021,1
BACT,GW3104,2021,2022,DMO_21GOWN_BACT-M2-GW3104_20210917_S228,DMO_22GOWN_BACT-N24-GW3104_20230321_S177,2021_to_2022,1
BACT,GW3104,2022,2024,DMO_22GOWN_BACT-N24-GW3104_20230321_S177,LB_24GOWN_BACT-L44-GW3104_20240806_S236,2022_to_2024,2
BACT,GW3104,2024,2025,LB_24GOWN_BACT-L44-GW3104_20240806_S236,GLC_25GOWN_BACT-G55-GW3104_20260515_S232_L001,2024_to_2025,1
BACT,GW311,2017,2024,ERU_17GOWN_BACT-BE116-GW311_20180807_S133,GLC_24GOWN_BACT-P63-GW311_20251021_S8,2017_to_2024,7
BACT,GW312,2017,2022,ERU_17GOWN_BACT-BE074-GW312_20180807_S76,DMO_22GOWN_BACT-N11-GW312_20230321_S164,2017_to_2022,5
BACT,GW312,2022,2024,DMO_22GOWN_BACT-N11-GW312_20230321_S164,GLC_24GOWN_BACT-P40-GW312_20251021_S289,2022_to_2024,2
BACT,GW312,2024,2025,GLC_24GOWN_BACT-P40-GW312_20251021_S289,GLC_25GOWN_BACT-G60-GW312_20260515_S260_L001,2024_to_2025,1
BACT,GW313,2017,2022,ERU_17GOWN_BACT-BE115-GW313_20180807_S40,DMO_22GOWN_BACT-N12-GW313_20230321_S165,2017_to_2022,5
BACT,GW313,2022,2024,DMO_22GOWN_BACT-N12-GW313_20230321_S165,GLC_24GOWN_BACT-P37-GW313_20251021_S286,2022_to_2024,2
BACT,GW329,2022,2022,DMO_22GOWN_BACT-N13-GW329_20230321_S166,DMO_22GOWN_BACT-N27-GW329_20230321_S180,2022_to_2022,0
BACT,GW329,2022,2023,DMO_22GOWN_BACT-N27-GW329_20230321_S180,LB_23GOWN_BACT-L4-GW329_20240806_S196,2022_to_2023,1
BACT,GW329,2023,2024,LB_23GOWN_BACT-L4-GW329_20240806_S196,LB_24GOWN_BACT-L41-GW329_20240806_S233,2023_to_2024,1
BACT,GW332,2017,2025,ERU_17GOWN_BACT-BE101-GW332_20180807_S131,GLC_25GOWN_BACT-G6-GW332_20251031_S168,2017_to_2025,8
BACT,GW333,2016,2016,ERU_16GOWN_BACT-BE025-GW333_20180807_S158,ERU_16GOWN_BACT-BE025-GW333_20180807_S81,2016_to_2016,0
BACT,GW333,2016,2024,ERU_16GOWN_BACT-BE025-GW333_20180807_S81,GLC_24GOWN_BACT-P61-GW333_20251021_S6,2016_to_2024,8
BACT,GW333,2024,2025,GLC_24GOWN_BACT-P61-GW333_20251021_S6,GLC_25GOWN_BACT-G56-GW333_20260515_S258_L001,2024_to_2025,1
BACT,GW338,2016,2021,ERU_16GOWN_BACT-BE041-GW338_20180807_S95,DMO_21GOWN_BACT-O11-GW338_20210917_S245,2016_to_2021,5
BACT,GW339,2023,2024,LB_23GOWN_BACT-L15-GW339_20240806_S207,GLC_24GOWN_BACT-P12-GW339_20251021_S261,2023_to_2024,1
BACT,GW339,2024,2025,GLC_24GOWN_BACT-P12-GW339_20251021_S261,GLC_25GOWN_BACT-G31-GW339_20251031_S193,2024_to_2025,1
BACT,GW340,2017,2022,ERU_17GOWN_BACT-BE107-GW340_20180807_S118,DMO_22GOWN_BACT-N30-GW340_20230321_S183,2017_to_2022,5
BACT,GW340,2022,2025,DMO_22GOWN_BACT-N30-GW340_20230321_S183,GLC_25GOWN_BACT-G16-GW340_20251031_S178,2022_to_2025,3
BACT,GW341,2016,2021,ERU_16GOWN_BACT-BE043-GW341_20180807_S44,DMO_21GOWN_BACT-M3-GW341_20210917_S229,2016_to_2021,5
BACT,GW341,2021,2022,DMO_21GOWN_BACT-M3-GW341_20210917_S229,DMO_22GOWN_BACT-N31-GW341_20230321_S184,2021_to_2022,1
BACT,GW369,2021,2022,DMO_21GOWN_BACT-O12-GW369_20210917_S246,DMO_22GOWN_BACT-S15-GW369_20230321_S229,2021_to_2022,1
BACT,GW369,2022,2024,DMO_22GOWN_BACT-S15-GW369_20230321_S229,GLC_24GOWN_BACT-P47-GW369_20251021_S298,2022_to_2024,2
BACT,GW373,2016,2017,ERU_16GOWN_BACT-BE042-GW373_20180807_S19,ERU_17GOWN_BACT-BE105-GW373_20180807_S114,2016_to_2017,1
BACT,GW373,2017,2021,ERU_17GOWN_BACT-BE105-GW373_20180807_S114,DMO_21GOWN_BACT-M4-GW373_20210917_S230,2017_to_2021,4
BACT,GW373,2021,2022,DMO_21GOWN_BACT-M4-GW373_20210917_S230,DMO_22GOWN_BACT-N32-GW373_20230321_S185,2021_to_2022,1
BACT,GW373,2022,2024,DMO_22GOWN_BACT-N32-GW373_20230321_S185,GLC_24GOWN_BACT-L61-GW373_20260515_S249_L001,2022_to_2024,2
BACT,GW373,2024,2025,GLC_24GOWN_BACT-L61-GW373_20260515_S249_L001,GLC_25GOWN_BACT-G24-GW373_20251031_S186,2024_to_2025,1
BACT,GW374,2021,2022,DMO_21GOWN_BACT-M5-GW374_20210917_S231,DMO_22GOWN_BACT-N33-GW374_20230321_S186,2021_to_2022,1
BACT,GW374,2022,2024,DMO_22GOWN_BACT-N33-GW374_20230321_S186,GLC_24GOWN_BACT-L47-GW374_20260515_S234_L001,2022_to_2024,2
BACT,GW374,2024,2025,GLC_24GOWN_BACT-L47-GW374_20260515_S234_L001,GLC_25GOWN_BACT-G23-GW374_20251031_S185,2024_to_2025,1
BACT,GW378,2017,2024,ERU_17GOWN_BACT-BE112-GW378_20180807_S137,LB_24GOWN_BACT-L35-GW378_20240806_S227,2017_to_2024,7
BACT,GW379,2017,2021,ERU_17GOWN_BACT-BE108-GW379_20180807_S122,DMO_21GOWN_BACT-O13-GW379_20210917_S247,2017_to_2021,4
BACT,GW379,2021,2022,DMO_21GOWN_BACT-O13-GW379_20210917_S247,DMO_22GOWN_BACT-S11-GW379_20230321_S225,2021_to_2022,1
BACT,GW379,2022,2024,DMO_22GOWN_BACT-S11-GW379_20230321_S225,GLC_24GOWN_BACT-P52-GW379_20251021_S303,2022_to_2024,2
BACT,GW381,2017,2020,ERU_17GOWN_BACT-BE138-GW381_20180807_S73,DMO_20GOWN_BACT-D5-GW381_20210201_S143,2017_to_2020,3
BACT,GW381,2020,2020,DMO_20GOWN_BACT-D5-GW381_20210201_S143,DMO_20GOWN_BACT-D6-GW381_20210201_S144,2020_to_2020,0
BACT,GW381,2020,2021,DMO_20GOWN_BACT-D6-GW381_20210201_S144,DMO_21GOWN_BACT-M7-GW381_20210917_S233,2020_to_2021,1
BACT,GW381,2021,2022,DMO_21GOWN_BACT-M7-GW381_20210917_S233,DMO_22GOWN_BACT-N34-GW381_20230321_S187,2021_to_2022,1
BACT,GW381,2022,2023,DMO_22GOWN_BACT-N34-GW381_20230321_S187,LB_23GOWN_BACT-L7-GW381_20240806_S199,2022_to_2023,1
BACT,GW381,2023,2024,LB_23GOWN_BACT-L7-GW381_20240806_S199,GLC_24GOWN_BACT-P50-GW381_20251021_S301,2023_to_2024,1
BACT,GW381,2024,2025,GLC_24GOWN_BACT-P50-GW381_20251021_S301,GLC_25GOWN_BACT-G65-GW381_20260515_S264_L001,2024_to_2025,1
BACT,GW381sic,2016,2016,ERU_16GOWN_BACT-BE050-GW381sic_20180807_S11,ERU_16GOWN_BACT-BE050-GW381sic_20180807_S12,2016_to_2016,0
BACT,GW387,2016,2021,ERU_16GOWN_BACT-BE051-GW387_20180807_S130,DMO_21GOWN_BACT-M8-GW387_20210917_S234,2016_to_2021,5
BACT,GW387,2021,2022,DMO_21GOWN_BACT-M8-GW387_20210917_S234,DMO_22GOWN_BACT-N35-GW387_20230321_S188,2021_to_2022,1
BACT,GW387,2022,2023,DMO_22GOWN_BACT-N35-GW387_20230321_S188,LB_23GOWN_BACT-L10-GW387_20240806_S202,2022_to_2023,1
BACT,GW387,2023,2024,LB_23GOWN_BACT-L10-GW387_20240806_S202,GLC_24GOWN_BACT-P44-GW387_20251021_S295,2023_to_2024,1
BACT,GW387,2024,2025,GLC_24GOWN_BACT-P44-GW387_20251021_S295,GLC_25GOWN_BACT-G67-GW387_20260515_S265_L001,2024_to_2025,1
BACT,GW389,2022,2023,DMO_22GOWN_BACT-N36-GW389_20230321_S189,LB_23GOWN_BACT-L1-GW389_20240806_S193,2022_to_2023,1
BACT,GW389,2023,2024,LB_23GOWN_BACT-L1-GW389_20240806_S193,GLC_24GOWN_BACT-P53-GW389_20251021_S304,2023_to_2024,1
BACT,GW398,2016,2016,ERU_16GOWN_BACT-BE009-GW398_20180807_S13,ERU_16GOWN_BACT-BE009-GW398_20180807_S14,2016_to_2016,0
BACT,GW398,2016,2016,ERU_16GOWN_BACT-BE009-GW398_20180807_S14,ERU_16GOWN_BACT-BE009-GW398_20180807_S157,2016_to_2016,0
BACT,GW398,2016,2016,ERU_16GOWN_BACT-BE009-GW398_20180807_S157,ERU_16GOWN_BACT-BE049-GW398_20180807_S58,2016_to_2016,0
BACT,GW398,2016,2017,ERU_16GOWN_BACT-BE049-GW398_20180807_S58,ERU_17GOWN_BACT-BE127-GW398_20180807_S93,2016_to_2017,1
BACT,GW398,2017,2019,ERU_17GOWN_BACT-BE127-GW398_20180807_S93,MDI_19GOWN_BACT-C11-GW398_20200316_S102,2017_to_2019,2
BACT,GW398,2019,2020,MDI_19GOWN_BACT-C11-GW398_20200316_S102,DMO_20GOWN_BACT-A1-GW398_20210201_S118,2019_to_2020,1
BACT,GW398,2020,2020,DMO_20GOWN_BACT-A1-GW398_20210201_S118,DMO_20GOWN_BACT-A2-GW398_20210201_S119,2020_to_2020,0
BACT,GW398,2020,2020,DMO_20GOWN_BACT-A2-GW398_20210201_S119,DMO_20GOWN_BACT-A3-GW398_20210201_S120,2020_to_2020,0
BACT,GW4016,2017,2025,ERU_17GOWN_BACT-BE109-GW4016_20180807_S109,GLC_25GOWN_BACT-G37-GW4016_20251031_S199,2017_to_2025,8
BACT,GW429,2024,2025,LB_24GOWN_BACT-L30-GW429_20240806_S222,GLC_25GOWN_BACT-G22-GW429_20251031_S184,2024_to_2025,1
BACT,GW439,2016,2016,ERU_16GOWN_BACT-BE045-GW439_20180807_S26,ERU_16GOWN_BACT-BE045-GW439_20180807_S52,2016_to_2016,0
BACT,GW439,2016,2016,ERU_16GOWN_BACT-BE045-GW439_20180807_S52,ERU_16GOWN_BACT-BE046-GW439_20180807_S2,2016_to_2016,0
BACT,GW439,2016,2016,ERU_16GOWN_BACT-BE046-GW439_20180807_S2,ERU_16GOWN_BACT-BE046-GW439_20180807_S3,2016_to_2016,0
BACT,GW439,2016,2016,ERU_16GOWN_BACT-BE046-GW439_20180807_S3,ERU_16GOWN_BACT-BE047-GW439_20180807_S20,2016_to_2016,0
BACT,GW439,2016,2016,ERU_16GOWN_BACT-BE047-GW439_20180807_S20,ERU_16GOWN_BACT-BE047-GW439_20180807_S51,2016_to_2016,0
BACT,GW439,2016,2020,ERU_16GOWN_BACT-BE047-GW439_20180807_S51,DMO_20GOWN_BACT-D7-GW439_20210201_S145,2016_to_2020,4
BACT,GW439,2020,2020,DMO_20GOWN_BACT-D7-GW439_20210201_S145,DMO_20GOWN_BACT-D8-GW439_20210201_S146,2020_to_2020,0
BACT,GW439,2020,2020,DMO_20GOWN_BACT-D8-GW439_20210201_S146,DMO_20GOWN_BACT-D9-GW439_20210201_S147,2020_to_2020,0
BACT,GW44,2021,2024,DMO_21GOWN_BACT-O19-GW44_20211115_S355,GLC_24GOWN_BACT-P43-GW44_20251021_S294,2021_to_2024,3
BACT,GW449,2019,2022,MDI_19GOWN_BACT-E1-GW449_20200316_S116,DMO_22GOWN_BACT-N15-GW449_20230321_S168,2019_to_2022,3
BACT,GW449,2022,2025,DMO_22GOWN_BACT-N15-GW449_20230321_S168,GLC_25GOWN_BACT-G26-GW449_20251031_S188,2022_to_2025,3
BACT,GW456,2017,2017,ERU_17GOWN_BACT-BE067-GW456_20180807_S91,ERU_17GOWN_BACT-BE068-GW456_20180807_S102,2017_to_2017,0
BACT,GW456,2017,2017,ERU_17GOWN_BACT-BE068-GW456_20180807_S102,ERU_17GOWN_BACT-BE069-GW456_20180807_S83,2017_to_2017,0
BACT,GW456,2017,2025,ERU_17GOWN_BACT-BE069-GW456_20180807_S83,GLC_25GOWN_BACT-G40-GW456_20251031_S202,2017_to_2025,8
BACT,GW50,2024,2024,GLC_24GOWN_BACT-P42a-GW50_20251021_S291,GLC_24GOWN_BACT-P42b-GW50_20251021_S292,2024_to_2024,0
BACT,GW50,2024,2024,GLC_24GOWN_BACT-P42b-GW50_20251021_S292,GLC_24GOWN_BACT-P42c-GW50_20251021_S293,2024_to_2024,0
BACT,GW760,2016,2016,ERU_16GOWN_BACT-BE037-GW760_20180807_S30,ERU_16GOWN_BACT-BE038-GW760_20180807_S37,2016_to_2016,0
BACT,GW760,2016,2017,ERU_16GOWN_BACT-BE038-GW760_20180807_S37,ERU_17GOWN_BACT-BE104-GW760_20180807_S18,2016_to_2017,1
BACT,GW760,2017,2019,ERU_17GOWN_BACT-BE104-GW760_20180807_S18,MDI_19GOWN_BACT-C21-GW760_20200316_S112,2017_to_2019,2
BACT,GW760,2019,2020,MDI_19GOWN_BACT-C21-GW760_20200316_S112,DMO_20GOWN_BACT-A14-GW760_20210201_S131,2019_to_2020,1
BACT,GW760,2020,2021,DMO_20GOWN_BACT-A14-GW760_20210201_S131,DMO_21GOWN_BACT-L5-GW760_20211115_S343,2020_to_2021,1
BACT,GW760,2021,2022,DMO_21GOWN_BACT-L5-GW760_20211115_S343,DMO_22GOWN_BACT-G10-GW760_20230321_S200,2021_to_2022,1
BACT,GW760,2022,2024,DMO_22GOWN_BACT-G10-GW760_20230321_S200,LB_24GOWN_BACT-L27-GW760_20240806_S219,2022_to_2024,2
BACT,GW760,2024,2025,LB_24GOWN_BACT-L27-GW760_20240806_S219,GLC_25GOWN_BACT-G46-GW760_20251031_S208,2024_to_2025,1
BACT,GW931,2024,2025,LB_24GOWN_BACT-L20-GW931_20240806_S212,GLC_25GOWN_BACT-G39-GW931_20251031_S201,2024_to_2025,1
BACT,GW945,2017,2024,ERU_17GOWN_BACT-BE073-GW945_20180807_S74,GLC_24GOWN_BACT-P30-GW945_20251021_S279,2017_to_2024,7
BACT,GW951,2016,2016,ERU_16GOWN_BACT-BE016-GW951_20180807_S155,ERU_16GOWN_BACT-BE016-GW951_20180807_S7,2016_to_2016,0
BACT,GW951,2016,2020,ERU_16GOWN_BACT-BE016-GW951_20180807_S7,DMO_20GOWN_BACT-A7-GW951_20210201_S124,2016_to_2020,4
BACT,GW953,2019,2022,MDI_19GOWN_BACT-E3-GW953_20200316_S118,DMO_22GOWN_BACT-N16-GW953_20230321_S169,2019_to_2022,3
BACT,GW972,2016,2019,ERU_16GOWN_BACT-BE057-GW972_20180807_S17,MDI_19GOWN_BACT-C3-GW972_20200316_S94,2016_to_2019,3
BACT,GW972,2019,2020,MDI_19GOWN_BACT-C3-GW972_20200316_S94,DMO_20GOWN_BACT-A16-GW972_20210201_S133,2019_to_2020,1
BACT,GW972,2020,2021,DMO_20GOWN_BACT-A16-GW972_20210201_S133,DMO_21GOWN_BACT-L3-GW972_20210917_S225,2020_to_2021,1
BACT,GW972,2021,2022,DMO_21GOWN_BACT-L3-GW972_20210917_S225,DMO_22GOWN_BACT-G11-GW972_20230321_S201,2021_to_2022,1
BACT,GW972,2022,2024,DMO_22GOWN_BACT-G11-GW972_20230321_S201,GLC_24GOWN_BACT-P5-GW972_20251021_S101,2022_to_2024,2
BACT,GW980,2017,2019,ERU_17GOWN_BACT-BE128-GW980_20180807_S99,MDI_19GOWN_BACT-C8-GW980_20200316_S99,2017_to_2019,2
BACT,GW980,2019,2020,MDI_19GOWN_BACT-C8-GW980_20200316_S99,DMO_20GOWN_BACT-A12-GW980_20210201_S129,2019_to_2020,1
BACT,GW980,2020,2024,DMO_20GOWN_BACT-A12-GW980_20210201_S129,GLC_24GOWN_BACT-P13-GW980_20251021_S262,2020_to_2024,4
BACT,GW982,2017,2019,ERU_17GOWN_BACT-BE129-GW982_20180807_S135,MDI_19GOWN_BACT-C7-GW982_20200316_S98,2017_to_2019,2
BACT,GW982,2019,2020,MDI_19GOWN_BACT-C7-GW982_20200316_S98,DMO_20GOWN_BACT-A4-GW982_20210201_S121,2019_to_2020,1
BACT,GW982,2020,2024,DMO_20GOWN_BACT-A4-GW982_20210201_S121,GLC_24GOWN_BACT-P18-GW982_20251021_S267,2020_to_2024,4
BACT,GW983,2017,2019,ERU_17GOWN_BACT-BE084-GW983_20180807_S60,MDI_19GOWN_BACT-C5-GW983_20200316_S96,2017_to_2019,2
BACT,GW983,2019,2021,MDI_19GOWN_BACT-C5-GW983_20200316_S96,DMO_21GOWN_BACT-L7-GW983_20211115_S345,2019_to_2021,2
BACT,GW983,2021,2022,DMO_21GOWN_BACT-L7-GW983_20211115_S345,DMO_22GOWN_BACT-G7-GW983_20230321_S197,2021_to_2022,1
BACT,GW983,2022,2024,DMO_22GOWN_BACT-G7-GW983_20230321_S197,GLC_24GOWN_BACT-P21-GW983_20251021_S270,2022_to_2024,2
BACT,GW984,2017,2019,ERU_17GOWN_BACT-BE083-GW984_20180807_S101,MDI_19GOWN_BACT-C2-GW984_20200316_S93,2017_to_2019,2
BACT,GW984,2019,2020,MDI_19GOWN_BACT-C2-GW984_20200316_S93,DMO_20GOWN_BACT-A5-GW984_20210201_S122,2019_to_2020,1
BACT,GW984,2020,2024,DMO_20GOWN_BACT-A5-GW984_20210201_S122,GLC_24GOWN_BACT-P16-GW984_20251021_S265,2020_to_2024,4
BACT,GW985,2016,2017,ERU_16GOWN_BACT-BE010-GW985_20180807_S1,ERU_17GOWN_BACT-BE111-GW985_20180807_S62,2016_to_2017,1
BACT,GW985,2017,2022,ERU_17GOWN_BACT-BE111-GW985_20180807_S62,DMO_22GOWN_BACT-G2-GW985_20230321_S192,2017_to_2022,5
BACT,GW985,2022,2024,DMO_22GOWN_BACT-G2-GW985_20230321_S192,LB_24GOWN_BACT-L34-GW985_20240806_S226,2022_to_2024,2
BACT,GW986,2016,2016,ERU_16GOWN_BACT-BE011-GW986_20180807_S23,ERU_16GOWN_BACT-BE012-GW986_20180807_S4,2016_to_2016,0
BACT,GW986,2016,2016,ERU_16GOWN_BACT-BE012-GW986_20180807_S4,ERU_16GOWN_BACT-BE013-GW986_20180807_S54,2016_to_2016,0
BACT,GW986,2016,2017,ERU_16GOWN_BACT-BE013-GW986_20180807_S54,ERU_17GOWN_BACT-BE121-GW986_20180807_S147,2016_to_2017,1
BACT,GW986,2017,2017,ERU_17GOWN_BACT-BE121-GW986_20180807_S147,ERU_17GOWN_BACT-BE122-GW986_20180807_S142,2017_to_2017,0
BACT,GW986,2017,2017,ERU_17GOWN_BACT-BE122-GW986_20180807_S142,ERU_17GOWN_BACT-BE123-GW986_20180807_S148,2017_to_2017,0
BACT,GW986,2017,2019,ERU_17GOWN_BACT-BE123-GW986_20180807_S148,MDI_19GOWN_BACT-C1-GW986_20200316_S92,2017_to_2019,2
BACT,GW986,2019,2020,MDI_19GOWN_BACT-C1-GW986_20200316_S92,DMO_20GOWN_BACT-A13-GW986_20210201_S130,2019_to_2020,1
BACT,GW986,2020,2021,DMO_20GOWN_BACT-A13-GW986_20210201_S130,DMO_21GOWN_BACT-L1-GW986_20210917_S223,2020_to_2021,1
BACT,GW986,2021,2022,DMO_21GOWN_BACT-L1-GW986_20210917_S223,DMO_22GOWN_BACT-G1-GW986_20230321_S191,2021_to_2022,1
BACT,GW986,2022,2024,DMO_22GOWN_BACT-G1-GW986_20230321_S191,LB_24GOWN_BACT-L37-GW986_20240806_S229,2022_to_2024,2
BACT,GW989,2016,2020,ERU_16GOWN_BACT-BE055-GW989_20180807_S39,DMO_20GOWN_BACT-D10-GW989_20210201_S148,2016_to_2020,4
BACT,GW989,2020,2022,DMO_20GOWN_BACT-D10-GW989_20210201_S148,DMO_22GOWN_BACT-N18-GW989_20230321_S171,2020_to_2022,2
BACT,GW989,2022,2022,DMO_22GOWN_BACT-N18-GW989_20230321_S171,DMO_22GOWN_BACT-N28-GW989_20230321_S181,2022_to_2022,0
BACT,GW989,2022,2023,DMO_22GOWN_BACT-N28-GW989_20230321_S181,LB_23GOWN_BACT-L11-GW989_20240806_S203,2022_to_2023,1
BACT,GW989,2023,2024,LB_23GOWN_BACT-L11-GW989_20240806_S203,GLC_24GOWN_BACT-P19-GW989_20251021_S268,2023_to_2024,1
BACT,GW991,2017,2017,ERU_17GOWN_BACT-BE075-GW991_20180807_S139,ERU_17GOWN_BACT-BE076-GW991_20180807_S140,2017_to_2017,0
BACT,GW991,2017,2017,ERU_17GOWN_BACT-BE076-GW991_20180807_S140,ERU_17GOWN_BACT-BE077-GW991_20180807_S141,2017_to_2017,0
BACT,GW991,2017,2019,ERU_17GOWN_BACT-BE077-GW991_20180807_S141,MDI_19GOWN_BACT-E2-GW991_20200316_S117,2017_to_2019,2
BACT,GW991,2019,2020,MDI_19GOWN_BACT-E2-GW991_20200316_S117,DMO_20GOWN_BACT-D11-GW991_20210201_S149,2019_to_2020,1
BACT,GW991,2020,2022,DMO_20GOWN_BACT-D11-GW991_20210201_S149,DMO_22GOWN_BACT-N19-GW991_20230321_S172,2020_to_2022,2
BACT,GW991,2022,2023,DMO_22GOWN_BACT-N19-GW991_20230321_S172,LB_23GOWN_BACT-L8-GW991_20240806_S200,2022_to_2023,1
BACT,GW991,2023,2024,LB_23GOWN_BACT-L8-GW991_20240806_S200,GLC_24GOWN_BACT-P35-GW991_20251021_S284,2023_to_2024,1
BACT,GW992,2019,2022,MDI_19GOWN_BACT-E4-GW992_20200316_S119,DMO_22GOWN_BACT-N20-GW992_20230321_S173,2019_to_2022,3
BACT,GW992,2022,2023,DMO_22GOWN_BACT-N20-GW992_20230321_S173,LB_23GOWN_BACT-L14-GW992_20240806_S206,2022_to_2023,1
BACT,GW992,2023,2024,LB_23GOWN_BACT-L14-GW992_20240806_S206,GLC_24GOWN_BACT-P26-GW992_20251021_S275,2023_to_2024,1
