Plate_Location,Sample,Day,Setup,DilutionCorr,Rock_Type,REP,Absorbance (640nm),Amount NH3 (mg NH3-N/L),Amount NH3_Dilution_Corr (mg NH3-N/L),Amount_NH3,,,,,,,,,
P1-A7,D0-CL-1,0,CL,1,No_Rocks,1,0.055,-0.087842278,-0.087842278,0,,,,,,,,,
P1-A8,D0-CL-2,0,CL,1,No_Rocks,2,0.056,-0.085651698,-0.085651698,0,,,,,,,,,
P1-A9,D0-CL-3,0,CL,1,No_Rocks,3,0.392,0.650383352,0.650383352,0.650383352,,,,,,,,,
P1-A10,D0-SH-1,0,SH,1,Shale,1,0.242,0.321796276,0.321796276,0.321796276,,,,,,,,,
P1-A11,D0-SH-2,0,SH,1,Shale,2,0.087,-0.017743702,-0.017743702,0,,,,,,,,,
P1-A12,D0-SH-3,0,SH,1,Shale,3,0.106,0.023877327,0.023877327,0.023877327,,,,,,,,,
P1-B1,D0-SA-1,0,SA,1,Sand,1,0.054,-0.090032859,-0.090032859,0,,,,,,,,,
P1-B2,D0-SA-2,0,SA,1,Sand,2,0.175,0.175027382,0.175027382,0.175027382,,,,,,,,,
P1-B3,D0-SA-3,0,SA,1,Sand,3,0.195,0.218838992,0.218838992,0.218838992,,,,,,,,,
P1-B4,D0-CO-1,0,CO,1,Coal,1,0.566,1.031544359,1.031544359,1.031544359,,,,,,,,,
P1-B5,D0-CO-2,0,CO,1,Coal,2,0.622,1.154216867,1.154216867,1.154216867,,,,,,,,,
P1-B6,D0-CO-3,0,CO,1,Coal,3,0.622,1.154216867,1.154216867,1.154216867,,,,,,,,,
P1-B7,D0-SS-1,0,SS,1,Sandstone,1,0.226,0.286746988,0.286746988,0.286746988,,,,,,,,,
P1-B8,D0-SS-2,0,SS,1,Sandstone,2,0.252,0.343702081,0.343702081,0.343702081,,,,,,,,,
P1-B9,D0-SS-3,0,SS,1,Sandstone,3,0.267,0.376560789,0.376560789,0.376560789,,,,,,,,,
P1-B10,D7-CL-1,7,CL,1,No_Rocks,1,0.093,-0.004600219,-0.004600219,0,,,,,,,,,
P1-B11,D7-CL-2,7,CL,1,No_Rocks,2,0.046,-0.107557503,-0.107557503,0,,,,,,,,,
P1-B12,D7-CL-3,7,CL,1,No_Rocks,3,0.047,-0.105366922,-0.105366922,0,,,,,,,,,
P1-C1,D7-SH-1,7,SH,1,Shale,1,0.155,0.131215772,0.131215772,0.131215772,,,,,,,,,
P1-C2,D7-SH-2,7,SH,1,Shale,2,0.063,-0.070317634,-0.070317634,0,,,,,,,,,
P1-C3,D7-SH-3,7,SH,1,Shale,3,0.06,-0.076889376,-0.076889376,0,,,,,,,,,
P1-C4,D7-SA-1,7,SA,1,Sand,1,0.07,-0.054983571,-0.054983571,0,,,,,,,,,
P1-C5,D7-SA-2,7,SA,1,Sand,2,0.071,-0.05279299,-0.05279299,0,,,,,,,,,
P1-C6,D7-SA-3,7,SA,1,Sand,3,0.055,-0.087842278,-0.087842278,0,,,,,,,,,
P1-C7,D7-CO-1,7,CO,1,Coal,1,0.952,1.877108434,1.877108434,1.877108434,,,,,,,,,
P1-C8,D7-CO-2,7,CO,1,Coal,2,0.711,1.349178532,1.349178532,1.349178532,,,,,,,,,
P1-C9,D7-CO-3,7,CO,1,Coal,3,0.921,1.809200438,1.809200438,1.809200438,,,,,,,,,
P1-C10,D7-SS-1,7,SS,1,Sandstone,1,0.094,-0.002409639,-0.002409639,0,,,,,,,,,
P1-C11,D7-SS-2,7,SS,1,Sandstone,2,0.103,0.017305586,0.017305586,0.017305586,,,,,,,,,
P1-C12,D7-SS-3,7,SS,1,Sandstone,3,0.13,0.07645126,0.07645126,0.07645126,,,,,,,,,
P1-D1,D15-CL-1,15,CL,1,No_Rocks,1,0.061,-0.074698795,-0.074698795,0,,,,,,,,,
P1-D2,D15-CL-2,15,CL,1,No_Rocks,2,0.054,-0.090032859,-0.090032859,0,,,,,,,,,
P1-D3,D15-CL-3,15,CL,1,No_Rocks,3,0.06,-0.076889376,-0.076889376,0,,,,,,,,,
P1-D4,D15-SH-1,15,SH,1,Shale,1,0.14,0.098357065,0.098357065,0.098357065,,,,,,,,,
P1-D5,D15-SH-2,15,SH,1,Shale,2,0.084,-0.024315444,-0.024315444,0,,,,,,,,,
P1-D6,D15-SH-3,15,SH,1,Shale,3,0.052,-0.09441402,-0.09441402,0,,,,,,,,,
P1-D7,D15-SA-1,15,SA,1,Sand,1,0.06,-0.076889376,-0.076889376,0,,,,,,,,,
P1-D8,D15-SA-2,15,SA,1,Sand,2,0.074,-0.046221249,-0.046221249,0,,,,,,,,,
P1-D9,D15-SA-3,15,SA,1,Sand,3,0.101,0.012924425,0.012924425,0.012924425,,,,,,,,,
P1-D11,D15-CO-2,15,CO,1,Coal,2,0.897,1.756626506,1.756626506,1.756626506,,,,,,,,,
P1-D12,D15-CO-3,15,CO,1,Coal,3,0.694,1.311938664,1.311938664,1.311938664,,,,,,,,,
P1-E1,D15-SS-1,15,SS,1,Sandstone,1,0.151,0.12245345,0.12245345,0.12245345,,,,,,,,,
P1-E2,D15-SS-2,15,SS,1,Sandstone,2,0.056,-0.085651698,-0.085651698,0,,,,,,,,,
P1-E3,D15-SS-3,15,SS,1,Sandstone,3,0.07,-0.054983571,-0.054983571,0,,,,,,,,,
P1-E4,D21-CL-1,21,CL,1,No_Rocks,1,0.058,-0.081270537,-0.081270537,0,,,,,,,,,
P1-E5,D21-CL-2,21,CL,1,No_Rocks,2,0.057,-0.083461117,-0.083461117,0,,,,,,,,,
P1-E6,D21-CL-3,21,CL,1,No_Rocks,3,0.056,-0.085651698,-0.085651698,0,,,,,,,,,
P1-E7,D21-SH-1,21,SH,1,Shale,1,0.148,0.115881709,0.115881709,0.115881709,,,,,,,,,
P1-E8,D21-SH-2,21,SH,1,Shale,2,0.153,0.126834611,0.126834611,0.126834611,,,,,,,,,
P1-E9,D21-SH-3,21,SH,1,Shale,3,0.146,0.111500548,0.111500548,0.111500548,,,,,,,,,
P1-E10,D21-SA-1,21,SA,1,Sand,1,0.066,-0.063745893,-0.063745893,0,,,,,,,,,
P1-E11,D21-SA-2,21,SA,1,Sand,2,0.078,-0.037458927,-0.037458927,0,,,,,,,,,
P1-E12,D21-SA-3,21,SA,1,Sand,3,0.084,-0.024315444,-0.024315444,0,,,,,,,,,
P1-F1,D21-CO-1,21,CO,1,Coal,1,0.859,1.673384447,1.673384447,1.673384447,,,,,,,,,
P1-F2,D21-CO-2,21,CO,1,Coal,2,0.71,1.346987952,1.346987952,1.346987952,,,,,,,,,
P1-F3,D21-CO-3,21,CO,1,Coal,3,0.686,1.29441402,1.29441402,1.29441402,,,,,,,,,
P1-F4,D21-SS-1,21,SS,1,Sandstone,1,0.172,0.168455641,0.168455641,0.168455641,,,,,,,,,
P1-F5,D21-SS-2,21,SS,1,Sandstone,2,0.17,0.16407448,0.16407448,0.16407448,,,,,,,,,
P1-F6,D21-SS-3,21,SS,1,Sandstone,3,0.19,0.20788609,0.20788609,0.20788609,,,,,,,,,
P1-F7,D28-CL-1,28,CL,1,No_Rocks,1,0.058,-0.081270537,-0.081270537,0,,,,,,,,,
P1-F8,D28-CL-2,28,CL,1,No_Rocks,2,0.052,-0.09441402,-0.09441402,0,,,,,,,,,
P1-F9,D28-CL-3,28,CL,1,No_Rocks,3,0.053,-0.092223439,-0.092223439,0,,,,,,,,,
P1-F10,D28-SH-1,28,SH,1,Shale,1,0.309,0.46856517,0.46856517,0.46856517,,,,,,,,,
P1-F11,D28-SH-2,28,SH,1,Shale,2,0.25,0.33932092,0.33932092,0.33932092,,,,,,,,,
P1-F12,D28-SH-3,28,SH,1,Shale,3,0.303,0.455421687,0.455421687,0.455421687,,,,,,,,,
P1-G1,D28-SA-1,28,SA,1,Sand,1,0.067,-0.061555312,-0.061555312,0,,,,,,,,,
P1-G2,D28-SA-2,28,SA,1,Sand,2,0.076,-0.041840088,-0.041840088,0,,,,,,,,,
P1-G3,D28-SA-3,28,SA,1,Sand,3,0.11,0.03263965,0.03263965,0.03263965,,,,,,,,,
P1-G4,D28-CO-1,28,CO,1,Coal,1,0.73,1.390799562,1.390799562,1.390799562,,,,,,,,,
P1-G5,D28-CO-2,28,CO,1,Coal,2,0.608,1.12354874,1.12354874,1.12354874,,,,,,,,,
P1-G6,D28-CO-3,28,CO,1,Coal,3,0.729,1.388608981,1.388608981,1.388608981,,,,,,,,,
P1-G7,D28-SS-1,28,SS,1,Sandstone,1,0.2,0.229791895,0.229791895,0.229791895,,,,,,,,,
P1-G8,D28-SS-2,28,SS,1,Sandstone,2,0.267,0.376560789,0.376560789,0.376560789,,,,,,,,,
P1-G9,D28-SS-3,28,SS,1,Sandstone,3,0.141,0.100547645,0.100547645,0.100547645,,,,,,,,,
P1-G10,D36-CL-1,36,CL,1,No_Rocks,1,0.057,-0.083461117,-0.083461117,0,,,,,,,,,
P1-G11,D36-CL-2,36,CL,1,No_Rocks,2,0.057,-0.083461117,-0.083461117,0,,,,,,,,,
P1-G12,D36-CL-3,36,CL,1,No_Rocks,3,0.054,-0.090032859,-0.090032859,0,,,,,,,,,
P1-H1,D36-SH-1,36,SH,1,Shale,1,0.26,0.361226725,0.361226725,0.361226725,,,,,,,,,
P1-H2,D36-SH-2,36,SH,1,Shale,2,0.208,0.247316539,0.247316539,0.247316539,,,,,,,,,
P1-H3,D36-SH-3,36,SH,1,Shale,3,0.234,0.304271632,0.304271632,0.304271632,,,,,,,,,
P1-H4,D36-SA-1,36,SA,1,Sand,1,0.068,-0.059364732,-0.059364732,0,,,,,,,,,
P1-H5,D36-SA-2,36,SA,1,Sand,2,0.063,-0.070317634,-0.070317634,0,,,,,,,,,
P1-H6,D36-SA-3,36,SA,1,Sand,3,0.108,0.028258488,0.028258488,0.028258488,,,,,,,,,
P1-H7,D36-CO-1,36,CO,1,Coal,1,0.8,1.544140197,1.544140197,1.544140197,,,,,,,,,
P1-H8,D36-CO-2,36,CO,1,Coal,2,0.886,1.73253012,1.73253012,1.73253012,,,,,,,,,
P1-H9,D36-CO-3,36,CO,1,Coal,3,0.614,1.136692223,1.136692223,1.136692223,,,,,,,,,
P1-H10,D36-SS-1,36,SS,1,Sandstone,1,0.26,0.361226725,0.361226725,0.361226725,,,,,,,,,
P1-H11,D36-SS-2,36,SS,1,Sandstone,2,0.104,0.019496166,0.019496166,0.019496166,,,,,,,,,
P1-H12,D36-SS-3,36,SS,1,Sandstone,3,0.234,0.304271632,0.304271632,0.304271632,,,,,,,,,
P2-A7,D44-CL-1,44,CL,1,No_Rocks,1,0.052,-0.09441402,-0.09441402,0,,,,,,,,,
P2-A8,D44-CL-2,44,CL,1,No_Rocks,2,0.053,-0.092223439,-0.092223439,0,,,,,,,,,
P2-A9,D44-CL-3,44,CL,1,No_Rocks,3,0.05,-0.098795181,-0.098795181,0,,,,,,,,,
P2-A10,D44-SH-1,44,SH,1,Shale,1,0.239,0.315224535,0.315224535,0.315224535,,,,,,,,,
P2-A11,D44-SH-2,44,SH,1,Shale,2,0.242,0.321796276,0.321796276,0.321796276,,,,,,,,,
P2-A12,D44-SH-3,44,SH,1,Shale,3,0.185,0.196933187,0.196933187,0.196933187,,,,,,,,,
P2-B1,D44-SA-1,44,SA,1,Sand,1,0.071,-0.05279299,-0.05279299,0,,,,,,,,,
P2-B2,D44-SA-2,44,SA,1,Sand,2,0.079,-0.035268346,-0.035268346,0,,,,,,,,,
P2-B3,D44-SA-3,44,SA,1,Sand,3,0.094,-0.002409639,-0.002409639,0,,,,,,,,,
P2-B4,D44-CO-1,44,CO,1,Coal,1,0.512,0.913253012,0.913253012,0.913253012,,,,,,,,,
P2-B5,D44-CO-2,44,CO,1,Coal,2,0.568,1.03592552,1.03592552,1.03592552,,,,,,,,,
P2-B6,D44-CO-3,44,CO,1,Coal,3,0.476,0.834392114,0.834392114,0.834392114,,,,,,,,,
P2-B7,D44-SS-1,44,SS,1,Sandstone,1,0.124,0.063307777,0.063307777,0.063307777,,,,,,,,,
P2-B8,D44-SS-2,44,SS,1,Sandstone,2,0.179,0.183789704,0.183789704,0.183789704,,,,,,,,,
P2-B9,D44-SS-3,44,SS,1,Sandstone,3,0.193,0.214457831,0.214457831,0.214457831,,,,,,,,,
P2-B10,D50-CL-1,50,CL,1,No_Rocks,1,0.052,-0.09441402,-0.09441402,0,,,,,,,,,
P2-B11,D50-CL-2,50,CL,1,No_Rocks,2,0.051,-0.0966046,-0.0966046,0,,,,,,,,,
P2-B12,D50-CL-3,50,CL,1,No_Rocks,3,0.05,-0.098795181,-0.098795181,0,,,,,,,,,
P2-C1,D50-SH-1,50,SH,1,Shale,1,0.218,0.269222344,0.269222344,0.269222344,,,,,,,,,
P2-C2,D50-SH-2,50,SH,1,Shale,2,0.165,0.153121577,0.153121577,0.153121577,,,,,,,,,
P2-C3,D50-SH-3,50,SH,1,Shale,3,0.142,0.102738226,0.102738226,0.102738226,,,,,,,,,
P2-C4,D50-SA-1,50,SA,1,Sand,1,0.079,-0.035268346,-0.035268346,0,,,,,,,,,
P2-C5,D50-SA-2,50,SA,1,Sand,2,0.075,-0.044030668,-0.044030668,0,,,,,,,,,
P2-C6,D50-SA-3,50,SA,1,Sand,3,0.104,0.019496166,0.019496166,0.019496166,,,,,,,,,
P2-C7,D50-CO-1,50,CO,1,Coal,1,0.625,1.160788609,1.160788609,1.160788609,,,,,,,,,
P2-C8,D50-CO-2,50,CO,1,Coal,2,0.595,1.095071194,1.095071194,1.095071194,,,,,,,,,
P2-C9,D50-CO-3,50,CO,1,Coal,3,0.471,0.823439211,0.823439211,0.823439211,,,,,,,,,
P2-C10,D50-SS-1,50,SS,1,Sandstone,1,0.172,0.168455641,0.168455641,0.168455641,,,,,,,,,
P2-C11,D50-SS-2,50,SS,1,Sandstone,2,0.138,0.093975904,0.093975904,0.093975904,,,,,,,,,
P2-C12,D50-SS-3,50,SS,1,Sandstone,3,0.162,0.146549836,0.146549836,0.146549836,,,,,,,,,
P2-D1,D56-CL-1,56,CL,1,No_Rocks,1,0.056,-0.085651698,-0.085651698,0,,,,,,,,,
P2-D2,D56-CL-2,56,CL,1,No_Rocks,2,0.056,-0.085651698,-0.085651698,0,,,,,,,,,
P2-D3,D56-CL-3,56,CL,1,No_Rocks,3,0.052,-0.09441402,-0.09441402,0,,,,,,,,,
P2-D4,D56-SH-1,56,SH,1,Shale,1,0.148,0.115881709,0.115881709,0.115881709,,,,,,,,,
P2-D5,D56-SH-2,56,SH,1,Shale,2,0.193,0.214457831,0.214457831,0.214457831,,,,,,,,,
P2-D6,D56-SH-3,56,SH,1,Shale,3,0.233,0.302081051,0.302081051,0.302081051,,,,,,,,,
P2-D7,D56-SA-1,56,SA,1,Sand,1,0.081,-0.030887185,-0.030887185,0,,,,,,,,,
P2-D8,D56-SA-2,56,SA,1,Sand,2,0.072,-0.05060241,-0.05060241,0,,,,,,,,,
P2-D9,D56-SA-3,56,SA,1,Sand,3,0.087,-0.017743702,-0.017743702,0,,,,,,,,,
P2-D10,D56-CO-1,56,CO,1,Coal,1,0.652,1.219934283,1.219934283,1.219934283,,,,,,,,,
P2-D11,D56-CO-2,56,CO,1,Coal,2,0.683,1.287842278,1.287842278,1.287842278,,,,,,,,,
P2-D12,D56-CO-3,56,CO,1,Coal,3,0.444,0.764293538,0.764293538,0.764293538,,,,,,,,,
P2-E1,D56-SS-1,56,SS,1,Sandstone,1,0.121,0.056736035,0.056736035,0.056736035,,,,,,,,,
P2-E2,D56-SS-2,56,SS,1,Sandstone,2,0.119,0.052354874,0.052354874,0.052354874,,,,,,,,,
P2-E3,D56-SS-3,56,SS,1,Sandstone,3,0.125,0.065498357,0.065498357,0.065498357,,,,,,,,,
P2-E4,D65-CL-1,65,CL,1,No_Rocks,1,0.055,-0.087842278,-0.087842278,0,,,,,,,,,
P2-E5,D65-CL-2,65,CL,1,No_Rocks,2,0.054,-0.090032859,-0.090032859,0,,,,,,,,,
P2-E6,D65-CL-3,65,CL,1,No_Rocks,3,0.053,-0.092223439,-0.092223439,0,,,,,,,,,
P2-E7,D65-SH-1,65,SH,1,Shale,1,0.121,0.056736035,0.056736035,0.056736035,,,,,,,,,
P2-E8,D65-SH-2,65,SH,1,Shale,2,0.119,0.052354874,0.052354874,0.052354874,,,,,,,,,
P2-E9,D65-SH-3,65,SH,1,Shale,3,0.117,0.047973713,0.047973713,0.047973713,,,,,,,,,
P2-E10,D65-SA-1,65,SA,1,Sand,1,0.063,-0.070317634,-0.070317634,0,,,,,,,,,
P2-E11,D65-SA-2,65,SA,1,Sand,2,0.067,-0.061555312,-0.061555312,0,,,,,,,,,
P2-E12,D65-SA-3,65,SA,1,Sand,3,0.071,-0.05279299,-0.05279299,0,,,,,,,,,
P2-F1,D65-CO-1,65,CO,1,Coal,1,0.644,1.202409639,1.202409639,1.202409639,,,,,,,,,
P2-F2,D65-CO-2,65,CO,1,Coal,2,0.76,1.456516977,1.456516977,1.456516977,,,,,,,,,
P2-F3,D65-CO-3,65,CO,1,Coal,3,0.708,1.342606791,1.342606791,1.342606791,,,,,,,,,
P2-F4,D65-SS-1,65,SS,1,Sandstone,1,0.156,0.133406353,0.133406353,0.133406353,,,,,,,,,
P2-F5,D65-SS-2,65,SS,1,Sandstone,2,0.135,0.087404162,0.087404162,0.087404162,,,,,,,,,
P2-F6,D65-SS-3,65,SS,1,Sandstone,3,0.153,0.126834611,0.126834611,0.126834611,,,,,,,,,
P2-F7,D73-CL-1,73,CL,1,No_Rocks,1,0.065,-0.065936473,-0.065936473,0,,,,,,,,,
P2-F8,D73-CL-2,73,CL,1,No_Rocks,2,0.056,-0.085651698,-0.085651698,0,,,,,,,,,
P2-F9,D73-CL-3,73,CL,1,No_Rocks,3,0.058,-0.081270537,-0.081270537,0,,,,,,,,,
P2-F10,D73-SH-1,73,SH,1,Shale,1,0.12,0.054545455,0.054545455,0.054545455,,,,,,,,,
P2-F11,D73-SH-2,73,SH,1,Shale,2,0.176,0.177217963,0.177217963,0.177217963,,,,,,,,,
P2-F12,D73-SH-3,73,SH,1,Shale,3,0.183,0.192552026,0.192552026,0.192552026,,,,,,,,,
P2-G1,D73-SA-1,73,SA,1,Sand,1,0.072,-0.05060241,-0.05060241,0,,,,,,,,,
P2-G2,D73-SA-2,73,SA,1,Sand,2,0.078,-0.037458927,-0.037458927,0,,,,,,,,,
P2-G3,D73-SA-3,73,SA,1,Sand,3,0.113,0.039211391,0.039211391,0.039211391,,,,,,,,,
P2-G4,D73-CO-1,73,CO,1,Coal,1,0.306,0.461993428,0.461993428,0.461993428,,,,,,,,,
P2-G5,D73-CO-2,73,CO,1,Coal,2,0.283,0.411610077,0.411610077,0.411610077,,,,,,,,,
P2-G6,D73-CO-3,73,CO,1,Coal,3,0.272,0.387513691,0.387513691,0.387513691,,,,,,,,,
P2-G7,D73-SS-1,73,SS,1,Sandstone,1,0.0121,-0.181818182,-0.181818182,0,,,,,,,,,
P2-G8,D73-SS-2,73,SS,1,Sandstone,2,0.117,0.047973713,0.047973713,0.047973713,,,,,,,,,
P2-G9,D73-SS-3,73,SS,1,Sandstone,3,0.114,0.041401972,0.041401972,0.041401972,,,,,,,,,
P2-G10,D78-CL-1,78,CL,1,No_Rocks,1,0.052,-0.09441402,-0.09441402,0,,,,,,,,,
P2-G11,D78-CL-2,78,CL,1,No_Rocks,2,0.052,-0.09441402,-0.09441402,0,,,,,,,,,
P2-G12,D78-CL-3,78,CL,1,No_Rocks,3,0.054,-0.090032859,-0.090032859,0,,,,,,,,,
P2-H1,D78-SH-1,78,SH,1,Shale,1,0.184,0.194742607,0.194742607,0.194742607,,,,,,,,,
P2-H2,D78-SH-2,78,SH,1,Shale,2,0.149,0.118072289,0.118072289,0.118072289,,,,,,,,,
P2-H3,D78-SH-3,78,SH,1,Shale,3,0.157,0.135596933,0.135596933,0.135596933,,,,,,,,,
P2-H4,D78-SA-1,78,SA,1,Sand,1,0.076,-0.041840088,-0.041840088,0,,,,,,,,,
P2-H5,D78-SA-2,78,SA,1,Sand,2,0.083,-0.026506024,-0.026506024,0,,,,,,,,,
P2-H6,D78-SA-3,78,SA,1,Sand,3,0.076,-0.041840088,-0.041840088,0,,,,,,,,,
P2-H7,D78-CO-1,78,CO,1,Coal,1,0.409,0.68762322,0.68762322,0.68762322,,,,,,,,,
P2-H8,D78-CO-2,78,CO,1,Coal,2,0.357,0.573713034,0.573713034,0.573713034,,,,,,,,,
P2-H9,D78-CO-3,78,CO,1,Coal,3,0.307,0.464184009,0.464184009,0.464184009,,,,,,,,,
P2-H10,D78-SS-1,78,SS,1,Sandstone,1,0.135,0.087404162,0.087404162,0.087404162,,,,,,,,,
P2-H11,D78-SS-2,78,SS,1,Sandstone,2,0.12,0.054545455,0.054545455,0.054545455,,,,,,,,,
P2-H12,D78-SS-3,78,SS,1,Sandstone,3,0.12,0.054545455,0.054545455,0.054545455,,,,,,,,,
P3-A7,D88-CL-1,88,CL,1,No_Rocks,1,0.052,-0.09441402,-0.09441402,0,,,,,,,,,
P3-A8,D88-CL-2,88,CL,1,No_Rocks,2,0.05,-0.098795181,-0.098795181,0,,,,,,,,,
P3-A9,D88-CL-3,88,CL,1,No_Rocks,3,0.051,-0.0966046,-0.0966046,0,,,,,,,,,
P3-A10,D88-SH-1,88,SH,1,Shale,1,0.099,0.008543264,0.008543264,0.008543264,,,,,,,,,
P3-A11,D88-SH-2,88,SH,1,Shale,2,0.102,0.015115005,0.015115005,0.015115005,,,,,,,,,
P3-A12,D88-SH-3,88,SH,1,Shale,3,0.107,0.026067908,0.026067908,0.026067908,,,,,,,,,
P3-B1,D88-SA-1,88,SA,1,Sand,1,0.061,-0.074698795,-0.074698795,0,,,,,,,,,
P3-B2,D88-SA-2,88,SA,1,Sand,2,0.06,-0.076889376,-0.076889376,0,,,,,,,,,
P3-B3,D88-SA-3,88,SA,1,Sand,3,0.047,-0.105366922,-0.105366922,0,,,,,,,,,
P3-B4,D88-CO-1,88,CO,1,Coal,1,0.319,0.490470975,0.490470975,0.490470975,,,,,,,,,
P3-B5,D88-CO-2,88,CO,1,Coal,2,0.362,0.584665936,0.584665936,0.584665936,,,,,,,,,
P3-B6,D88-CO-3,88,CO,1,Coal,3,0.296,0.440087623,0.440087623,0.440087623,,,,,,,,,
P3-B7,D88-SS-1,88,SS,1,Sandstone,1,0.097,0.004162103,0.004162103,0.004162103,,,,,,,,,
P3-B8,D88-SS-2,88,SS,1,Sandstone,2,0.094,-0.002409639,-0.002409639,0,,,,,,,,,
P3-B9,D88-SS-3,88,SS,1,Sandstone,3,0.098,0.006352683,0.006352683,0.006352683,,,,,,,,,
P3-C1,D37-SH-1-PTU,37,SH,1,Shale,1,0.151,0.12245345,0.12245345,0.12245345,,,,,,,,,
P4-E7,D15-CO1-D1,15,CO1,2,Coal,1,0.527,0.94611172,1.892223439,1.892223439,,,,,,,,,
