RetTime,Area,Amt/Area,Amount,Filename,ImageName
1.469,71419.4,1.44807E-06,0.10342,CALIBRATION_POST3_N2020250121_920PM,IMG_20250121_220541
1.467,18876.1,1.44807E-06,0.027334, N2O_20250113_1053AM_100N200AR-CALCURVE,IMG_20250121_221229
1.467,0.1887614,1.44807E-06,0.027334,N2O_20250121_1003PM_40N2060AR-CALCURVE,IMG_20250121_221617
1.465,16088.6,1.44807E-06,0.0232975,N20_20250121_1003PM_25N2075AR-CALCURVE,IMG_20250121_221702
1.464,5819.33008,1.44807E-06,0.00842681,N2O_20250121_1003PM_10N2090AR-CALCCURVE,IMG_20250121_222058
1.463,4123.31445,1.44808E-06,0.005970866,N20_20250121_1003PM_5N2095AR-CALCURVE,IMG_20250121_222435
1.469,-,-,-,N20_20250121_1003PM_0N20100AR-CALCURVE,IMG_20250121_222753
1.469,-,-,-,N20_20250121_1003PM_C1-20250121-1100AM-CTRL,IMG_20250121_223508
1.469,-,-,-,N20_20250121_1003PM_COLNNO1-20250121-1100AM-SAMPL,IMG_20250121_233006
1.469,-,-,-,N20_20250121_1003PM_SHLNNO1-20250121-1100AM-SMPL,IMG_20250122_003109
1.469,-,-,0,N2O_20250121_1003PM_SSNNNO1-20250121-1100AM-SMPL,IMG_20250122_003145
1.465,7.24E+04,1.82E-06,1.00E-01, N2O_20250122_1248PM_100N200AR-CALCURVE,IMG_20250122_130217
1.432,2.90E+04,1.38E-06,4.02E-02,N2O_20250122_1248PM_40N2060AR-CALCURVE,IMG_20250122_130918
1.43,1.72E+04,1.38E-06,2.37E-02,N20_20250122_1248PM_25N2075AR-CALCURVE,IMG_20250122_131537
1.431,5963.527,1.38E-06,8.24E-03,N2O_20250122_1248PM_10N2090AR-CALCCURVE,IMG_20250122_131839
1.43,4302.10986,1.38E-06,5.95E-03,N2O_20250122_1248PM_5N2095AR-CALCCURVE,IMG_20250122_132256
1.434,,-,,N2O_20250122_1248PM_0N20100AR-CALCCURVE,IMG_20250122_132624
2.391,-,-,-,N2O_20250122_1248PM_C1-20250121-1100AM-TRL,IMG_20250122_133031
2.901,-,-,-,N20_20250122_1248PM_COLNNO1-20250121-1100AM-SAMPL,IMG_20250122_133442
0,-,-,-,N20_20250122_1248PM_COLNNO2-20250121-1100AM-SAMPL,IMG_20250122_133815
0, , , ,N20_20250122_1248PM_COLNNO3-20250121-1100AM-SAMPL,IMG_20250122_134119
0, -,-, - ,N20_20250122_1248PM_CONNNO1-20250121-1100AM-SAMPL,IMG_20250122_134514
2.901,-,-,-,N20_20250122_1248PM_CONNNO2-20250121-1100AM-SAMPL,IMG_20250122_134842
0.2,1.34,-,-,N20_20250122_1248PM_CONNNO3-20250121-1100AM-SAMPL,IMG_20250122_135144
0,-,-,-,N20_20250122_1248PM_COLNWO1-20250121-1100AM-SAMPL,IMG_20250122_135515
-,-,-,-,N20_20250122_1248PM_COLNWO2-20250121-1100AM-SAMPL,IMG_20250122_135842
2.901,-,-,-,N20_20250122_1248PM_COLNWO3-20250121-1100AM-SAMPL,IMG_20250122_140121
2.901,-,-,-,N20_20250122_1248PM_SALNNO1-20250121-1100AM-SAMPL,IMG_20250122_145309
0,-,-,H2S,N20_20250122_1248PM_SALNNO2-20250121-1100AM-SAMPL,IMG_20250122_145855
0,-,-,-,N20_20250122_1248PM_SALNNO3-20250121-1100AM-SAMPL,IMG_20250122_150144
1.434,−,−,N2O,N20_20250122_1248PM_SANNO2-20250121-1100AM-SMPL,IMG_20250122_150509
1.434,-,-,-,N2_20250122_1248PM_SANNO3-20250121-1100AM-SAMPL,IMG_20250122_150745
1.434,-,-,-,N20_20250122_1248PM_SALNWO1-20250121-1100AM-SMPL,IMG_20250122_151119
1.434,-,-,-,N2O_20250122_1248PM_SALNWO2-20250121-1100AM-SMPL,IMG_20250122_151434
1.434, -, -, -, N2O_20250122_1248PM_SALNWO3-20250121-1100AM-SMPL,IMG_20250122_151723
1.434,-,-,-,N20_20250122_1248PM_SHLNNO1-20250121-1100AM-SAMPL,IMG_20250122_152615
2.091, , ,H2S,N20_20250122_1248PM_SHLNNO2-20250121-1100AM-SMPL,IMG_20250122_153235
1.434,--,--,N2O,N2O_20250122_1248PM_SHLNNO3-20250121-1100AM-SMPL,IMG_20250122_153546
1.434,-,-,-,N20_20250122_1248PM_SHNNO1-20250121-1100AM-SMPL,IMG_20250122_153846
1.434,-,-,-,N20_20250122_1248PM_SHNNO2-20250121-1100AM-SAMPL,IMG_20250122_154229
1.434,-,-,-,N20_20250122_1248PM_SHNNO3-20250121-1100AM-SAMPL,IMG_20250122_154506
1.434, -, -, -, N2O_20250122_1248PM_SHLNWO1-20250121-1100AM-SMPL,IMG_20250122_154826
1.434,--,--,--,N20_20250122_1248PM_SHLNWO2-20250121-1100AM-SMPL,IMG_20250122_155114
1.434,-,-,-,N2O_20250122_1248PM_SHLNWO3-20250121-1100AM-SAMPL,IMG_20250122_155610
1.434,-,-,-,N2_20250122_1248PM_SSLNNO1-20250121-1100AM-SMPL,IMG_20250122_160328
1.434,-,-,-,N2_20250122_1248PM_SSLNNO2-20250121-1100AM-SMPL,IMG_20250122_160648
1.434,-,-,-,N20_20250122_1248PM_SSLNNO3-20250121-1100AM-SMPL,IMG_20250122_161000
1.434,-,-,-,N2O_20250122_1248PM_SSNNO3-20250121-1100AM-SMPL,IMG_20250122_161252
1.434,-,-,-,N20_20250122_1248PM_SSNNO2-20250121-1100AM-SMPL,IMG_20250122_161547
1.434,-,-,-,N20_20250122_1248PM_SNNNO1-20250121-1100AM-SMPL,IMG_20250122_161835
1.434,-,-,-,N20_20250122_1248PM_SSLNWO3-20250121-1100AM-SMPL,IMG_20250122_162213
1.434,-,-,-,N2_20250122_1248PM_SSLNWO2-20250121-1100AM-SMPL,IMG_20250122_162513
1.434,-,-,-,N20_20250122_1248PM_SSLNWO1-20250121-1100AM-SAMPL,IMG_20250122_162756
1.461,70610.7,1.42279E-06,0.100464,N2_20250125_325PM_100N200AR-CALCURVE,IMG_20250125_155119
1.458,28225.7,1.42279E-06,0.0401594,N20_20250125_325PM_40N2060AR-CALCURVE,IMG_20250125_155753
1.456,15534.4,1.42279E-06,0.0221022,N20_20250125_325PM_25N2075AR-CALCURVE,IMG_20250125_160342
1.455,5757.08545,1.42279E-06,0.00819115,N20_20250125_325PM_10N2090AR-CALCURVE,IMG_20250125_160654
1.453,3877.34204,1.42279E-06,0.00551666,N20_20250125_325PM_SN2095AR-CALCURVE,IMG_20250125_161004
1.446, -, -, -, N2O_20250125_325PM_0N20100AR-CALCURVE,IMG_20250125_161333
1.446,-,-,-,N2O_20250125_325PM_C1-20250121-1100AM-CTRL,IMG_20250125_161852
1.446, -, -, -, N20_20250125_325PM_COLNNO1-20250121-1100AM-SMPL,IMG_20250125_162910
1.446,-,-,-,N20_20250125_325PM_COLNNO2-20250121-1100AM-SMPL,IMG_20250125_163216
1.446,-,-,-,N20_20250125_325PM_COLNNO3-20250121-1100AM-SMPL,IMG_20250125_163504
1.446, -, -, -, N2_20250125_325PM_CONNNO1-20250121-1100AM-SMPI,IMG_20250125_163812
1.446,--,--,N2O,N20_20250125_325PM_CONNNO2-20250121-1100AM-SMPL,IMG_20250125_164111
1.446,--,--,--,N20_20250125_325PM_CONNNO3-20250121-1100AM-SAMPL,IMG_20250125_164357
1.446,--,--,--,N20_20250125_325PM_COLNWO1-20250121-1100AM-SMPL,IMG_20250125_164656
1.446,-,-,-,N20_20250125_325PM_COLNWO2-20250121-1100AM-SMPL,IMG_20250125_164931
1.446, -, -, -, N20_20250125_325PM_COLNW03-20250121-1100AM-SMPL,IMG_20250125_165321
1.441,4293.86963,1.42279E-06,0.00610929,N20_20250125_325PM_SALNNO1-20250121-1100AM-SMPL,IMG_20250125_165625
1.441,2288.06445,1.42279E-06,0.00325544,N20_20250125_325PM_SALNNO2-20250121-1100AM-SMPL,IMG_20250125_165919
1.439,68699.5,1.42279E-06,0.0977452,N20_20250125_325PM_SALNNO3-20250121-1100AM-SMPL,IMG_20250125_170219
1.439,11946.4,1.42279E-06,0.0169972,N20_20250125_325PM_SANNNO1-20250121-1100AM-SMPL,IMG_20250125_170522
1.438,25986.6,1.42279E-06,0.0369651,N2O_20250125_325PM_SANNNO2-20250121-1100AM-SMPL,IMG_20250125_170811
1.438,24132.9,1.42228E-06,0.0343362,N20_20250125_325PM_SANNNO3-20250121-1100AM-SMPL,IMG_20250125_171122
1.438,1255.77136,1.42279E-06,0.0017867,N20_20250125_325PM_SALNWO1-20250121-1100AM-SMPL,IMG_20250125_171411
1.437,2513.70972,1.42279E-06,0.00357649,N20_20250125_325PM_SALNWO2-20250121-1100AM-SMPL,IMG_20250125_171644
1.437,5628.62451,1.42279E-06,0.00800837,N20_20250125_325PM_SALNWO3-20250121-1100AM-SMPL,IMG_20250125_172131
1.436,3891.45166,1.42279E-06,0.00553678, N20_20250125_325PM_SHLNNO1-20250121-1100AM-SMPL,IMG_20250125_172445
1.436,3651.50635,1.42279E-06,0.00519534,N20_20250125_325PM_SHLNNO2-20250121-1100AM-SMPL,IMG_20250125_172733
1.435,3069.80005,1.42279E-06,0.00436769,N20_20250125_325PM_SHLNNO3-20250121-1100AM-SMPL,IMG_20250125_173025
1.435,3260.6626,1.42279E-06,0.00463925,N20_20250125_325PM_SHNNNO1-20250121-1100AM-SMPL,IMG_20250125_173324
1.434,3337.76709,1.42279E-06,0.00474895,N20_20250125_325PM_SHNNNO2-20250121-1100AM-SMPL,IMG_20250125_173617
1.434,2596.06689,1.42279E-06,0.00369367,N20_20250125_325PM_SHNNNO3-20250121-1100AM-SMPL,IMG_20250125_173908
1.434,1045.81372,1.42279E-06,0.00148798,N20_20250125_325PM_SHLNWO1-20250121-1100AM-SMPL,IMG_20250125_174811
1.434,2210.50684,1.42279E-06,0.0031451,N20_20250125_325PM_SHLNWO2-20250121-1100AM-SMPL,IMG_20250125_174846
1.434,1395.30701,1.42279E-06,0.00198523,N20_20250125_325PM_SHLNWO3-20250121-1100AM-SMPL,IMG_20250125_174900
1.433,3103.29346,1.42279E-06,0.00441535,N2O_20250125_325PM_SSLNNO1-20250121-1100AM-SMPL,IMG_20250125_175229
1.432,4393.47559,1.42279E-06,0.00625101,N2O_20250125_325PM_SSLNNO2-20250121-1100AM-SMPL,IMG_20250125_175535
1.432,6575.67432,1.42279E-06,0.00935583,N20_20250125_325PM_SSLNNO3-20250121-1100AM-SMPL,IMG_20250125_175821
1.431,3255.44946,1.42279E-06,0.00463183,N20_20250125_325PM_SSNNNO1-20250121-1100AM-SMPL,IMG_20250125_180122
1.431,4531.95557,1.42279E-06,0.00644804,N20_20250125_325PM_SSNNNO2-20250121-1100AM-SMPL,IMG_20250125_180417
1.431,4601.88088,1.42279E-06,0.00654639,N20_20250125_325PM_SSNNNO3-20250121-1100AM-SAMPL,IMG_20250125_180708
1.43,4316.60693,1.42279E-06,0.00614164,N2O_20250125_325PM_SSLNWO1-20250121-1100AM-SMPL,IMG_20250125_181543
1.429,4455.90674,1.42279E-06,0.00633984,N2O_20250125_325PM_SSLNWO2-20250121-1100AM-SMPL,IMG_20250125_181607
1.429,5585.74756,1.42279E-06,0.00794737,N20_20250125_325PM_SSLNWO3-20250121-1100AM-SMPL,IMG_20250125_181647
RetTime,Area,Amt/Area,Amount,Filename,ImageName
1.438,67126.9,1.48889E-06,0.0999446,N2O_20250123_1045AM_100N200AR-CALCURVE,20250123_180624584_iOS
1.437,26805.2,1.48889E-06,0.0399101,N2O_20250123_1045AM_40N2060AR-CALCURVE,20250123_181125964_iOS
1.435,15717.2,1.48889E-06,0.0234011,N2O_20250123_1045AM_25N2075AR-CALCURVE,20250123_181509512_iOS
1.434,5508.7085,1.48889E-06,0.00820187,N20_20250123_1045AM_10N2O90AR-CALCURVE,20250123_181820948_iOS
1.434,3929.55737,0.00148889,0.00585068,N20_20250123_1045AM_5N2095AR-CALCURVE,20250123_182120922_iOS
1.443, -, -,,N2O_20250123_1045AM_0N20100AR-CALCURVE,20250123_182437938_iOS
1.443,--,--,,N2O_20250123_1045AM_C1-20250121-1100AM-CTRL,20250123_182805532_iOS
1.443, -, -,,N20_20250123_1045AM_COLNNO1-20250121-1100AM-SMPL,20250123_183358147_iOS
1.443,-,-,,N20_20250123_1045AM_COLNNO2-20250121-1100AM-SMPL,20250123_183649881_iOS
1.443,-,-,,N20_20250123_1045AM_COLNNO3-20250121-1100AM-SMPL,20250123_183952660_iOS
1.443,-,-,,N2O_20250123_1045AM_CONNNO1-20250121-1100AM-SMPL,20250123_184259250_iOS
1.443,-,-,,N20_20250123_1045AM_CONNNO2-20250121-1100AM-SMPL,20250123_184543141_iOS
1.443,-,-,,N20_20250123_1045AM_CONNNO3-20250121-1100AM-SMPL,20250123_184919650_iOS
1.443,,,,N2O_20250123_1045AM_COLNWO1-20250121-1100AM-SMPL,
1.443,-,-,0,N2O_20250123_1045AM_COLNWO2-20250121-1100AM-SMPL,20250123_185451973_iOS
1.424, -, -,,N2O_20250123_1045AM_COLNW03-20250121-1100AM-SMPL,20250123_185732901_iOS
1.424,624540,1.48889E-06,0.929872,N20_20250123_1045AM_S1GWMIX-20250109-1100PM-SMPL,20250123_190149897_iOS
1.443,397935,1.48889E-06,0.592482,N20_20250123_1045AM_S2GWMIX-20250109-1100PM-SMPL,20250123_190628716_iOS
1.443,-,-,0,N2O_20250123_1045AM_SALNNO1-20250121-1100AM-SMPL,20250123_190924479_iOS
1.422,,"""-""",0,N2O_20250123_1045AM_SALNNO2-20250121-1100AM-SMPL,20250123_191203571_iOS
1.443,1241.84717,1.48889E-06,0.00184898,N2O_20250123_1045AM_SALNNO3-20250121-1100AM-SMPL,20250123_191506569_iOS
1.443,--,--,0,N2O_20250123_1045AM_SANNO1-20250121-1100AM-SMPL,20250123_191827204_iOS
1.443,-,-,-,N2O_20250123_1045AM_SANNO2-20250121-1100AM-SMPL,20250123_192108575_iOS
1.443,-,-,,N20_20250123_1045AM_SANNNO3-20250121-1100AM-SMPL,20250123_192359794_iOS
1.443,-,-,,N2_20250123_1045AM_SALNWO1-20250121-1100AM-SMPL,20250123_192649573_iOS
1.42,-,-,0,N2O_20250123_1045AM_SALNWO2-20250121-1100AM-SMPL,20250123_192935772_iOS
1.443,262.44208,1.48889E-06,0.000390748,N2O_20250123_1045AM_SALNWO3-20250121-1100AM-SMPL,20250123_193221825_iOS
1.443,-,-,0,N2O_20250123_1045AM_SHLNNO1-20250121-1100AM-SMPL,20250123_193547609_iOS
1.443,-,-,,N2O_20250123_1045AM_SHLNNO2-20250121-1100AM-SMPL,20250123_193826579_iOS
1.443, , ,,N2O_20250123_1045AM_SHLNNO3-20250121-1100AM-SMPL,20250123_194111504_iOS
1.443,--,--,,N20_20250123_1045AM_SHNNNO1-20250121-1100AM-SMPL,20250123_194402088_iOS
1.443,-,-,,N2O_20250123_1045AM_SHNNNO2-20250121-1100AM-SMPL,20250123_194644806_iOS
1.443,-,-,,N20_20250123_1045AM_SHNNNO3-20250121-1100AM-SMPL,20250123_194929318_iOS
1.443,-,--,0,N2O_20250123_1045AM_SHLNWO1-20250121-1100AM-SMPL,20250123_195216786_iOS
1.443,-,-,-,N2O_20250123_1045AM_SHLNWO2-20250121-1100AM-SMPL,20250123_195457870_iOS
1.443, - , - , - ,N2O_20250123_1045AM_SHLNWO3-20250121-1100AM-SMPL,20250123_195739699_iOS
1.443, --, --, --, N20_20250123_1045AM_SSLNNO1-20250121-1100AM-SMPL,20250123_200047296_iOS
1.418,-,-,0, N20_20250123_1045AM_SSLNNO2-20250121-1100AM-SMPL,20250123_200339625_iOS
1.443,230.38358,1.48889E-06,0.000343016, N20_20250123_1045AM_SSLNNO3-20250121-1100AM-SMPL,20250123_200615987_iOS
,,,, N20_20250123_1045AM_SSNNNO1-20250121-1100AM-SMPL,
,,,, N20_20250123_1045AM_SSNNNO2-20250121-1100AM-SMPL,
1.413, -, -, -, N20_20250123_1045AM_SSNNNO3-20250121-1100AM-SMPL,20250123_201419943_iOS
1.417,161.42232,1.48889E-06,0.00024034,N20_20250123_1045AM_SSLNWO1-20250121-1100AM-SMPL,20250123_201706610_iOS
1.416,253.43155,1.48889E-06,0.000377332,N20_20250123_1045AM_SSLNWO2-20250121-1100AM-SMPL,20250123_201950932_iOS
1.446,289.68457,1.48889E-06,0.000431309,N2O_20250123_1045AM_SSLNWO3-20250121-1100AM-SMPL,20250123_202246190_iOS
1.446,70987.1,1.48889E-06,0.105692,CALIBRATION_PRE_N2O20250124_1240PM,20250124_195321726_iOS
1.444,70987.1,1.48889E-06,0.105692,CALIBRATION_PRE_N2025020124_1240PM,20250124_195322299_iOS
1.443,70302.4,1.42279E-06,0.100026,CALIBRATION_POST_N2020250124_1240PM,20250124_195857870_iOS
1.441,70007.4,1.42279E-06,0.0996061,N20_20250124_1240PM_100N200AR-CALCURVE,20250124_200233332_iOS
1.44,27653.3,1.42279E-06,0.039345,N20_20250124_1240PM_40N2O60AR-CALCURVE,20250124_200707904_iOS
1.439,16000,0.0142279,0.0227647,N2O_202502124_1240PM_25N2075AR-CALCURVE,20250124_201044093_iOS
1.439,5684.68115,1.4228E-06,0.00808813,N2O_20250124_1240PM_10N2090AR-CALCURVE,20250124_201335690_iOS
1.446,4062.47925,1.42279E-06,0.0057807,N2O_20250124_1240PM_5N209SAR-CALCURVE,20250124_201625441_iOS
1.446,-,-,-,N2O_20250124_1240PM_0N20100AR-CALCURVE,20250124_201915242_iOS
1.446,-,-,-,N2O_20250124_1240PM_C1-20250121-1100AM-CTRL,20250124_202239666_iOS
1.446,-,-,0,N2O_20250124_1240PM_COLNNO1-20250121-1100AM-SMPL,20250124_202614852_iOS
1.446,--,--,,N2O_20250124_1240PM_COLNNO2-20250121-1100AM-SMPL,20250124_202921487_iOS
1.446,-,-,-,N2O_20250124_1240PM_COLNNO2-20250121-1100AM-SMPL,20250124_202921744_iOS
1.446,-,-,0,N20_20250124_1240PM_COLNNO3-20250121-1100AM-SMPL,20250124_203205917_iOS
1.446,--,--,--,N20_20250124_1240PM_CONNNO1-20250121-1100AM-SMPL,20250124_203455183_iOS
1.446,-,-,0,N20_20250124_1240PM_CONNNO2-20250121-1100AM-SMPL,20250124_203737028_iOS
1.446,-,-,-,N2_20250124_1240PM_CONNNO3-20250121-1100AM-SMPL,20250124_204017839_iOS
1.446, -, -, -, N2O_20250124_1240PM_COLNWO1-20250121-1100AM-SMPL,20250124_204323109_iOS
1.446,-,-,0,N2O_20250124_1248PM_COLNWO2-20250121-1100AM-SMPL,20250124_204603101_iOS
1.431,-,-,-,N2O_20250124_1240PM_COLNWO3-20250121-1100AM-SAMPL,20250124_204847133_iOS
1.431,1936.27527,1.42279E-06,0.00275492,N20_20250124_1240PM_SALNNO1-20250121-1100AM-SMPL,20250124_205212117_iOS
1.43,1464.2157,1.42279E-06,0.00208328,N20_20250124_1240PM_SALNNO2-20250121-1100AM-SMPL,20250124_205505085_iOS
1.429,53974.24,1.42279E-06,0.0767941, N20_20250124_1240PM_SALNNO3-20250121-1100AM-SMPL,20250124_205757472_iOS
1.429,8998.49219,1.42279E-06,0.0126607,N20_20250124_1240PM_SANNNO1-20250121-1100AM-SMPL,20250124_210044046_iOS
1.429,21658.8,1.42279E-06,0.000816,N2O_20250124_1240PM_SANNNO2-20250121-1100AM-SMPL,20250124_210323883_iOS
1.425,19708.2,1.42279E-06,0.080407,N2O_20250124_1240PM_SANNNO3-20250121-1100AM-SMPL,20250124_210601436_iOS
1.428,363.80322,1.42279E-06,0.000517617,N2O_20250124_1240PM_SALNWO1-20250121-1100AM-SM,20250124_210844122_iOS
1.428,698.31586,1.42279E-06,0.000993559,N2O_20250124_1240PM_SALNWO2-20250121-1100AM-SMPL,20250124_211126363_iOS
1.426,2874.18188,1.42279E-06,0.00408937,N2O_20250124_1240PM_SALNWO3-20250121-1100AM-SMPL,20250124_211401577_iOS
1.426,1106.96741,1.42279E-06,0.00157499,N2O_20250124_1240PM_SHLNNO1-20250121-1100AM-SAMPL,20250124_211648960_iOS
1.427,731.2973,1.42279E-06,0.0014049,N2O_20250124_1240PM_SHLNNO2-20250121-1100AM-SAMPL,20250124_211929405_iOS
1.426,764.68115,1.42279E-06,0.00108798,N2O_20250124_1240PM_SHLNNO3-20250121-1100AM-SAMPL,20250124_212220303_iOS
1.425,520.32758,1.42279E-06,0.000740319,N2O_20250124_1240PM_SHNNNO1-20250121-1100AM-SMPL,20250124_212505663_iOS
1.426,1475.41614,1.42279E-06,0.00289921,N2O_20250124_1240PM_SHNNNO2-20250121-1100AM-SMPL,20250124_212748010_iOS
1.428,564.52722,1.42279E-06,0.000803206,N2O_20250124_1240PM_SHNNNO3-20250121-1100AM-SMPL,20250124_213026849_iOS
1.429,197.8158,1.42279E-06,0.000281451,N2O_20250124_1240PM_SHLNWO1-20250121-1100AM-SMPL,20250124_213310709_iOS
1.426,349.39853,1.42279E-06,0.000497122,N2O_20250124_1240PM_SHLNWO2-20250121-1100AM-SMPL,20250124_213549744_iOS
1.424,520.37488,1.42279E-06,0.000740386,N2O_20250124_1240PM_SHLNWO3-20250121-1100AM-SMPL,20250124_213858132_iOS
1.425,1182.22095,1.42279E-06,0.001682,N2O_20250124_1240PM_SSLNNO1-20250121-1100AM-SMPL,20250124_214147474_iOS
1.423,1627.72949,1.4228E-06,0.00231592,N2O_20250124_1240PM_SSLNNO2-20250121-1100AM-SMPL,20250124_214439855_iOS
1.423,2457.58594,1.42279E-06,0.00349664,N2O_20250124_1240PM_SSLNNO3-20250121-1100AM-SMPL,20250124_214720549_iOS
1.422,2457.58594,1.42279E-06,0.00349664,N2O_20250124_1240PM_SSLNNO3-20250121-1100AM-SMPL,20250124_214721432_iOS
2.091,1282.65466,1.4228E-06,0.00132495,N20_20250124_1240PM_SNNNO1-20250121-1100AM-SMPL,20250124_215005998_iOS
1.422,-,-,,N20_20250124_1240PM_SNNNO2-20250121-1100AM-SMPL,20250124_215257091_iOS
1.423,1694.09302,1.42279E-06,0.00241034,N20_20250124_1240PM_SNNNO3-20250121-1100AM-SMPL,20250124_215532216_iOS
1.421,1671.0835,1.42279E-06,0.00237761,N2O_20250124_1240PM_SSLNWO1-20250121-1100AM-SMPL,20250124_215814949_iOS
1.422,1781.62634,1.42279E-06,0.00253489,N2O_20250124_1240PM_SSLNWO2-20250121-1100AM-SMPL,20250124_220052665_iOS
1.499,2107.8418,1.42279E-06,0.00299902,N2O_20250124_1240PM_SSLNWO3-20250121-1100AM-SMPL,20250124_220337747_iOS
1.494,70622.66,1.4228E-06,0.100481,CALIBRATION_PRE_N2020250127_1200PM,20250127_190515508_iOS
1.491,70509.9,1.43014E-06,0.100839,CALIBRATION_POST_N2020250127_1200PM,20250127_190935451_iOS
1.491,67432.3,1.43014E-06,0.0964374,N20_20250127_1200PM_100N200AR-CALCURVE,20250127_191212741_iOS
1.488,27931,1.43014E-06,0.0399452, N2O_20250127_1200PM_40N2060AR-CALCURVE,20250127_191522417_iOS
1.488,16299.1,0.0143014,0.02331,N20_20250127_1200PM_25N2075AR-CALCURVE,20250127_191829412_iOS
1.486,5698.2876,1.43014E-06,0.00814933,N20_20250127_1200PM_10N2090AR-CALCURVE,20250127_192159186_iOS
1.499,4085.08423,1.43015E-06,0.00584223, N20_20250127_1200PM_5N2095AR-CALCURVE,20250127_192453033_iOS
1.499,-,-,-,N20_20250127_1200PM_0N20100AR-CALCURVE,20250127_192740908_iOS
1.499,-,-,-,N2O_20250121_1100AM-CTRL,20250127_193119977_iOS
1.499,-,-,,N2O_20250127_1200PM_COLNNO1-20250121-1100AM-SMPL,20250127_193431591_iOS
1.499, -, -,,N2O_20250127_1200PM_COLNNO2-20250121-1100AM-SMPL,20250127_193724300_iOS
1.499,-,-,,N2O_20250127_1200PM_COLNNO3-20250121-1100AM-SMPL,20250127_194015972_iOS
2.091,-,-,,N2O_20250127_1200PM_CONNNO1-20250121-1100AM-SMPL,20250127_194306140_iOS
1.499,-,-,,N2O_20250127_1200PM_CONNNO2-20250121-1100AM-SMPL,20250127_194639657_iOS
1.499,-,-,,N2O_20250127_1200PM_CONNNO3-20250121-1100AM-SMPL,20250127_194935168_iOS
1.499,-,-,,N20_20250127_1200PM_COLNWO1-20250121-1100AM-SMPL,20250127_195227677_iOS
1.499,-,-,,N20_20250127_1200PM_COLNWO2-20250121-1100AM-SMPL,20250127_195515297_iOS
1.472,-,-,,N2_20250127_1200PM_COLNWO3-20250121-1100AM-SAMPL,20250127_195802152_iOS
1.471,12689.3,1.43014E-06,0.0181474,N2O_20250127_1200PM_SALNN01-20250121-1100AM-SMPL,20250127_200105255_iOS
1.512,6821.42188,1.43014E-06,0.0097557, N20_20250127_1200PM_SALNN02-20250121-1100AM-SMPL,20250127_200352241_iOS
1.507,70402.4,1.43014E-06,0.100685,CALIBRATION_PRE_N2020250129_220PM,20250129_213231678_iOS
1.504,70343.5,1.43461E-06,0.100916,CALIBRATION_POST_N2020250129_220PM,20250129_213543594_iOS
1.502,70053,1.43461E-06,0.00495,N20_202502129_220PM100N200AR-CALCURVE,20250129_213833944_iOS
1.501,29000.1,1.43461E-06,0.0416038,N2O_20250129_220PM_40N2060AR-CALCURVE,20250129_214129422_iOS
1.499,16304.9,1.43461E-06,0.0233911,N20_20250129_220PM_25N2075AR-CALCURVE,20250129_214422110_iOS
1.497,5731.98438,1.43461E-06,0.00822316,N20_20250129_220PM_10N2090AR-CALCURVE,20250129_214718437_iOS
1.512,4100.92676,1.43461E-06,0.00588323, N20_20250129_220PM_5N2095AR-CALCURVE,20250129_215002870_iOS
1.512,-,-,-, N20_20250129_220PM_0N20100AR-CALCURVE,20250129_215246132_iOS
1.512,-,-,-, N20_20250129_220PM_C1-20250121-1100AM-CTRL,20250129_215550172_iOS
1.512, -, -,, N20_20250129_220PM_COLNNO1-20250121-1100AM-SMPL,20250129_215854471_iOS
1.512,-,-,,N2O_20250129_220PM_COLNNO2-20250121-1100AM-SMPL,20250129_220143407_iOS
1.512,-,-,,N20_20250129_228PM_COLNNO3-20250121-1100AM-SMPL,20250129_220430572_iOS
1.512,-,-,,N2O_20250129_220PM_CONNNO1-20250121-1100AM-SAMPL,20250129_220723965_iOS
1.512,-,-,,N2O_20250129_220PM_CONNNO2-20250121-1100AM-SAMPL,20250129_221012805_iOS
1.512,--,--,,N20_20250129_220PM_CONNNO3-20250121-1100AM-SAMPL,20250129_221352898_iOS
1.512,-,-,,N2O_20250129_220PM_COLNWO1-20250121-1100AM-SMPL,20250129_221649811_iOS
1.512,-,-,,N20_20250129_220PM_COLNWO2-20250121-1100AM-SMPL,20250129_221940647_iOS
1.484,-,-,,N20_20250129_228PM_COLNWO3-20250121-1100AM-SMPL,20250129_222228720_iOS
1.483,32944.64,1.43462E-06,0.0472626,N2O_20250129_220PM_SALNNO1-20250121-1100AM-SMPL,20250129_222527061_iOS
1.482,60574.1,1.43461E-06,0.0869002,N20_20250129_220PM_SALNNO2-20250121-1100AM-SMPL,20250129_222810973_iOS
1.482,543268,1.43462E-06,0.779378,N20_20250129_220PM_SALNNO3-20250121-1100AM-SMPL,20250129_223058142_iOS
1.481,97040,1.43461E-06,0.139215,N20_20250129_220PM_SANNNO1-20250121-1100AM-SMPL,20250129_223406593_iOS
1.48,105860,0.143461,0.151867,N20_20250129_220PM_SANNNO2-20250121-1100AM-SMPL,20250129_223659934_iOS
1.48,96851.4,1.43461E-06,0.138944,N20_20250129_220PM_SANNNO3-20250121-1100AM-SMPL,20250129_224002476_iOS
1.479,23369.1,1.43462E-06,0.0335255,N2O_20250129_220PM_SALNWO1-20250121-1100AM-SMPL,20250129_224309033_iOS
1.479,50910.4,1.43461E-06,0.0730366,N20_20250129_220PM_SALNWO2-20250121-1100AM-SAMPL,20250129_224612263_iOS
1.478,86010.4,0.001434616,0.123391,N2O_20250129_220PM_SALNWO3-20250121-1100AM-SMPL,20250129_224854876_iOS
1.477,21535.6,1.43461E-06,0.0308952,N2O_20250129_220PM_SHLNNO1-20250121-1100AM-SMPL,20250129_225158559_iOS
1.476,26558.7,1.43461E-06,0.0381013,N2O_20250129_220PM_SHLNNO2-20250121-1100AM-SMPL,20250129_225445026_iOS
1.475,25430.74,1.43461E-06,0.0364832,N2O_20250129_220PM_SHLNNO3-20250121-1100AM-SMPL,20250129_225735559_iOS
1.474,23846.5,1.43461E-06,0.0342104,N20_20250129_220PM_SHNNNO1-20250121-1100AM-SMPL,20250129_230014922_iOS
1.475,22539.8,1.43461E-06,3.23E-02,N20_20250129_220PM_SHNNNO2-20250121-1100AM-SMPL,20250129_230253273_iOS
1.474,20447.2,1.43462E-06,0.0293338,N20_20250129_220PM_SHNNNO3-20250121-1100AM-SMPL,20250129_230533536_iOS
1.473,10452.7,1.43462E-06,1.50E-02,N20_20250129_220PM_SHLNWO1-20250121-1100AM-SMPL,20250129_230818397_iOS
1.472,19890.6,1.43462E-06,0.028532,N20_20250129_220PM_SHLNWO2-20250121-1100AM-SMPL,20250129_231107040_iOS
1.473,28121.2,1.43461E-06,0.0403429,N20_20250129_220PM_SHLNWO3-20250121-1100AM-SMPL,20250129_231350243_iOS
1.471,13397.4,1.43461E-06,0.0192201,N2O_20250129_220PM_SSLNNO1-20250121-1100AM-SMPL,20250129_231634752_iOS
1.471,20204.7,1.43461E-06,0.0289859,N2O_20250129_220PM_SSLNNO2-20250121-1100AM-SMPL,20250129_231913729_iOS
1.470 BB,33406.1,1.43461E-06,0.0479248,N2O_20250129_220PM_SSLNNO3-20250121-1100AM-SMPL,20250129_232148287_iOS
1.47,20968.5,1.43461E-06,0.0300816,N20_20250129_220PM_SNNNO1-20250121-1100AM-SMPL,20250129_232430596_iOS
1.469,31396.2,1.43462E-06,0.0450414,N20_20250129_220PM_SNNNO2-20250121-1100AM-SMPL,20250129_232711991_iOS
1.47,23955.88,1.43461E-06,0.0343715,N20_20250129_220PM_SNNNO3-20250121-1100AM-SMPL,20250129_232949373_iOS
1.468,22266,1.43461E-06,0.0319431,N2O_20250129_220PM_SSLNWO1-20250121-1100AM-SMPL,20250129_233238456_iOS
1.468,20240.1,1.43461E-06,0.029036,N2O_20250129_220PM_SSLNWO2-20250121-1100AM-SMPL,20250129_233520177_iOS
,23503.4,1.43461E-06,0.0337182,N2O_20250129_220PM_SSLNWO3-20250121-1100AM-SMPL,20250129_233756666_iOS
RetTime,Area,Amt/Area,Amount,Filename,ImageName
1.469,285659,1.43014E-06,0.408531,N2O_20250127_1200PM_SALNNO3-20250121-1100AM-SMPL,IMG_20250127_130914
1.47,28203.3,1.43014E-06,0.0403346,N20_20250127_1200PM_SANNN01-20250121-1100AM-SMPL,IMG_20250127_131242
1.469,42080.9,1.43014E-06,0.0601815,N20_20250127_1200PM_SANNNO2-20250121-1100AM-SMPL,IMG_20250127_131559
1.468,38652.6,1.43014E-06,0.0552785,N20_20250127_1200PM_SANNNO3-20250121-1100AM-SMPL,IMG_20250127_131906
1.467,5244.03223,1.43014E-06,0.00749969,N20_20250127_1200PM_SALNWO1-20250121-1100AM-SMPL,IMG_20250127_132224
1.467,14655,1.43014E-06,0.0209587,N2O_20250127_1200PM_SALNWO2-20250121-1100AM-SMPL,IMG_20250127_132546
1.465,36144.4,1.43014E-06,0.0516914,N20_20250127_1200PM_SALNWO3-20250121-1100AM-SAMPL,IMG_20250127_132912
1.464,10784,1.43014E-06,0.0154226, N20_20250127_1200PM_SHLNNO1-20250121-1100AM-SMPL,IMG_20250127_133257
1.464,11345.5,1.43014E-06,0.0162256,N20_20250127_1200PM_SHLNNO2-20250121-1100AM-SMPL,IMG_20250127_133703
1.462,9386.28516,1.43014E-06,0.0134237,N20_20250127_1200PM_SHLNNO3-20250121-1100AM-SMPL,IMG_20250127_133957
1.463,10382.9,1.43014E-06,0.014849, N20_20250127_1200PM_SHNNNO1-20259121-1100AM-SMPL,IMG_20250127_134341
1.461,8693.45996,1.43014E-06,0.0124328,N2O_20250127_1200PM_SHNNNO2-20250121-1100AM-SMPL,IMG_20250127_134655
1.461,8641.37109,1.43014E-06,0.0123583,N20_20250127_1200PM_SHNNNO3-20250121-1100AM-SAMPL,IMG_20250127_135014
1.46,3398.91284,1.43014E-06,0.00486091,N20_20250127_1200PM_SHLNWO1-20250121-1100AM-SAMPL,IMG_20250127_135341
1.46,7322.8335,1.43014E-06,0.0104727,N20_20250127_1200PM_SHLNWO2-20250121-1100AM-SAMPL,IMG_20250127_135710
1.458,5579.7041,1.43014E-06,0.00797974,N20_20250127_1200PM_SHLNWO3-20250121-1100AM-SAMPL,IMG_20250127_140016
1.458,7958.13232,1.43014E-06,0.0113812,N20_20250127_1200PM_SSLNNO1-20250121-1100AM-SAMPL,IMG_20250127_140500
1.458,11129.8,1.43014E-06,0.0159172,N20_20250127_1200PM_SSLNNO2-20250121-1100AM-SMPL,IMG_20250127_140816
1.457,16676.2,1.43014E-06,0.0238493,N20_20250127_1200PM_SSLNNO3-20250121-1100AM-SMPL,IMG_20250127_141142
1.455,8298.63281,1.43014E-06,0.0118682,N20_20250127_1200PM_SSNNNO1-20250121-1100AM-SMPL,IMG_20250127_141432
1.455,12717.1,1.43014E-06,0.0181872,N20_20250127_1200PM_SSNNNO2-20250121-1100AM-SMPL,IMG_20250127_141734
1.455,11515.5,1.43014E-06,0.0164688,N20_20250127_1200PM_SSNNNO3-20250121-1100AM-SMPL,IMG_20250127_142147
1.454,11233.6,1.43014E-06,0.0160655,N20_20250127_1200PM_SSLNWO1-20250121-1100AM-SMPL,IMG_20250127_142524
1.453,11047,1.43014E-06,0.0157987,N2_20250127_1200PM_SSLNWO2-20250121-1100AM-SMPL,IMG_20250127_142810
1.453,14069.4,1.43014E-06,0.0201211, N20_20250127_1200PM_SSLNWO3-20250121-1100AM-SAMPL,IMG_20250127_143204
