R1_file,R2_file,R1_reads,R2_reads,Match
GLC_22GOWN_SHMG-GW218-G47-20251210__R1_GTACCACA-TGTTGTGG.fastq.gz,GLC_22GOWN_SHMG-GW218-G47-20251210__R2_GTACCACA-TGTTGTGG.fastq.gz,22544443,22544443,OK
GLC_22GOWN_SHMG-GW760-G46-20251210__R1_CAACACAG-TGGCTATC.fastq.gz,GLC_22GOWN_SHMG-GW760-G46-20251210__R2_CAACACAG-TGGCTATC.fastq.gz,19590250,19590250,OK
GLC_23GOWN_SHMG-GW176-L17-20251210__R1_CACTAGAC-AGTCCTCA.fastq.gz,GLC_23GOWN_SHMG-GW176-L17-20251210__R2_CACTAGAC-AGTCCTCA.fastq.gz,25385207,25385207,OK
GLC_23GOWN_SHMG-GW178-L06-20251210__R1_GCCACGAC-ACCCGAGG.fastq.gz,GLC_23GOWN_SHMG-GW178-L06-20251210__R2_GCCACGAC-ACCCGAGG.fastq.gz,26285548,26285548,OK
GLC_23GOWN_SHMG-GW265-L05-20251210__R1_CTTGACGA-TTGTGTGC.fastq.gz,GLC_23GOWN_SHMG-GW265-L05-20251210__R2_CTTGACGA-TTGTGTGC.fastq.gz,25435729,25435729,OK
GLC_23GOWN_SHMG-GW381-L07-20251210__R1_TCTGGAAC-AGGTGCTA.fastq.gz,GLC_23GOWN_SHMG-GW381-L07-20251210__R2_TCTGGAAC-AGGTGCTA.fastq.gz,61622880,61622880,OK
GLC_23GOWN_SHMG-GW389-L01-20251210__R1_ACCGGAGT-CCTTCCTT.fastq.gz,GLC_23GOWN_SHMG-GW389-L01-20251210__R2_ACCGGAGT-CCTTCCTT.fastq.gz,32639591,32639591,OK
GLC_24GOWN_SHMG-GW1119-P56-20251210__R1_CACAGACT-TGGTACAG.fastq.gz,GLC_24GOWN_SHMG-GW1119-P56-20251210__R2_CACAGACT-TGGTACAG.fastq.gz,31445161,31445161,OK
GLC_24GOWN_SHMG-GW114-L48-20251210__R1_CAACCGAG-CACAGGTA.fastq.gz,GLC_24GOWN_SHMG-GW114-L48-20251210__R2_CAACCGAG-CACAGGTA.fastq.gz,19441653,19441653,OK
GLC_24GOWN_SHMG-GW1143-P28-20251210__R1_GTCCTAAG-TGGTAGCT.fastq.gz,GLC_24GOWN_SHMG-GW1143-P28-20251210__R2_GTCCTAAG-TGGTAGCT.fastq.gz,25832126,25832126,OK
GLC_24GOWN_SHMG-GW1144-P32-20251210__R1_TGCGTAAC-GATAGGCT.fastq.gz,GLC_24GOWN_SHMG-GW1144-P32-20251210__R2_TGCGTAAC-GATAGGCT.fastq.gz,22577271,22577271,OK
GLC_24GOWN_SHMG-GW1145-P62-20251210__R1_CGCTCTTA-ACGGTATG.fastq.gz,GLC_24GOWN_SHMG-GW1145-P62-20251210__R2_CGCTCTTA-ACGGTATG.fastq.gz,25998844,25998844,OK
GLC_24GOWN_SHMG-GW1150-P39-20251210__R1_CCATCCGC-TACGCCTT.fastq.gz,GLC_24GOWN_SHMG-GW1150-P39-20251210__R2_CCATCCGC-TACGCCTT.fastq.gz,13136341,13136341,OK
GLC_24GOWN_SHMG-GW1151-P36-20251210__R1_GAATCACC-CTTCGTTC.fastq.gz,GLC_24GOWN_SHMG-GW1151-P36-20251210__R2_GAATCACC-CTTCGTTC.fastq.gz,24265940,24265940,OK
GLC_24GOWN_SHMG-GW117-P14-20251210__R1_GGAAGAGA-TTCTCTCG.fastq.gz,GLC_24GOWN_SHMG-GW117-P14-20251210__R2_GGAAGAGA-TTCTCTCG.fastq.gz,28693788,28693788,OK
GLC_24GOWN_SHMG-GW148-P64-20251210__R1_CTGAGCTC-GCTCTGAT.fastq.gz,GLC_24GOWN_SHMG-GW148-P64-20251210__R2_CTGAGCTC-GCTCTGAT.fastq.gz,21031305,21031305,OK
GLC_24GOWN_SHMG-GW150-P09-20251210__R1_CACTGTAG-AGTCGCTT.fastq.gz,GLC_24GOWN_SHMG-GW150-P09-20251210__R2_CACTGTAG-AGTCGCTT.fastq.gz,23610529,23610529,OK
GLC_24GOWN_SHMG-GW160-P15-20251210__R1_TCGGATTC-TAGTTGCG.fastq.gz,GLC_24GOWN_SHMG-GW160-P15-20251210__R2_TCGGATTC-TAGTTGCG.fastq.gz,27819303,27819303,OK
GLC_24GOWN_SHMG-GW162-P20-20251210__R1_GAGAGTAC-TGCTTCCA.fastq.gz,GLC_24GOWN_SHMG-GW162-P20-20251210__R2_GAGAGTAC-TGCTTCCA.fastq.gz,24255146,24255146,OK
GLC_24GOWN_SHMG-GW192-P04-20251210__R1_TCATCTCC-CTAGCAAG.fastq.gz,GLC_24GOWN_SHMG-GW192-P04-20251210__R2_TCATCTCC-CTAGCAAG.fastq.gz,30020286,30020286,OK
GLC_24GOWN_SHMG-GW193-P08-20251210__R1_GAACGAAG-GGTGATTC.fastq.gz,GLC_24GOWN_SHMG-GW193-P08-20251210__R2_GAACGAAG-GGTGATTC.fastq.gz,25307711,25307711,OK
GLC_24GOWN_SHMG-GW200-P22-20251210__R1_TCTACGCA-GGCTATTG.fastq.gz,GLC_24GOWN_SHMG-GW200-P22-20251210__R2_TCTACGCA-GGCTATTG.fastq.gz,25593729,25593729,OK
GLC_24GOWN_SHMG-GW218-L42-20251210__R1_CCTATGCA-ATCGACTC.fastq.gz,GLC_24GOWN_SHMG-GW218-L42-20251210__R2_CCTATGCA-ATCGACTC.fastq.gz,46175629,46175629,OK
GLC_24GOWN_SHMG-GW222-P01-20251210__R1_AGTGACCT-CTCCTAGA.fastq.gz,GLC_24GOWN_SHMG-GW222-P01-20251210__R2_AGTGACCT-CTCCTAGA.fastq.gz,33526305,33526305,OK
GLC_24GOWN_SHMG-GW229-L24-20251210__R1_TTGCGTTA-TTCGGGAA.fastq.gz,GLC_24GOWN_SHMG-GW229-L24-20251210__R2_TTGCGTTA-TTCGGGAA.fastq.gz,23353383,23353383,OK
GLC_24GOWN_SHMG-GW230-L32-20251210__R1_CTTGCATA-GAAGAGGT.fastq.gz,GLC_24GOWN_SHMG-GW230-L32-20251210__R2_CTTGCATA-GAAGAGGT.fastq.gz,24155106,24155106,OK
GLC_24GOWN_SHMG-GW238-P55-20251210__R1_AGCTACCA-CTTAGGAC.fastq.gz,GLC_24GOWN_SHMG-GW238-P55-20251210__R2_AGCTACCA-CTTAGGAC.fastq.gz,5353889,5353889,OK
GLC_24GOWN_SHMG-GW239-P49-20251210__R1_AACACCAC-CTCACACC.fastq.gz,GLC_24GOWN_SHMG-GW239-P49-20251210__R2_AACACCAC-CTCACACC.fastq.gz,18349698,18349698,OK
GLC_24GOWN_SHMG-GW242-P25-20251210__R1_GGCAAGTT-CTTCTGAG.fastq.gz,GLC_24GOWN_SHMG-GW242-P25-20251210__R2_GGCAAGTT-CTTCTGAG.fastq.gz,5452225,5452225,OK
GLC_24GOWN_SHMG-GW243-P29-20251210__R1_GCGTTAGA-GTATGCTG.fastq.gz,GLC_24GOWN_SHMG-GW243-P29-20251210__R2_GCGTTAGA-GTATGCTG.fastq.gz,24171714,24171714,OK
GLC_24GOWN_SHMG-GW244-P31-20251210__R1_TCTAGGAG-AGGTCACT.fastq.gz,GLC_24GOWN_SHMG-GW244-P31-20251210__R2_TCTAGGAG-AGGTCACT.fastq.gz,31108094,31108094,OK
GLC_24GOWN_SHMG-GW246-P33-20251210__R1_CTTGCTAG-GGAGATGA.fastq.gz,GLC_24GOWN_SHMG-GW246-P33-20251210__R2_CTTGCTAG-GGAGATGA.fastq.gz,48734130,48734130,OK
GLC_24GOWN_SHMG-GW247-P24-20251210__R1_CTCAGAAG-AACTTGCC.fastq.gz,GLC_24GOWN_SHMG-GW247-P24-20251210__R2_CTCAGAAG-AACTTGCC.fastq.gz,25992407,25992407,OK
GLC_24GOWN_SHMG-GW248-P41-20251210__R1_GGTGTGAG-GTGGTGTT.fastq.gz,GLC_24GOWN_SHMG-GW248-P41-20251210__R2_GGTGTGAG-GTGGTGTT.fastq.gz,4049415,4049415,OK
GLC_24GOWN_SHMG-GW250-P02-20251210__R1_AGCCTATC-GTTACGCA.fastq.gz,GLC_24GOWN_SHMG-GW250-P02-20251210__R2_AGCCTATC-GTTACGCA.fastq.gz,27253917,27253917,OK
GLC_24GOWN_SHMG-GW265-L52-20251210__R1_TGTTCGCC-TCCTACCT.fastq.gz,GLC_24GOWN_SHMG-GW265-L52-20251210__R2_TGTTCGCC-TCCTACCT.fastq.gz,29275231,29275231,OK
GLC_24GOWN_SHMG-GW267-L62-20251210__R1_ACACGACT-CTGCGGAT.fastq.gz,GLC_24GOWN_SHMG-GW267-L62-20251210__R2_ACACGACT-CTGCGGAT.fastq.gz,28838771,28838771,OK
GLC_24GOWN_SHMG-GW273-P54-20251210__R1_CGCAACTA-GAATCCGA.fastq.gz,GLC_24GOWN_SHMG-GW273-P54-20251210__R2_CGCAACTA-GAATCCGA.fastq.gz,24512145,24512145,OK
GLC_24GOWN_SHMG-GW275-P48-20251210__R1_GTAAGGTG-GCAATTCG.fastq.gz,GLC_24GOWN_SHMG-GW275-P48-20251210__R2_GTAAGGTG-GCAATTCG.fastq.gz,21332082,21332082,OK
GLC_24GOWN_SHMG-GW276-L58-20251210__R1_ACAAGGCA-TTGCGCGA.fastq.gz,GLC_24GOWN_SHMG-GW276-L58-20251210__R2_ACAAGGCA-TTGCGCGA.fastq.gz,30278426,30278426,OK
GLC_24GOWN_SHMG-GW277-P51-20251210__R1_GTCCGATC-GGATTGGC.fastq.gz,GLC_24GOWN_SHMG-GW277-P51-20251210__R2_GTCCGATC-GGATTGGC.fastq.gz,34361595,34361595,OK
GLC_24GOWN_SHMG-GW3010-P38-20251210__R1_CCTGTCAA-ACAGCCAT.fastq.gz,GLC_24GOWN_SHMG-GW3010-P38-20251210__R2_CCTGTCAA-ACAGCCAT.fastq.gz,31609185,31609185,OK
GLC_24GOWN_SHMG-GW3016-P07-20251210__R1_TTGCGAGA-GTGCCATA.fastq.gz,GLC_24GOWN_SHMG-GW3016-P07-20251210__R2_TTGCGAGA-GTGCCATA.fastq.gz,30775747,30775747,OK
GLC_24GOWN_SHMG-GW3022-P17-20251210__R1_CATTATGG-ATGTGACT.fastq.gz,GLC_24GOWN_SHMG-GW3022-P17-20251210__R2_CATTATGG-ATGTGACT.fastq.gz,26373310,26373310,OK
GLC_24GOWN_SHMG-GW3026-P06-20251210__R1_ACGATATG-GAATTGTC.fastq.gz,GLC_24GOWN_SHMG-GW3026-P06-20251210__R2_ACGATATG-GAATTGTC.fastq.gz,20816218,20816218,OK
GLC_24GOWN_SHMG-GW3098-P45-20251210__R1_CTTTCCCT-AGTAAGCC.fastq.gz,GLC_24GOWN_SHMG-GW3098-P45-20251210__R2_CTTTCCCT-AGTAAGCC.fastq.gz,39982809,39982809,OK
GLC_24GOWN_SHMG-GW3103-P11-20251210__R1_GTGCACGA-GCCTATCA.fastq.gz,GLC_24GOWN_SHMG-GW3103-P11-20251210__R2_GTGCACGA-GCCTATCA.fastq.gz,25684795,25684795,OK
GLC_24GOWN_SHMG-GW311-P63-20251210__R1_CAATAGCC-TGCGTAGA.fastq.gz,GLC_24GOWN_SHMG-GW311-P63-20251210__R2_CAATAGCC-TGCGTAGA.fastq.gz,29038272,29038272,OK
GLC_24GOWN_SHMG-GW312-P40-20251210__R1_CAGCATAC-TCTAACGC.fastq.gz,GLC_24GOWN_SHMG-GW312-P40-20251210__R2_CAGCATAC-TCTAACGC.fastq.gz,24800583,24800583,OK
GLC_24GOWN_SHMG-GW313-P37-20251210__R1_ATCCGCAG-AGTCGTGT.fastq.gz,GLC_24GOWN_SHMG-GW313-P37-20251210__R2_ATCCGCAG-AGTCGTGT.fastq.gz,7106688,7106688,OK
GLC_24GOWN_SHMG-GW333-P61-20251210__R1_TGGAAGCA-GTACTCTC.fastq.gz,GLC_24GOWN_SHMG-GW333-P61-20251210__R2_TGGAAGCA-GTACTCTC.fastq.gz,24955512,24955512,OK
GLC_24GOWN_SHMG-GW339-P12-20251210__R1_CGAATTGC-CACCTTAC.fastq.gz,GLC_24GOWN_SHMG-GW339-P12-20251210__R2_CGAATTGC-CACCTTAC.fastq.gz,30352278,30352278,OK
GLC_24GOWN_SHMG-GW369-P47-20251210__R1_TGATAGGC-ACTCAGAC.fastq.gz,GLC_24GOWN_SHMG-GW369-P47-20251210__R2_TGATAGGC-ACTCAGAC.fastq.gz,10512243,10512243,OK
GLC_24GOWN_SHMG-GW379-P52-20251210__R1_GAGGACCA-ACCGGCAT.fastq.gz,GLC_24GOWN_SHMG-GW379-P52-20251210__R2_GAGGACCA-ACCGGCAT.fastq.gz,31483248,31483248,OK
GLC_24GOWN_SHMG-GW381-P50-20251210__R1_ACCTCTTC-TATGCAAG.fastq.gz,GLC_24GOWN_SHMG-GW381-P50-20251210__R2_ACCTCTTC-TATGCAAG.fastq.gz,22304431,22304431,OK
GLC_24GOWN_SHMG-GW387-P44-20251210__R1_CCTTTCAC-AAACAAGA.fastq.gz,GLC_24GOWN_SHMG-GW387-P44-20251210__R2_CCTTTCAC-AAACAAGA.fastq.gz,83619904,83619904,OK
GLC_24GOWN_SHMG-GW389-P53-20251210__R1_CGAGAGAA-TCTCTTCC.fastq.gz,GLC_24GOWN_SHMG-GW389-P53-20251210__R2_CGAGAGAA-TCTCTTCC.fastq.gz,23082379,23082379,OK
GLC_24GOWN_SHMG-GW44-P43-20251210__R1_AGTCACAT-CCATAATG.fastq.gz,GLC_24GOWN_SHMG-GW44-P43-20251210__R2_AGTCACAT-CCATAATG.fastq.gz,36877889,36877889,OK
GLC_24GOWN_SHMG-GW50-P42-20251210__R1_TCAGCGCC-AGGAACAT.fastq.gz,GLC_24GOWN_SHMG-GW50-P42-20251210__R2_TCAGCGCC-AGGAACAT.fastq.gz,28336563,28336563,OK
GLC_24GOWN_SHMG-GW890-L56-20251210__R1_GACAATTC-CATATCGT.fastq.gz,GLC_24GOWN_SHMG-GW890-L56-20251210__R2_GACAATTC-CATATCGT.fastq.gz,32043309,32043309,OK
GLC_24GOWN_SHMG-GW945-P30-20251210__R1_AAGCGACT-GGATTCGT.fastq.gz,GLC_24GOWN_SHMG-GW945-P30-20251210__R2_AAGCGACT-GGATTCGT.fastq.gz,20763213,20763213,OK
GLC_24GOWN_SHMG-GW949-P23-20251210__R1_GCAATTCC-TGTTCGAG.fastq.gz,GLC_24GOWN_SHMG-GW949-P23-20251210__R2_GCAATTCC-TGTTCGAG.fastq.gz,27882091,27882091,OK
GLC_24GOWN_SHMG-GW950-P34-20251210__R1_AGCGAGAT-GATACTGG.fastq.gz,GLC_24GOWN_SHMG-GW950-P34-20251210__R2_AGCGAGAT-GATACTGG.fastq.gz,21030365,21030365,OK
GLC_24GOWN_SHMG-GW972-P05-20251210__R1_CCAGTATC-ATCTCGCT.fastq.gz,GLC_24GOWN_SHMG-GW972-P05-20251210__R2_CCAGTATC-ATCTCGCT.fastq.gz,26548764,26548764,OK
GLC_24GOWN_SHMG-GW980-P13-20251210__R1_CTCGAACA-GGAATTGC.fastq.gz,GLC_24GOWN_SHMG-GW980-P13-20251210__R2_CTCGAACA-GGAATTGC.fastq.gz,52607491,52607491,OK
GLC_24GOWN_SHMG-GW982-P18-20251210__R1_CTGTACCA-AGTCTGTG.fastq.gz,GLC_24GOWN_SHMG-GW982-P18-20251210__R2_CTGTACCA-AGTCTGTG.fastq.gz,18874884,18874884,OK
GLC_24GOWN_SHMG-GW983-P21-20251210__R1_GGCTTACT-AGGGAAAG.fastq.gz,GLC_24GOWN_SHMG-GW983-P21-20251210__R2_GGCTTACT-AGGGAAAG.fastq.gz,19284179,19284179,OK
GLC_24GOWN_SHMG-GW984-P16-20251210__R1_ATGTTCCT-GGCGCTGA.fastq.gz,GLC_24GOWN_SHMG-GW984-P16-20251210__R2_ATGTTCCT-GGCGCTGA.fastq.gz,22258125,22258125,OK
GLC_24GOWN_SHMG-GW986-L37-20251210__R1_GCCAATCC-GATCGGAC.fastq.gz,GLC_24GOWN_SHMG-GW986-L37-20251210__R2_GCCAATCC-GATCGGAC.fastq.gz,11647665,11647665,OK
GLC_24GOWN_SHMG-GW989-P19-20251210__R1_TCTTGTTT-GTGAAAGG.fastq.gz,GLC_24GOWN_SHMG-GW989-P19-20251210__R2_TCTTGTTT-GTGAAAGG.fastq.gz,31945249,31945249,OK
GLC_24GOWN_SHMG-GW991-P35-20251210__R1_TATGGCAC-TCTCGCAA.fastq.gz,GLC_24GOWN_SHMG-GW991-P35-20251210__R2_TATGGCAC-TCTCGCAA.fastq.gz,41460569,41460569,OK
GLC_25GOWN_SHMG-GW101-G05-20251210__R1_GTCCTTGA-TCAGACGA.fastq.gz,GLC_25GOWN_SHMG-GW101-G05-20251210__R2_GTCCTTGA-TCAGACGA.fastq.gz,8171741,8171741,OK
GLC_25GOWN_SHMG-GW107-G62-20251210__R1_TATGACGT-GATTAGCG.fastq.gz,GLC_25GOWN_SHMG-GW107-G62-20251210__R2_TATGACGT-GATTAGCG.fastq.gz,25019290,25019290,OK
GLC_25GOWN_SHMG-GW109-G04-20251210__R1_AGACCTTG-GCACGTAA.fastq.gz,GLC_25GOWN_SHMG-GW109-G04-20251210__R2_AGACCTTG-GCACGTAA.fastq.gz,37932162,37932162,OK
GLC_25GOWN_SHMG-GW112-G03-20251210__R1_CAAGGTAC-GAGATACG.fastq.gz,GLC_25GOWN_SHMG-GW112-G03-20251210__R2_CAAGGTAC-GAGATACG.fastq.gz,32452833,32452833,OK
GLC_25GOWN_SHMG-GW113-G70-20251210__R1_AGAACCAG-AGAGTCGG.fastq.gz,GLC_25GOWN_SHMG-GW113-G70-20251210__R2_AGAACCAG-AGAGTCGG.fastq.gz,24921658,24921658,OK
GLC_25GOWN_SHMG-GW114-G12-20251210__R1_GGTATAGG-CTGGAGTA.fastq.gz,GLC_25GOWN_SHMG-GW114-G12-20251210__R2_GGTATAGG-CTGGAGTA.fastq.gz,1402612,1402612,OK
GLC_25GOWN_SHMG-GW117-G52-20251210__R1_GATATGAA-CTGCCGTA.fastq.gz,GLC_25GOWN_SHMG-GW117-G52-20251210__R2_GATATGAA-CTGCCGTA.fastq.gz,25877249,25877249,OK
GLC_25GOWN_SHMG-GW143-G27-20251210__R1_GACGTCAT-TCAACTGG.fastq.gz,GLC_25GOWN_SHMG-GW143-G27-20251210__R2_GACGTCAT-TCAACTGG.fastq.gz,10986876,10986876,OK
GLC_25GOWN_SHMG-GW144-G53-20251210__R1_AAGTGTGG-GATGGGCA.fastq.gz,GLC_25GOWN_SHMG-GW144-G53-20251210__R2_AAGTGTGG-GATGGGCA.fastq.gz,17176820,17176820,OK
GLC_25GOWN_SHMG-GW146-G02-20251210__R1_CGAATACG-GTCGGTAA.fastq.gz,GLC_25GOWN_SHMG-GW146-G02-20251210__R2_CGAATACG-GTCGGTAA.fastq.gz,5863396,5863396,OK
GLC_25GOWN_SHMG-GW148-G30-20251210__R1_ATAACGCC-TGAACCTG.fastq.gz,GLC_25GOWN_SHMG-GW148-G30-20251210__R2_ATAACGCC-TGAACCTG.fastq.gz,4009702,4009702,OK
GLC_25GOWN_SHMG-GW162-G41-20251210__R1_AGACGCTA-TGTACACC.fastq.gz,GLC_25GOWN_SHMG-GW162-G41-20251210__R2_AGACGCTA-TGTACACC.fastq.gz,19321091,19321091,OK
GLC_25GOWN_SHMG-GW175-G19-20251210__R1_AGGATAGC-AACCTTGG.fastq.gz,GLC_25GOWN_SHMG-GW175-G19-20251210__R2_AGGATAGC-AACCTTGG.fastq.gz,40425086,40425086,OK
GLC_25GOWN_SHMG-GW176-G29-20251210__R1_GTCGATTG-ACGGTCTT.fastq.gz,GLC_25GOWN_SHMG-GW176-G29-20251210__R2_GTCGATTG-ACGGTCTT.fastq.gz,10799097,10799097,OK
GLC_25GOWN_SHMG-GW178-G28-20251210__R1_CCGCTTAA-ACGATGAC.fastq.gz,GLC_25GOWN_SHMG-GW178-G28-20251210__R2_CCGCTTAA-ACGATGAC.fastq.gz,47621395,47621395,OK
GLC_25GOWN_SHMG-GW212-G71-20251210__R1_ATTGGACA-TCCAGCAA.fastq.gz,GLC_25GOWN_SHMG-GW212-G71-20251210__R2_ATTGGACA-TCCAGCAA.fastq.gz,42005562,42005562,OK
GLC_25GOWN_SHMG-GW214-G66-20251210__R1_AGAAGCCT-ATACTGAC.fastq.gz,GLC_25GOWN_SHMG-GW214-G66-20251210__R2_AGAAGCCT-ATACTGAC.fastq.gz,46525976,46525976,OK
GLC_25GOWN_SHMG-GW217-G48-20251210__R1_ACGAATCC-TGGGTAAT.fastq.gz,GLC_25GOWN_SHMG-GW217-G48-20251210__R2_ACGAATCC-TGGGTAAT.fastq.gz,23989723,23989723,OK
GLC_25GOWN_SHMG-GW222-G10-20251210__R1_GAATCCGT-TGGAGTTG.fastq.gz,GLC_25GOWN_SHMG-GW222-G10-20251210__R2_GAATCCGT-TGGAGTTG.fastq.gz,33687820,33687820,OK
GLC_25GOWN_SHMG-GW234-G57-20251210__R1_GACTTGTG-TCGTGCAC.fastq.gz,GLC_25GOWN_SHMG-GW234-G57-20251210__R2_GACTTGTG-TCGTGCAC.fastq.gz,22486376,22486376,OK
GLC_25GOWN_SHMG-GW235-G58-20251210__R1_CAGGTAAG-ATTTCGAG.fastq.gz,GLC_25GOWN_SHMG-GW235-G58-20251210__R2_CAGGTAAG-ATTTCGAG.fastq.gz,38332061,38332061,OK
GLC_25GOWN_SHMG-GW237-G33-20251210__R1_AACCAGAG-AACCGAAG.fastq.gz,GLC_25GOWN_SHMG-GW237-G33-20251210__R2_AACCAGAG-AACCGAAG.fastq.gz,8350395,8350395,OK
GLC_25GOWN_SHMG-GW265NG1-G01-20251210__R1_TTACCGAC-CGTATTCG.fastq.gz,GLC_25GOWN_SHMG-GW265NG1-G01-20251210__R2_TTACCGAC-CGTATTCG.fastq.gz,16852632,16852632,OK
GLC_25GOWN_SHMG-GW265NG5-G01-20251210__R1_AAGACCGT-CAATCGAC.fastq.gz,GLC_25GOWN_SHMG-GW265NG5-G01-20251210__R2_AAGACCGT-CAATCGAC.fastq.gz,43133079,43133079,OK
GLC_25GOWN_SHMG-GW267-G34-20251210__R1_GTCAGTCA-TAATGCCG.fastq.gz,GLC_25GOWN_SHMG-GW267-G34-20251210__R2_GTCAGTCA-TAATGCCG.fastq.gz,7303051,7303051,OK
GLC_25GOWN_SHMG-GW275-G09-20251210__R1_GTAACCGA-GGTGTCTT.fastq.gz,GLC_25GOWN_SHMG-GW275-G09-20251210__R2_GTAACCGA-GGTGTCTT.fastq.gz,21544907,21544907,OK
GLC_25GOWN_SHMG-GW277-G07-20251210__R1_TAGGAGCT-GTTAAGGC.fastq.gz,GLC_25GOWN_SHMG-GW277-G07-20251210__R2_TAGGAGCT-GTTAAGGC.fastq.gz,23230384,23230384,OK
GLC_25GOWN_SHMG-GW278-G59-20251210__R1_AAGGAGAC-GTTGTGAG.fastq.gz,GLC_25GOWN_SHMG-GW278-G59-20251210__R2_AAGGAGAC-GTTGTGAG.fastq.gz,28601488,28601488,OK
GLC_25GOWN_SHMG-GW281-G08-20251210__R1_GTCGTTAC-GCTTAGCT.fastq.gz,GLC_25GOWN_SHMG-GW281-G08-20251210__R2_GTCGTTAC-GCTTAGCT.fastq.gz,33062990,33062990,OK
GLC_25GOWN_SHMG-GW289-G68-20251210__R1_TGTGTCAG-TACAGGTG.fastq.gz,GLC_25GOWN_SHMG-GW289-G68-20251210__R2_TGTGTCAG-TACAGGTG.fastq.gz,29618761,29618761,OK
GLC_25GOWN_SHMG-GW294-G35-20251210__R1_CCTTCCAT-ATTGCGTG.fastq.gz,GLC_25GOWN_SHMG-GW294-G35-20251210__R2_CCTTCCAT-ATTGCGTG.fastq.gz,3751671,3751671,OK
GLC_25GOWN_SHMG-GW295-G43-20251210__R1_GCCTTAAC-AGCTCCTA.fastq.gz,GLC_25GOWN_SHMG-GW295-G43-20251210__R2_GCCTTAAC-AGCTCCTA.fastq.gz,5669518,5669518,OK
GLC_25GOWN_SHMG-GW301-G51-20251210__R1_TGTCACAC-CGAGATTA.fastq.gz,GLC_25GOWN_SHMG-GW301-G51-20251210__R2_TGTCACAC-CGAGATTA.fastq.gz,23000921,23000921,OK
GLC_25GOWN_SHMG-GW3010-G72-20251210__R1_ACCCGTTG-CGAAGCTG.fastq.gz,GLC_25GOWN_SHMG-GW3010-G72-20251210__R2_ACCCGTTG-CGAAGCTG.fastq.gz,32459387,32459387,OK
GLC_25GOWN_SHMG-GW3021-G36-20251210__R1_AGGAACAC-GACATTCC.fastq.gz,GLC_25GOWN_SHMG-GW3021-G36-20251210__R2_AGGAACAC-GACATTCC.fastq.gz,4997845,4997845,OK
GLC_25GOWN_SHMG-GW3050-G11-20251210__R1_CATGAGCA-GCAAGATC.fastq.gz,GLC_25GOWN_SHMG-GW3050-G11-20251210__R2_CATGAGCA-GCAAGATC.fastq.gz,29652752,29652752,OK
GLC_25GOWN_SHMG-GW310-G63-20251210__R1_TTGGGTAC-GTTGGAAG.fastq.gz,GLC_25GOWN_SHMG-GW310-G63-20251210__R2_TTGGGTAC-GTTGGAAG.fastq.gz,29108685,29108685,OK
GLC_25GOWN_SHMG-GW3103-G20-20251210__R1_CAGTGCTT-ACCTGGAA.fastq.gz,GLC_25GOWN_SHMG-GW3103-G20-20251210__R2_CAGTGCTT-ACCTGGAA.fastq.gz,3840518,3840518,OK
GLC_25GOWN_SHMG-GW3104-G55-20251210__R1_TAGCTGGC-AGCCGGTA.fastq.gz,GLC_25GOWN_SHMG-GW3104-G55-20251210__R2_TAGCTGGC-AGCCGGTA.fastq.gz,25526536,25526536,OK
GLC_25GOWN_SHMG-GW312-G60-20251210__R1_AGTCAGGT-GTGGTTAC.fastq.gz,GLC_25GOWN_SHMG-GW312-G60-20251210__R2_AGTCAGGT-GTGGTTAC.fastq.gz,34552322,34552322,OK
GLC_25GOWN_SHMG-GW313-G61-20251210__R1_ACCGTAAG-TGGATATG.fastq.gz,GLC_25GOWN_SHMG-GW313-G61-20251210__R2_ACCGTAAG-TGGATATG.fastq.gz,24633803,24633803,OK
GLC_25GOWN_SHMG-GW314-G64-20251210__R1_TTCAATAG-TCGTGGGA.fastq.gz,GLC_25GOWN_SHMG-GW314-G64-20251210__R2_TTCAATAG-TCGTGGGA.fastq.gz,23818978,23818978,OK
GLC_25GOWN_SHMG-GW328-G14-20251210__R1_CTTAGGAC-CAGTGAAG.fastq.gz,GLC_25GOWN_SHMG-GW328-G14-20251210__R2_CTTAGGAC-CAGTGAAG.fastq.gz,38574591,38574591,OK
GLC_25GOWN_SHMG-GW332NG1-G06-20251210__R1_TACTCCAG-CCTATACC.fastq.gz,GLC_25GOWN_SHMG-GW332NG1-G06-20251210__R2_TACTCCAG-CCTATACC.fastq.gz,13650437,13650437,OK
GLC_25GOWN_SHMG-GW332NG5-G06-20251210__R1_CAGGTTCA-GGCGTTAT.fastq.gz,GLC_25GOWN_SHMG-GW332NG5-G06-20251210__R2_CAGGTTCA-GGCGTTAT.fastq.gz,33067968,33067968,OK
GLC_25GOWN_SHMG-GW333-G56-20251210__R1_ATTACCCA-CTACAGTG.fastq.gz,GLC_25GOWN_SHMG-GW333-G56-20251210__R2_ATTACCCA-CTACAGTG.fastq.gz,34310660,34310660,OK
GLC_25GOWN_SHMG-GW339-G31-20251210__R1_GACGAACT-TCGCATTG.fastq.gz,GLC_25GOWN_SHMG-GW339-G31-20251210__R2_GACGAACT-TCGCATTG.fastq.gz,35892744,35892744,OK
GLC_25GOWN_SHMG-GW340-G16-20251210__R1_ATCTGACC-AAGTCGAG.fastq.gz,GLC_25GOWN_SHMG-GW340-G16-20251210__R2_ATCTGACC-AAGTCGAG.fastq.gz,34385717,34385717,OK
GLC_25GOWN_SHMG-GW374-G23-20251210__R1_GGAGGAAT-AACCGTTC.fastq.gz,GLC_25GOWN_SHMG-GW374-G23-20251210__R2_GGAGGAAT-AACCGTTC.fastq.gz,33583560,33583560,OK
GLC_25GOWN_SHMG-GW376-G32-20251210__R1_TCCACGTT-GTTCAACC.fastq.gz,GLC_25GOWN_SHMG-GW376-G32-20251210__R2_TCCACGTT-GTTCAACC.fastq.gz,32041053,32041053,OK
GLC_25GOWN_SHMG-GW381-G65-20251210__R1_GTTTGCTC-CTGTTGGT.fastq.gz,GLC_25GOWN_SHMG-GW381-G65-20251210__R2_GTTTGCTC-CTGTTGGT.fastq.gz,19738274,19738274,OK
GLC_25GOWN_SHMG-GW386-G50-20251210__R1_CCTAAACT-CTCCTCGT.fastq.gz,GLC_25GOWN_SHMG-GW386-G50-20251210__R2_CCTAAACT-CTCCTCGT.fastq.gz,24649940,24649940,OK
GLC_25GOWN_SHMG-GW387-G67-20251210__R1_CTAGGTTG-GCTCGAAT.fastq.gz,GLC_25GOWN_SHMG-GW387-G67-20251210__R2_CTAGGTTG-GCTCGAAT.fastq.gz,46165526,46165526,OK
GLC_25GOWN_SHMG-GW4016-G37-20251210__R1_CTTACAGC-CTTCACCA.fastq.gz,GLC_25GOWN_SHMG-GW4016-G37-20251210__R2_CTTACAGC-CTTCACCA.fastq.gz,8012999,8012999,OK
GLC_25GOWN_SHMG-GW429-G22-20251210__R1_TCCATTGC-AGACCGTA.fastq.gz,GLC_25GOWN_SHMG-GW429-G22-20251210__R2_TCCATTGC-AGACCGTA.fastq.gz,429674,429674,OK
GLC_25GOWN_SHMG-GW626-G18-20251210__R1_TCCTCATG-AGGTGTAC.fastq.gz,GLC_25GOWN_SHMG-GW626-G18-20251210__R2_TCCTCATG-AGGTGTAC.fastq.gz,31333267,31333267,OK
GLC_25GOWN_SHMG-GW759-G54-20251210__R1_GTTGGCGT-GACTGCTG.fastq.gz,GLC_25GOWN_SHMG-GW759-G54-20251210__R2_GTTGGCGT-GACTGCTG.fastq.gz,25442685,25442685,OK
GLC_25GOWN_SHMG-GW764-G49-20251210__R1_GTCTGAGT-CACAAGTC.fastq.gz,GLC_25GOWN_SHMG-GW764-G49-20251210__R2_GTCTGAGT-CACAAGTC.fastq.gz,21194272,21194272,OK
GLC_25GOWN_SHMG-GW931-G39-20251210__R1_TACCTGCA-TGATGTCC.fastq.gz,GLC_25GOWN_SHMG-GW931-G39-20251210__R2_TACCTGCA-TGATGTCC.fastq.gz,30222174,30222174,OK
MLA_25MESO_SHMG-CO1-D88-M76-SED-20251201__R1_CCAAGGTT-GCTATCCT.fastq.gz,MLA_25MESO_SHMG-CO1-D88-M76-SED-20251201__R2_CCAAGGTT-GCTATCCT.fastq.gz,24468409,24468409,OK
MLA_25MESO_SHMG-CO2-D88-M77-SED-20251201__R1_GAACGGTT-ATTCCTCC.fastq.gz,MLA_25MESO_SHMG-CO2-D88-M77-SED-20251201__R2_GAACGGTT-ATTCCTCC.fastq.gz,18135596,18135596,OK
MLA_25MESO_SHMG-CO3-D88-M78-SED-20251201__R1_CCAGTTGA-ATGACGTC.fastq.gz,MLA_25MESO_SHMG-CO3-D88-M78-SED-20251201__R2_CCAGTTGA-ATGACGTC.fastq.gz,28433545,28433545,OK
MLA_25MESO_SHMG-SA1-D88-M67-SED-20251201__R1_CGTATCTC-GTACCTTG.fastq.gz,MLA_25MESO_SHMG-SA1-D88-M67-SED-20251201__R2_CGTATCTC-GTACCTTG.fastq.gz,23731916,23731916,OK
MLA_25MESO_SHMG-SA2-D88-M68-SED-20251201__R1_TTACGTGC-CAAGGTCT.fastq.gz,MLA_25MESO_SHMG-SA2-D88-M68-SED-20251201__R2_TTACGTGC-CAAGGTCT.fastq.gz,24691818,24691818,OK
MLA_25MESO_SHMG-SA3-D88-M69-SED-20251201__R1_AGCTAAGC-GTAACGAC.fastq.gz,MLA_25MESO_SHMG-SA3-D88-M69-SED-20251201__R2_AGCTAAGC-GTAACGAC.fastq.gz,23311047,23311047,OK
MLA_25MESO_SHMG-SH1-D88-M70-SED-20251201__R1_AAGACACC-TCGGTTAC.fastq.gz,MLA_25MESO_SHMG-SH1-D88-M70-SED-20251201__R2_AAGACACC-TCGGTTAC.fastq.gz,28170841,28170841,OK
MLA_25MESO_SHMG-SH2-D88-M71-SED-20251201__R1_CAACTCCA-ACGGATTC.fastq.gz,MLA_25MESO_SHMG-SH2-D88-M71-SED-20251201__R2_CAACTCCA-ACGGATTC.fastq.gz,27094379,27094379,OK
MLA_25MESO_SHMG-SH3-D88-M72-SED-20251201__R1_GATCTTGC-TGCTCATG.fastq.gz,MLA_25MESO_SHMG-SH3-D88-M72-SED-20251201__R2_GATCTTGC-TGCTCATG.fastq.gz,30199918,30199918,OK
MLA_25MESO_SHMG-SS1-D88-M73-SED-20251201__R1_CTTCACTG-GTCCTAAG.fastq.gz,MLA_25MESO_SHMG-SS1-D88-M73-SED-20251201__R2_CTTCACTG-GTCCTAAG.fastq.gz,24811096,24811096,OK
MLA_25MESO_SHMG-SS2-D88-M74-SED-20251201__R1_CTCGACTT-GGTCAGAT.fastq.gz,MLA_25MESO_SHMG-SS2-D88-M74-SED-20251201__R2_CTCGACTT-GGTCAGAT.fastq.gz,22347730,22347730,OK
MLA_25MESO_SHMG-SS3-D88-M75-SED-20251201__R1_GTACACCT-CATGAGGA.fastq.gz,MLA_25MESO_SHMG-SS3-D88-M75-SED-20251201__R2_GTACACCT-CATGAGGA.fastq.gz,27833042,27833042,OK