"Year","Project","Well","GenomeCode","R1_reads","R1_M","R1_file"
2025,"GOWN","GW114","G12","1,402,612",1.4,"GLC_25GOWN_SHMG-GW114-G12-20251210__R1_GGTATAGG-CTGGAGTA.fastq.gz"
2025,"GOWN","GW148","G30","4,009,702",4.01,"GLC_25GOWN_SHMG-GW148-G30-20251210__R1_ATAACGCC-TGAACCTG.fastq.gz"
2024,"GOWN","GW248","P41","4,049,415",4.05,"GLC_24GOWN_SHMG-GW248-P41-20251210__R1_GGTGTGAG-GTGGTGTT.fastq.gz"
2024,"GOWN","GW238","P55","5,353,889",5.35,"GLC_24GOWN_SHMG-GW238-P55-20251210__R1_AGCTACCA-CTTAGGAC.fastq.gz"
2024,"GOWN","GW242","P25","5,452,225",5.45,"GLC_24GOWN_SHMG-GW242-P25-20251210__R1_GGCAAGTT-CTTCTGAG.fastq.gz"
2025,"GOWN","GW146","G02","5,863,396",5.86,"GLC_25GOWN_SHMG-GW146-G02-20251210__R1_CGAATACG-GTCGGTAA.fastq.gz"
2024,"GOWN","GW313","P37","7,106,688",7.11,"GLC_24GOWN_SHMG-GW313-P37-20251210__R1_ATCCGCAG-AGTCGTGT.fastq.gz"
2025,"GOWN","GW101","G05","8,171,741",8.17,"GLC_25GOWN_SHMG-GW101-G05-20251210__R1_GTCCTTGA-TCAGACGA.fastq.gz"
2025,"GOWN","GW237","G33","8,350,395",8.35,"GLC_25GOWN_SHMG-GW237-G33-20251210__R1_AACCAGAG-AACCGAAG.fastq.gz"
2024,"GOWN","GW369","P47","10,512,243",10.51,"GLC_24GOWN_SHMG-GW369-P47-20251210__R1_TGATAGGC-ACTCAGAC.fastq.gz"
