ShortCode,Name,NEB_Code,ForID,ForSeq,RevID,RevSeq
S01-A,GLC_25GOWN_SHMG-GW112-G03-20251210,NEB #E7395S-A04,S763,CAAGGTACNNNNNNNNNNNN,S505,GAGATACG
S01-B,GLC_25GOWN_SHMG-GW109-G04-20251210,NEB #E7395S-B04,S797,AGACCTTGNNNNNNNNNNNN,S501,GCACGTAA
S01-C,GLC_25GOWN_SHMG-GW281-G08-20251210,NEB #E7395S-C04,S735,GTCGTTACNNNNNNNNNNNN,S554,GCTTAGCT
S01-D,GLC_25GOWN_SHMG-GW275-G09-20251210,NEB #E7395S-D04,S727,GTAACCGANNNNNNNNNNNN,S598,GGTGTCTT
S01-E,GLC_25GOWN_SHMG-GW222-G10-20251210,NEB #E7395S-E04,S742,GAATCCGTNNNNNNNNNNNN,S551,TGGAGTTG
S01-F,GLC_25GOWN_SHMG-GW3050-G11-20251210,NEB #E7395S-F04,S795,CATGAGCANNNNNNNNNNNN,S517,GCAAGATC
S01-G,GLC_25GOWN_SHMG-GW328-G14-20251210,NEB #E7395S-G04,S749,CTTAGGACNNNNNNNNNNNN,S565,CAGTGAAG
S01-H,GLC_25GOWN_SHMG-GW340-G16-20251210,NEB #E7395S-H04,S773,ATCTGACCNNNNNNNNNNNN,S593,AAGTCGAG
S02-A,GLC_25GOWN_SHMG-GW626-G18-20251210,NEB #E7395S-A05,S769,TCCTCATGNNNNNNNNNNNN,S519,AGGTGTAC
S02-B,GLC_25GOWN_SHMG-GW175-G19-20251210,NEB #E7395S-B05,S752,AGGATAGCNNNNNNNNNNNN,S544,AACCTTGG
S02-C,GLC_25GOWN_SHMG-GW374-G23-20251210,NEB #E7395S-C05,S704,GGAGGAATNNNNNNNNNNNN,S585,AACCGTTC
S02-D,GLC_25GOWN_SHMG-GW143-G27-20251210,NEB #E7395S-D05,S715,GACGTCATNNNNNNNNNNNN,S518,TCAACTGG
S02-E,GLC_25GOWN_SHMG-GW178-G28-20251210,NEB #E7395S-E05,S753,CCGCTTAANNNNNNNNNNNN,S548,ACGATGAC
S02-F,GLC_25GOWN_SHMG-GW339-G31-20251210,NEB #E7395S-F05,S758,GACGAACTNNNNNNNNNNNN,S568,TCGCATTG
S02-G,GLC_25GOWN_SHMG-GW376-G32-20251210,NEB #E7395S-G05,S784,TCCACGTTNNNNNNNNNNNN,S541,GTTCAACC
S02-H,GLC_25GOWN_SHMG-GW237-G33-20251210,NEB #E7395S-H05,S714,AACCAGAGNNNNNNNNNNNN,S520,AACCGAAG
S03-A,GLC_25GOWN_SHMG-GW267-G34-20251210,NEB #E7395S-A06,S771,GTCAGTCANNNNNNNNNNNN,S531,TAATGCCG
S03-B,GLC_25GOWN_SHMG-GW294-G35-20251210,NEB #E7395S-B06,S779,CCTTCCATNNNNNNNNNNNN,S589,ATTGCGTG
S03-C,GLC_25GOWN_SHMG-GW3021-G36-20251210,NEB #E7395S-C06,S788,AGGAACACNNNNNNNNNNNN,S587,GACATTCC
S03-D,GLC_25GOWN_SHMG-GW4016-G37-20251210,NEB #E7395S-D06,S739,CTTACAGCNNNNNNNNNNNN,S503,CTTCACCA
S03-E,GLC_25GOWN_SHMG-GW931-G39-20251210,NEB #E7395S-E06,S737,TACCTGCANNNNNNNNNNNN,S576,TGATGTCC
S03-F,GLC_25GOWN_SHMG-GW162-G41-20251210,NEB #E7395S-F06,S728,AGACGCTANNNNNNNNNNNN,S582,TGTACACC
S03-G,GLC_22GOWN_SHMG-GW760-G46-20251210,NEB #E7395S-G06,S780,CAACACAGNNNNNNNNNNNN,S530,TGGCTATC
S03-H,GLC_22GOWN_SHMG-GW218-G47-20251210,NEB #E7395S-H06,S761,GTACCACANNNNNNNNNNNN,S533,TGTTGTGG
S04-A,GLC_25GOWN_SHMG-GW146-G02-20251210,NEB #E7395S-A07,S712,CGAATACGNNNNNNNNNNNN,S562,GTCGGTAA
S04-B,GLC_25GOWN_SHMG-GW101-G05-20251210,NEB #E7395S-B07,S786,GTCCTTGANNNNNNNNNNNN,S513,TCAGACGA
S04-C,GLC_25GOWN_SHMG-GW3103-G20-20251210,NEB #E7395S-C07,S743,CAGTGCTTNNNNNNNNNNNN,S536,ACCTGGAA
S04-D,GLC_25GOWN_SHMG-GW429-G22-20251210,NEB #E7395S-D07,S775,TCCATTGCNNNNNNNNNNNN,S509,AGACCGTA
S04-E,GLC_25GOWN_SHMG-GW176-G29-20251210,NEB #E7395S-E07,S750,GTCGATTGNNNNNNNNNNNN,S532,ACGGTCTT
S04-F,GLC_25GOWN_SHMG-GW148-G30-20251210,NEB #E7395S-F07,S706,ATAACGCCNNNNNNNNNNNN,S574,TGAACCTG
S04-G,GLC_25GOWN_SHMG-GW295-G43-20251210,NEB #E7395S-G07,S724,GCCTTAACNNNNNNNNNNNN,S547,AGCTCCTA
S04-H,MLA_25MESO_SHMG-SA1-D88-M67-SED-20251201,NEB #E7395S-A10,S705,CGTATCTCNNNNNNNNNNNN,S563,GTACCTTG
S05-A,GLC_25GOWN_SHMG-GW114-G12-20251210,NEB #E7395S-H07,S790,GGTATAGGNNNNNNNNNNNN,S594,CTGGAGTA
S05-B,GLC_25GOWN_SHMG-GW265NG5-G01-20251210,NEB #E7395S-E01,S732,AAGACCGTNNNNNNNNNNNN,S550,CAATCGAC
S05-C,GLC_25GOWN_SHMG-GW332NG5-G06-20251210,NEB #E7395S-F01,S774,CAGGTTCANNNNNNNNNNNN,S506,GGCGTTAT
S05-D,GLC_25GOWN_SHMG-GW277-G07-20251210,NEB #E7395S-G01,S747,TAGGAGCTNNNNNNNNNNNN,S524,GTTAAGGC
S05-E,GLC_25GOWN_SHMG-GW265NG1-G01-20251210,NEB #E7395S-A01,S762,TTACCGACNNNNNNNNNNNN,S512,CGTATTCG
S05-F,GLC_25GOWN_SHMG-GW332NG1-G06-20251210,NEB #E7395S-H01,S794,TACTCCAGNNNNNNNNNNNN,S590,CCTATACC
S05-G,MLA_25MESO_SHMG-SA2-D88-M68-SED-20251201,NEB #E7395S-B10,S701,TTACGTGCNNNNNNNNNNNN,S597,CAAGGTCT
S05-H,MLA_25MESO_SHMG-SA3-D88-M69-SED-20251201,NEB #E7395S-C10,S754,AGCTAAGCNNNNNNNNNNNN,S535,GTAACGAC
S06-A,GLC_24GOWN_SHMG-GW222-P01-20251210,NEB #E7395S-A02,S729,AGTGACCTNNNNNNNNNNNN,S591,CTCCTAGA
S06-B,GLC_24GOWN_SHMG-GW250-P02-20251210,NEB #E7395S-B02,S777,AGCCTATCNNNNNNNNNNNN,S526,GTTACGCA
S06-C,GLC_24GOWN_SHMG-GW192-P04-20251210,NEB #E7395S-C02,S772,TCATCTCCNNNNNNNNNNNN,S567,CTAGCAAG
S06-D,GLC_24GOWN_SHMG-GW972-P05-20251210,NEB #E7395S-D02,S725,CCAGTATCNNNNNNNNNNNN,S538,ATCTCGCT
S06-E,GLC_24GOWN_SHMG-GW3016-P07-20251210,NEB #E7395S-E02,S755,TTGCGAGANNNNNNNNNNNN,S566,GTGCCATA
S06-F,GLC_24GOWN_SHMG-GW193-P08-20251210,NEB #E7395S-F02,S760,GAACGAAGNNNNNNNNNNNN,S511,GGTGATTC
S06-G,GLC_24GOWN_SHMG-GW339-P12-20251210,NEB #E7395S-G02,S716,CGAATTGCNNNNNNNNNNNN,S559,CACCTTAC
S06-H,GLC_24GOWN_SHMG-GW117-P14-20251210,NEB #E7395S-H02,S708,GGAAGAGANNNNNNNNNNNN,S521,TTCTCTCG
S07-A,GLC_24GOWN_SHMG-GW160-P15-20251210,NEB #E7395S-A03,S702,TCGGATTCNNNNNNNNNNNN,S523,TAGTTGCG
S07-B,GLC_24GOWN_SHMG-GW982-P18-20251210,NEB #E7395S-B03,S796,CTGTACCANNNNNNNNNNNN,S507,AGTCTGTG
S07-C,GLC_24GOWN_SHMG-GW162-P20-20251210,NEB #E7395S-C03,S757,GAGAGTACNNNNNNNNNNNN,S545,TGCTTCCA
S07-D,GLC_24GOWN_SHMG-GW200-P22-20251210,NEB #E7395S-D03,S783,TCTACGCANNNNNNNNNNNN,S546,GGCTATTG
S07-E,GLC_24GOWN_SHMG-GW949-P23-20251210,NEB #E7395S-E03,S722,GCAATTCCNNNNNNNNNNNN,S578,TGTTCGAG
S07-F,GLC_24GOWN_SHMG-GW247-P24-20251210,NEB #E7395S-F03,S710,CTCAGAAGNNNNNNNNNNNN,S581,AACTTGCC
S07-G,GLC_24GOWN_SHMG-GW1143-P28-20251210,NEB #E7395S-G03,S770,GTCCTAAGNNNNNNNNNNNN,S540,TGGTAGCT
S07-H,GLC_24GOWN_SHMG-GW243-P29-20251210,NEB #E7395S-H03,S734,GCGTTAGANNNNNNNNNNNN,S592,GTATGCTG
S08-A,GLC_24GOWN_SHMG-GW244-P31-20251210,NEB #E7395S-A08,S791,TCTAGGAGNNNNNNNNNNNN,S529,AGGTCACT
S08-B,GLC_24GOWN_SHMG-GW1144-P32-20251210,NEB #E7395S-B08,S726,TGCGTAACNNNNNNNNNNNN,S577,GATAGGCT
S08-C,GLC_24GOWN_SHMG-GW246-P33-20251210,NEB #E7395S-C08,S767,CTTGCTAGNNNNNNNNNNNN,S572,GGAGATGA
S08-D,GLC_24GOWN_SHMG-GW950-P34-20251210,NEB #E7395S-D08,S738,AGCGAGATNNNNNNNNNNNN,S525,GATACTGG
S08-E,GLC_24GOWN_SHMG-GW991-P35-20251210,NEB #E7395S-E08,S766,TATGGCACNNNNNNNNNNNN,S555,TCTCGCAA
S08-F,GLC_24GOWN_SHMG-GW1151-P36-20251210,NEB #E7395S-F08,S711,GAATCACCNNNNNNNNNNNN,S560,CTTCGTTC
S08-G,GLC_24GOWN_SHMG-GW275-P48-20251210,NEB #E7395S-G08,S759,GTAAGGTGNNNNNNNNNNNN,S516,GCAATTCG
S08-H,GLC_24GOWN_SHMG-GW389-P53-20251210,NEB #E7395S-H08,S721,CGAGAGAANNNNNNNNNNNN,S508,TCTCTTCC
S09-A,GLC_24GOWN_SHMG-GW273-P54-20251210,NEB #E7395S-A09,S723,CGCAACTANNNNNNNNNNNN,S502,GAATCCGA
S09-B,GLC_24GOWN_SHMG-GW1119-P56-20251210,NEB #E7395S-B09,S707,CACAGACTNNNNNNNNNNNN,S596,TGGTACAG
S09-C,GLC_24GOWN_SHMG-GW333-P61-20251210,NEB #E7395S-C09,S745,TGGAAGCANNNNNNNNNNNN,S557,GTACTCTC
S09-D,GLC_24GOWN_SHMG-GW311-P63-20251210,NEB #E7395S-D09,S746,CAATAGCCNNNNNNNNNNNN,S583,TGCGTAGA
S09-E,GLC_24GOWN_SHMG-GW980-P13-20251210,NEB #E7395S-E09,S778,CTCGAACANNNNNNNNNNNN,S522,GGAATTGC
S09-F,GLC_24GOWN_SHMG-GW242-P25-20251210,NEB #E7395S-F09,S781,GGCAAGTTNNNNNNNNNNNN,S510,CTTCTGAG
S09-G,GLC_24GOWN_SHMG-GW238-P55-20251210,NEB #E7395S-G09,S740,AGCTACCANNNNNNNNNNNN,S570,CTTAGGAC
S09-H,GLC_24GOWN_SHMG-GW312-P40-20251210,NEB #E7395S-H09,S792,CAGCATACNNNNNNNNNNNN,S534,TCTAACGC
S10-A,GLC_24GOWN_SHMG-GW150-P09-20251210,NEB #E7874S-A01,P7126,CACTGTAGNNNNNNNNNNNN,P5134,AGTCGCTT
S10-B,GLC_24GOWN_SHMG-GW3103-P11-20251210,NEB #E7874S-B01,P7148,GTGCACGANNNNNNNNNNNN,P5136,GCCTATCA
S10-C,GLC_24GOWN_SHMG-GW984-P16-20251210,NEB #E7874S-C01,P7133,ATGTTCCTNNNNNNNNNNNN,P5107,GGCGCTGA
S10-D,GLC_24GOWN_SHMG-GW3022-P17-20251210,NEB #E7874S-D01,P7141,CATTATGGNNNNNNNNNNNN,P5108,ATGTGACT
S10-E,GLC_24GOWN_SHMG-GW989-P19-20251210,NEB #E7874S-E01,P7142,TCTTGTTTNNNNNNNNNNNN,P5109,GTGAAAGG
S10-F,GLC_24GOWN_SHMG-GW983-P21-20251210,NEB #E7874S-F01,P7143,GGCTTACTNNNNNNNNNNNN,P5111,AGGGAAAG
S10-G,GLC_24GOWN_SHMG-GW3026-P06-20251210,NEB #E7874S-G01,P7146,ACGATATGNNNNNNNNNNNN,P5117,GAATTGTC
S10-H,GLC_24GOWN_SHMG-GW313-P37-20251210,NEB #E7874S-H01,P7152,ATCCGCAGNNNNNNNNNNNN,P5119,AGTCGTGT
S11-A,GLC_24GOWN_SHMG-GW945-P30-20251210,NEB #E7874S-A02,P7134,AAGCGACTNNNNNNNNNNNN,P5135,GGATTCGT
S11-B,GLC_24GOWN_SHMG-GW369-P47-20251210,NEB #E7874S-B02,P7136,TGATAGGCNNNNNNNNNNNN,P5170,ACTCAGAC
S11-C,GLC_24GOWN_SHMG-GW239-P49-20251210,NEB #E7874S-C02,P7153,AACACCACNNNNNNNNNNNN,P5122,CTCACACC
S11-D,GLC_24GOWN_SHMG-GW381-P50-20251210,NEB #E7874S-D02,P7154,ACCTCTTCNNNNNNNNNNNN,P5124,TATGCAAG
S11-E,GLC_24GOWN_SHMG-GW277-P51-20251210,NEB #E7874S-E02,P7155,GTCCGATCNNNNNNNNNNNN,P5125,GGATTGGC
S11-F,GLC_24GOWN_SHMG-GW379-P52-20251210,NEB #E7874S-F02,P7157,GAGGACCANNNNNNNNNNNN,P5129,ACCGGCAT
S11-G,GLC_24GOWN_SHMG-GW1145-P62-20251210,NEB #E7874S-G02,P7158,CGCTCTTANNNNNNNNNNNN,P5137,ACGGTATG
S11-H,GLC_24GOWN_SHMG-GW148-P64-20251210,NEB #E7874S-H02,P7159,CTGAGCTCNNNNNNNNNNNN,P5138,GCTCTGAT
S12-A,GLC_25GOWN_SHMG-GW217-G48-20251210,NEB #E7874S-A03,P7135,ACGAATCCNNNNNNNNNNNN,P5127,TGGGTAAT
S12-B,GLC_25GOWN_SHMG-GW764-G49-20251210,NEB #E7874S-B03,P7170,GTCTGAGTNNNNNNNNNNNN,P5169,CACAAGTC
S12-C,GLC_25GOWN_SHMG-GW386-G50-20251210,NEB #E7874S-C03,P7160,CCTAAACTNNNNNNNNNNNN,P5139,CTCCTCGT
S12-D,GLC_25GOWN_SHMG-GW301-G51-20251210,NEB #E7874S-D03,P7162,TGTCACACNNNNNNNNNNNN,P5140,CGAGATTA
S12-E,GLC_25GOWN_SHMG-GW117-G52-20251210,NEB #E7874S-E03,P7165,GATATGAANNNNNNNNNNNN,P5144,CTGCCGTA
S12-F,GLC_25GOWN_SHMG-GW144-G53-20251210,NEB #E7874S-F03,P7166,AAGTGTGGNNNNNNNNNNNN,P5145,GATGGGCA
S12-G,GLC_25GOWN_SHMG-GW759-G54-20251210,NEB #E7874S-G03,P7174,GTTGGCGTNNNNNNNNNNNN,P5147,GACTGCTG
S12-H,GLC_25GOWN_SHMG-GW3104-G55-20251210,NEB #E7874S-H03,P7176,TAGCTGGCNNNNNNNNNNNN,P5149,AGCCGGTA
S13-A,GLC_25GOWN_SHMG-GW333-G56-20251210,NEB #E7874S-A04,P7127,ATTACCCANNNNNNNNNNNN,P5126,CTACAGTG
S13-B,GLC_25GOWN_SHMG-GW234-G57-20251210,NEB #E7874S-B04,P7169,GACTTGTGNNNNNNNNNNNN,P5148,TCGTGCAC
S13-C,GLC_25GOWN_SHMG-GW235-G58-20251210,NEB #E7874S-C04,P7177,CAGGTAAGNNNNNNNNNNNN,P5150,ATTTCGAG
S13-D,GLC_25GOWN_SHMG-GW278-G59-20251210,NEB #E7874S-D04,P7181,AAGGAGACNNNNNNNNNNNN,P5151,GTTGTGAG
S13-E,GLC_25GOWN_SHMG-GW312-G60-20251210,NEB #E7874S-E04,P7182,AGTCAGGTNNNNNNNNNNNN,P5156,GTGGTTAC
S13-F,GLC_25GOWN_SHMG-GW313-G61-20251210,NEB #E7874S-F04,P7184,ACCGTAAGNNNNNNNNNNNN,P5161,TGGATATG
S13-G,GLC_25GOWN_SHMG-GW107-G62-20251210,NEB #E7874S-G04,P7185,TATGACGTNNNNNNNNNNNN,P5163,GATTAGCG
S13-H,GLC_25GOWN_SHMG-GW310-G63-20251210,NEB #E7874S-H04,P7186,TTGGGTACNNNNNNNNNNNN,P5164,GTTGGAAG
S14-A,GLC_25GOWN_SHMG-GW314-G64-20251210,NEB #E7874S-A05,P7101,TTCAATAGNNNNNNNNNNNN,P5115,TCGTGGGA
S14-B,GLC_25GOWN_SHMG-GW381-G65-20251210,NEB #E7874S-B05,P7116,GTTTGCTCNNNNNNNNNNNN,P5132,CTGTTGGT
S14-C,GLC_25GOWN_SHMG-GW214-G66-20251210,NEB #E7874S-C05,P7187,AGAAGCCTNNNNNNNNNNNN,P5167,ATACTGAC
S14-D,GLC_25GOWN_SHMG-GW387-G67-20251210,NEB #E7874S-D05,P7188,CTAGGTTGNNNNNNNNNNNN,P5168,GCTCGAAT
S14-E,GLC_25GOWN_SHMG-GW289-G68-20251210,NEB #E7874S-E05,P7190,TGTGTCAGNNNNNNNNNNNN,P5171,TACAGGTG
S14-F,GLC_25GOWN_SHMG-GW113-G70-20251210,NEB #E7874S-F05,P7191,AGAACCAGNNNNNNNNNNNN,P5172,AGAGTCGG
S14-G,GLC_25GOWN_SHMG-GW212-G71-20251210,NEB #E7874S-G05,P7192,ATTGGACANNNNNNNNNNNN,P5173,TCCAGCAA
S14-H,GLC_25GOWN_SHMG-GW3010-G72-20251210,NEB #E7874S-H05,P7385,ACCCGTTGNNNNNNNNNNNN,P5175,CGAAGCTG
S15-A,GLC_23GOWN_SHMG-GW389-L01-20251210,NEB #E7874S-A06,P7105,ACCGGAGTNNNNNNNNNNNN,P5114,CCTTCCTT
S15-B,GLC_23GOWN_SHMG-GW265-L05-20251210,NEB #E7874S-B06,P7118,CTTGACGANNNNNNNNNNNN,P5131,TTGTGTGC
S15-C,GLC_23GOWN_SHMG-GW178-L06-20251210,NEB #E7874S-C06,P7998,GCCACGACNNNNNNNNNNNN,P5178,ACCCGAGG
S15-D,GLC_23GOWN_SHMG-GW381-L07-20251210,NEB #E7874S-D06,P7099,TCTGGAACNNNNNNNNNNNN,P5179,AGGTGCTA
S15-E,GLC_23GOWN_SHMG-GW176-L17-20251210,NEB #E7874S-E06,P7100,CACTAGACNNNNNNNNNNNN,P5180,AGTCCTCA
S15-F,GLC_24GOWN_SHMG-GW229-L24-20251210,NEB #E7874S-F06,P7102,TTGCGTTANNNNNNNNNNNN,P5183,TTCGGGAA
S15-G,GLC_24GOWN_SHMG-GW218-L42-20251210,NEB #E7874S-G06,P7103,CCTATGCANNNNNNNNNNNN,P5189,ATCGACTC
S15-H,GLC_24GOWN_SHMG-GW114-L48-20251210,NEB #E7874S-H06,P7104,CAACCGAGNNNNNNNNNNNN,P5997,CACAGGTA
S16-A,GLC_24GOWN_SHMG-GW265-L52-20251210,NEB #E7874S-A07,P7106,TGTTCGCCNNNNNNNNNNNN,P5113,TCCTACCT
S16-B,GLC_24GOWN_SHMG-GW276-L58-20251210,NEB #E7874S-B07,P7121,ACAAGGCANNNNNNNNNNNN,P5130,TTGCGCGA
S16-C,GLC_24GOWN_SHMG-GW50-P42-20251210,NEB #E7874S-C07,P7107,TCAGCGCCNNNNNNNNNNNN,P5133,AGGAACAT
S16-D,GLC_24GOWN_SHMG-GW44-P43-20251210,NEB #E7874S-D07,P7108,AGTCACATNNNNNNNNNNNN,P5141,CCATAATG
S16-E,GLC_24GOWN_SHMG-GW387-P44-20251210,NEB #E7874S-E07,P7109,CCTTTCACNNNNNNNNNNNN,P5142,AAACAAGA
S16-F,GLC_24GOWN_SHMG-GW3098-P45-20251210,NEB #E7874S-F07,P7111,CTTTCCCTNNNNNNNNNNNN,P5143,AGTAAGCC
S16-G,GLC_24GOWN_SHMG-GW890-L56-20251210,NEB #E7874S-G07,P7117,GACAATTCNNNNNNNNNNNN,P5146,CATATCGT
S16-H,GLC_24GOWN_SHMG-GW267-L62-20251210,NEB #E7874S-H07,P7119,ACACGACTNNNNNNNNNNNN,P5152,CTGCGGAT
S17-A,GLC_24GOWN_SHMG-GW3010-P38-20251210,NEB #E7874S-A08,P7110,CCTGTCAANNNNNNNNNNNN,P5112,ACAGCCAT
S17-B,GLC_24GOWN_SHMG-GW1150-P39-20251210,NEB #E7874S-B08,P7123,CCATCCGCNNNNNNNNNNNN,P5128,TACGCCTT
S17-C,GLC_24GOWN_SHMG-GW248-P41-20251210,NEB #E7874S-C08,P7122,GGTGTGAGNNNNNNNNNNNN,P5153,GTGGTGTT
S17-D,GLC_24GOWN_SHMG-GW230-L32-20251210,NEB #E7874S-D08,P7124,CTTGCATANNNNNNNNNNNN,P5154,GAAGAGGT
S17-E,GLC_24GOWN_SHMG-GW986-L37-20251210,NEB #E7874S-E08,P7125,GCCAATCCNNNNNNNNNNNN,P5155,GATCGGAC
S17-F,MLA_25MESO_SHMG-SH1-D88-M70-SED-20251201,NEB #E7395S-D10,S798,AAGACACCNNNNNNNNNNNN,S527,TCGGTTAC
S17-G,MLA_25MESO_SHMG-SH2-D88-M71-SED-20251201,NEB #E7395S-E10,S751,CAACTCCANNNNNNNNNNNN,S542,ACGGATTC
S17-H,MLA_25MESO_SHMG-SH3-D88-M72-SED-20251201,NEB #E7395S-F10,S717,GATCTTGCNNNNNNNNNNNN,S595,TGCTCATG
S18-A,MLA_25MESO_SHMG-SS1-D88-M73-SED-20251201,NEB #E7395S-G10,S765,CTTCACTGNNNNNNNNNNNN,S549,GTCCTAAG
S18-B,MLA_25MESO_SHMG-SS2-D88-M74-SED-20251201,NEB #E7395S-H10,S793,CTCGACTTNNNNNNNNNNNN,S573,GGTCAGAT
S18-C,MLA_25MESO_SHMG-SS3-D88-M75-SED-20251201,NEB #E7395S-A11,S719,GTACACCTNNNNNNNNNNNN,S569,CATGAGGA
S18-D,MLA_25MESO_SHMG-CO1-D88-M76-SED-20251201,NEB #E7395S-B11,S744,CCAAGGTTNNNNNNNNNNNN,S552,GCTATCCT
S18-E,MLA_25MESO_SHMG-CO2-D88-M77-SED-20251201,NEB #E7395S-C11,S785,GAACGGTTNNNNNNNNNNNN,S504,ATTCCTCC
S18-F,MLA_25MESO_SHMG-CO3-D88-M78-SED-20251201,NEB #E7395S-D11,S718,CCAGTTGANNNNNNNNNNNN,S515,ATGACGTC
