Filename,GenomeCode,Well,Location,SamplingCode,Year,Project
GLC_23GOWN_SHMG-GW389-L01-20251210,L01,389,ZAMA North South,23GWG00017,2023,GOWN
GLC_23GOWN_SHMG-GW265-L05-20251210,L05,265,Metiskow,23GWE00068,2023,GOWN
GLC_23GOWN_SHMG-GW178-L06-20251210,L06,178,Bruderheim,23GWE00158,2023,GOWN
GLC_23GOWN_SHMG-GW381-L07-20251210,L07,381,Meander River 87-2,23GWG00015,2023,GOWN
GLC_23GOWN_SHMG-GW176-L17-20251210,L17,176,Bruderheim,23GWE00132,2023,GOWN
GLC_24GOWN_SHMG-GW229-L24-20251210,L24,229,Kirkpatrick Lake,24GWC00021,2024,GOWN
,L27,760,Canmore Tourise Info,24GWC00012,2024,
,L28,175,Bruderheim N,24GWE00056,2024,
GLC_24GOWN_SHMG-GW230-L32-20251210,L32,230,Kirkpatrick Lake,24GWC00024,2024,GOWN
,L34,985,Cochrane West Shallow,24GWC00034,2024,
GLC_24GOWN_SHMG-GW986-L37-20251210,L37,986,Cochrane East Deep,24GWC00048,2024,GOWN
GLC_24GOWN_SHMG-GW218-L42-20251210,L42,218,Cluny 85-1,24GWC00048,2024,GOWN
GLC_24GOWN_SHMG-GW114-L48-20251210,L48,114,Ross Creek,24GWC00032,2024,GOWN
GLC_24GOWN_SHMG-GW265-L52-20251210,L52,265,Metiskow 88-1,24GWE00108,2024,GOWN
GLC_24GOWN_SHMG-GW890-L56-20251210,L56,890,Ross Creek,24GWC00054,2024,GOWN
GLC_24GOWN_SHMG-GW276-L58-20251210,L58,276,Cavendish,24GWC00059,2024,GOWN
GLC_24GOWN_SHMG-GW267-L62-20251210,L62,267,Metiskow 88-1,24GWE00112,2024,GOWN
,LNC,NC,Negative Control,24GWNC,2024,
GLC_24GOWN_SHMG-GW222-P01-20251210,P01,222,Bigstone 2415E,24GWC00063,2024,GOWN
GLC_24GOWN_SHMG-GW250-P02-20251210,P02,250,(Station # O6ACG050),24GWO10008,2024,GOWN
GLC_24GOWN_SHMG-GW192-P04-20251210,P04,192,(Station # O6ACG047),24GWO10005,2024,GOWN
GLC_24GOWN_SHMG-GW972-P05-20251210,P05,972,Rosebud #2,24GWC00066,2024,GOWN
GLC_24GOWN_SHMG-GW3026-P06-20251210,P06,3026,Rockyford,24GWC00080,2024,GOWN
GLC_24GOWN_SHMG-GW3016-P07-20251210,P07,3016,Priddis ,24GWC00082,2024,GOWN
GLC_24GOWN_SHMG-GW193-P08-20251210,P08,193,(Station # O6ACG048),24GWO10006,2024,GOWN
GLC_24GOWN_SHMG-GW150-P09-20251210,P09,150,WETASKIWIN #26,24GWE00079,2024,GOWN
GLC_24GOWN_SHMG-GW3103-P11-20251210,P11,3103,HAMILTON SOUTH,24GWE00178,2024,GOWN
GLC_24GOWN_SHMG-GW339-P12-20251210,P12,339,GRIMSHAW KERNDALE_0339,24GWG00012,2024,GOWN
GLC_24GOWN_SHMG-GW117-P14-20251210,P14,117,Barons 615E,24GWC00093,2024,GOWN
GLC_24GOWN_SHMG-GW160-P15-20251210,P15,160,DEVON BOTANIC,24GWE00083,2024,GOWN
GLC_24GOWN_SHMG-GW984-P16-20251210,P16,984,Sundre North Deep,24GWC00083,2024,GOWN
GLC_24GOWN_SHMG-GW3022-P17-20251210,P17,3022,Leedale Shallow,24GWC00085,2024,GOWN
GLC_24GOWN_SHMG-GW982-P18-20251210,P18,982,Leedale Deep,24GWC00087,2024,GOWN
GLC_24GOWN_SHMG-GW989-P19-20251210,P19,989,BUCK LAKE,24GWE00162,2024,GOWN
GLC_24GOWN_SHMG-GW162-P20-20251210,P20,162,DEVON BOTANIC,24GWE00086,2024,GOWN
GLC_24GOWN_SHMG-GW983-P21-20251210,P21,983,Sundre Shallow,24GWC00091,2024,GOWN
GLC_24GOWN_SHMG-GW200-P22-20251210,P22,200,Wolf Grazing (Station # O6ACG061),24GWO10009,2024,GOWN
GLC_24GOWN_SHMG-GW949-P23-20251210,P23,949,Fort Kent (Station # O6ACG035),24GWO10025,2024,GOWN
GLC_24GOWN_SHMG-GW247-P24-20251210,P24,247,(Station # O6AAG005) ,24GW010032,2024,GOWN
GLC_24GOWN_SHMG-GW1143-P28-20251210,P28,1143,Waddell Creek (Station # O7CEG006),24GWO10018,2024,GOWN
GLC_24GOWN_SHMG-GW243-P29-20251210,P29,243,Hythe (Station # O6ADG002),24GWO10029,2024,GOWN
GLC_24GOWN_SHMG-GW945-P30-20251210,P30,945,Moose Lake (Station # O6ACG053),24GWO10010,2024,GOWN
GLC_24GOWN_SHMG-GW244-P31-20251210,P31,244,(Station # N/A),24GWO10030,2024,GOWN
GLC_24GOWN_SHMG-GW1144-P32-20251210,P32,1144,Waddell Creek (Station # O7CEG007),24GWO10019,2024,GOWN
GLC_24GOWN_SHMG-GW246-P33-20251210,P33,246,Truman (Station # O6AAG004),24GWO10031,2024,GOWN
GLC_24GOWN_SHMG-GW950-P34-20251210,P34,950,Fort Kent (Station # O6ACG034),24GWO10026,2024,GOWN
GLC_24GOWN_SHMG-GW991-P35-20251210,P35,991,CYNTHIA DEEP,24GWE00166,2024,GOWN
GLC_24GOWN_SHMG-GW1151-P36-20251210,P36,1151,Wiau Lake (Station # O7CAG012),24GWO10015,2024,GOWN
GLC_24GOWN_SHMG-GW3010-P38-20251210,P38,3010,Carmangay West,24GWC00100,2024,GOWN
GLC_24GOWN_SHMG-GW1150-P39-20251210,P39,1150,Wiau Lake (Station # O7CAG011),24GWO10014,2024,GOWN
GLC_24GOWN_SHMG-GW248-P41-20251210,P41,248,(Station # O6AAG006),24GWO10033,2024,GOWN
GLC_24GOWN_SHMG-GW50-P42-20251210,P42,50,Fort McMurray (Station # O7DAG024),24GWO10012,2024,GOWN
GLC_24GOWN_SHMG-GW44-P43-20251210,P43,44,Fort McMurray (Station # O7DAG040),24GWO10036,2024,GOWN
GLC_24GOWN_SHMG-GW387-P44-20251210,P44,387,ZAMA NORTH 87-5 NORTH,24GWG00015,2024,GOWN
GLC_24GOWN_SHMG-GW3098-P45-20251210,P45,3098,",Primrose Range Road (Station # O6ACG059)",24GWO10024,2024,GOWN
GLC_24GOWN_SHMG-GW369-P47-20251210,P47,369,(Station # O7GJG005),24GWO10039,2024,GOWN
GLC_24GOWN_SHMG-GW275-P48-20251210,P48,275,Sounding Creek 2562E,24GWC00105 ,2024,GOWN
GLC_24GOWN_SHMG-GW239-P49-20251210,P49,239,(Station # O5EEG002) ,24GWO10041,2024,GOWN
GLC_24GOWN_SHMG-GW381-P50-20251210,P50,381,MEANDER RIVER 87-2,24GWG00014,2024,GOWN
GLC_24GOWN_SHMG-GW277-P51-20251210,P51,277,Cavendish 2529E ,24GWC00109,2024,GOWN
GLC_24GOWN_SHMG-GW379-P52-20251210,P52,379,(Station # O7FCG005),24GWO10038,2024,GOWN
GLC_24GOWN_SHMG-GW389-P53-20251210,P53,389,Zama ,24GWG00016,2024,GOWN
GLC_24GOWN_SHMG-GW273-P54-20251210,P54,273,Sounding Creek 2533E,24GWC00102,2024,GOWN
GLC_24GOWN_SHMG-GW238-P55-20251210,P55,238,(Station # O5EEG001),24GWO10040,2024,GOWN
GLC_24GOWN_SHMG-GW1119-P56-20251210,P56,1119,(Station # O7DBG017),24GWO10035,2024,GOWN
GLC_24GOWN_SHMG-GW333-P61-20251210,P61,333,BARRHEAD,24GWE00148,2024,GOWN
GLC_24GOWN_SHMG-GW1145-P62-20251210,P62,1145,(Station # 07CEG008),24GWO10020,2024,GOWN
GLC_24GOWN_SHMG-GW311-P63-20251210,P63,311,WARBURG 2179E,24GWE00125,2024,GOWN
GLC_24GOWN_SHMG-GW148-P64-20251210,P64,148,Flagstaff,24GWE00075,2024,GOWN
GLC_24GOWN_SHMG-GW312-P40-20251210,P40,312,WARBURG 2180E,24GWE00128,2024,GOWN
GLC_24GOWN_SHMG-GW980-P13-20251210,P13,980,Rocky Mountain House,24GWC00089,2024,GOWN
GLC_24GOWN_SHMG-GW242-P25-20251210,P25,242,(Station # O6ADG001),24GWO10028,2024,GOWN
GLC_24GOWN_SHMG-GW313-P37-20251210,P37,313,WARBURG 2181E,24GWE00132,2024,GOWN
GLC_25GOWN_SHMG-GW265NG5-G01-20251210,G01,265,Metiskow,25GWE00072,2025,GOWN
GLC_25GOWN_SHMG-GW265NG1-G01D-20251210,G01D,265,Metiskow,25GWE00072,2025,GOWN
GLC_25GOWN_SHMG-GW146-G02-20251210,G02,146,Killam,25GWE00046,2025,GOWN
GLC_25GOWN_SHMG-GW112-G03-20251210,G03,112,Muel Lake,25GWC00045,2025,GOWN
GLC_25GOWN_SHMG-GW109-G04-20251210,G04,109,Lethbridge Airport,25GWC00055,2025,GOWN
GLC_25GOWN_SHMG-GW101-G05-20251210,G05,101,Del Bonita,25GWC00046,2025,GOWN
GLC_25GOWN_SHMG-GW332NG5-G06-20251210,G06,332,Sion #3,25GWE00103,2025,GOWN
GLC_25GOWN_SHMG-GW332NG1-G06D-20251210,G06D,332,Sion #3,25GWE00103,2025,GOWN
GLC_25GOWN_SHMG-GW277-G07-20251210,G07,277,Cavendish Middle,25GWC00061,2025,GOWN
GLC_25GOWN_SHMG-GW281-G08-20251210,G08,281,Cavendish South,25GWC00064,2025,GOWN
GLC_25GOWN_SHMG-GW275-G09-20251210,G09,275,Sounding Creek North,25GWC00058,2025,GOWN
GLC_25GOWN_SHMG-GW222-G10-20251210,G10,222,Bigstone,25GWC00067,2025,GOWN
GLC_25GOWN_SHMG-GW3050-G11-20251210,G11,3050,Medicine Hat ,25GWC00021,2025,GOWN
GLC_25GOWN_SHMG-GW114-G12-20251210,G12,114,Ross Creek,25GWC00024,2025,GOWN
GLC_25GOWN_SHMG-GW328-G14-20251210,G14,328,Edson,25GWE00100,2025,GOWN
GLC_25GOWN_SHMG-GW340-G16-20251210,G16,340,Fairview,25GWG03012,2025,GOWN
GLC_25GOWN_SHMG-GW626-G18-20251210,G18,626,Canmore #4 Centennial,25GWC00031,2025,GOWN
GLC_25GOWN_SHMG-GW175-G19-20251210,G19,175,Bruderheim N,25GWE00055,2025,GOWN
GLC_25GOWN_SHMG-GW3103-G20-20251210,G20,3103,Hamlin South,25GWE00116,2025,GOWN
GLC_25GOWN_SHMG-GW429-G22-20251210,G22,429,Galahad 2627E,25GWE00040,2025,GOWN
GLC_25GOWN_SHMG-GW374-G23-20251210,G23,374,Kleskun 2426E,25GWG02008,2025,GOWN
GLC_25GOWN_SHMG-GW143-G27-20251210,G27,143,Hardisty Rodeo,25GWE00031,2025,GOWN
GLC_25GOWN_SHMG-GW178-G28-20251210,G28,178,Bruderheim N,25GWE00034,2025,GOWN
GLC_25GOWN_SHMG-GW176-G29-20251210,G29,176,Bruderheim S,25GWE00059,2025,GOWN
GLC_25GOWN_SHMG-GW148-G30-20251210,G30,148,Flagstaff RL,25GWE00049,2025,GOWN
GLC_25GOWN_SHMG-GW339-G31-20251210,G31,339,Grimshaw Kerndale,25GWG09018,2025,GOWN
GLC_25GOWN_SHMG-GW376-G32-20251210,G32,376,Hythe,25GWG04021,2025,GOWN
GLC_25GOWN_SHMG-GW237-G33-20251210,G33,237,Dewberry,25GWE00068,2025,GOWN
GLC_25GOWN_SHMG-GW267-G34-20251210,G34,267,Metiskow,25GWE00076,2025,GOWN
GLC_25GOWN_SHMG-GW294-G35-20251210,G35,294,Vermilion,25GWE00079,2025,GOWN
GLC_25GOWN_SHMG-GW3021-G36-20251210,G36,3021,Morning side,25GWC00034,2025,GOWN
GLC_25GOWN_SHMG-GW4016-G37-20251210,G37,4016,Wetaskiwin,25GWE00122,2025,GOWN
GLC_25GOWN_SHMG-GW931-G39-20251210,G39,931,Evan Thomas Creek,25GWC00040,2025,GOWN
GLC_25GOWN_SHMG-GW162-G41-20251210,G41,162,Devon Botanic,25GWE00052,2025,GOWN
GLC_25GOWN_SHMG-GW295-G43-20251210,G43,295,Vermilion,25GWE00082,2025,GOWN
GLC_22GOWN_SHMG-GW760-G46-20251210,G46,760,Canmore,22GWC22053,2022,GOWN
GLC_22GOWN_SHMG-GW218-G47-20251210,G47,218,Cluny 85-2 Deep,22GWC22075,2022,GOWN
GLC_25GOWN_SHMG-GW217-G48-20251210,G48,217,Okotoks,25GWC00079,2025,GOWN
GLC_25GOWN_SHMG-GW764-G49-20251210,G49,764,Hanie Heights,25GWC00076,2025,GOWN
GLC_25GOWN_SHMG-GW386-G50-20251210,G50,386,Marmot Creek Basin,25GW,2025,GOWN
GLC_25GOWN_SHMG-GW301-G51-20251210,G51,301,Marmot Creek Basin,25GWC00073,2025,GOWN
GLC_25GOWN_SHMG-GW117-G52-20251210,G52,117,Barons,25GWC00082,2025,GOWN
GLC_25GOWN_SHMG-GW144-G53-20251210,G53,144,Ponoka,25GWC00092,2025,GOWN
GLC_25GOWN_SHMG-GW759-G54-20251210,G54,759,Exshaw,25GWC00140,2025,GOWN
GLC_25GOWN_SHMG-GW3104-G55-20251210,G55,3104,Hamilin NW,25GWE00119,2025,GOWN
GLC_25GOWN_SHMG-GW333-G56-20251210,G56,333,BARRHEAD,25GWE00107,2025,GOWN
GLC_25GOWN_SHMG-GW234-G57-20251210,G57,234,Innisfree,25GWE00062,2025,GOWN
GLC_25GOWN_SHMG-GW235-G58-20251210,G58,235,Innisfree,25GWE00065,2025,GOWN
GLC_25GOWN_SHMG-GW278-G59-20251210,G59,278,Enchant,25GWC00096,2025,GOWN
GLC_25GOWN_SHMG-GW312-G60-20251210,G60,312,Warburg 2180E,25GWE00091,2025,GOWN
GLC_25GOWN_SHMG-GW313-G61-20251210,G61,313,Warburg 2181E,25GWE00094,2025,GOWN
GLC_25GOWN_SHMG-GW107-G62-20251210,G62,107,Cypress Hills,25GWC00702,2025,GOWN
GLC_25GOWN_SHMG-GW310-G63-20251210,G63,310,Warburg,25GWE00085,2025,GOWN
GLC_25GOWN_SHMG-GW314-G64-20251210,G64,314,Warburg 2190E,25GWE00097,2025,GOWN
GLC_25GOWN_SHMG-GW381-G65-20251210,G65,381,Meander River 87-2,25GWG00024,2025,GOWN
GLC_25GOWN_SHMG-GW214-G66-20251210,G66,214,Warner,25GWG00132,2025,GOWN
GLC_25GOWN_SHMG-GW387-G67-20251210,G67,387,Zama North North,25GWG00027,2025,GOWN
GLC_25GOWN_SHMG-GW289-G68-20251210,G68,289,Zama North South 87-4,25GWG07030,2025,GOWN
GLC_25GOWN_SHMG-GW113-G70-20251210,G70,113,Keho Lake,25GWC00116,2025,GOWN
GLC_25GOWN_SHMG-GW212-G71-20251210,G71,212,Milk River,25GWC00123,2025,GOWN
GLC_25GOWN_SHMG-GW3010-G72-20251210,G72,3010,Carmangay Waste,25GWC00113,2025,GOWN
