Filename,GenomeCode,Domain,Well,Year,Project
GLC_25GOWN_BACT-56-GW1119_20251021,P56,BACT,GW1119,2024,GOWN
GLC_25GOWN_BACT-57-GW3099_20251021,P57,BACT,GW3099,2024,GOWN
GLC_25GOWN_BACT-58-GW234_20251021,P58,BACT,GW234,2024,GOWN
GLC_25GOWN_BACT-59-GW3073_20251021,P59,BACT,GW3073,2024,GOWN
GLC_25GOWN_BACT-60-GW235_20251021,P60,BACT,GW235,2024,GOWN
GLC_25GOWN_BACT-61-GW333_20251021,P61,BACT,GW333,2024,GOWN
GLC_25GOWN_BACT-62-GW1145_20251021,P62,BACT,GW1145,2024,GOWN
GLC_25GOWN_BACT-63-GW311_20251021,P63,BACT,GW311,2024,GOWN
GLC_25GOWN_BACT-64-GW148_20251021,P64,BACT,GW148,2024,GOWN
GLC_25GOWN_ARCH-56-GW1119_20251021,P56,ARCH,GW1119,2024,GOWN
GLC_25GOWN_ARCH-57-GW3099_20251021,P57,ARCH,GW3099,2024,GOWN
GLC_25GOWN_ARCH-58-GW234_20251021,P58,ARCH,GW234,2024,GOWN
GLC_25GOWN_ARCH-59-GW3073_20251021,P59,ARCH,GW3073,2024,GOWN
GLC_25GOWN_ARCH-60-GW235_20251021,P60,ARCH,GW235,2024,GOWN
GLC_25GOWN_ARCH-61-GW333_20251021,P61,ARCH,GW333,2024,GOWN
GLC_25GOWN_ARCH-62-GW1145_20251021,P62,ARCH,GW1145,2024,GOWN
GLC_25GOWN_ARCH-63-GW311_20251021,P63,ARCH,GW311,2024,GOWN
GLC_25GOWN_ARCH-64-GW148_20251021,P64,ARCH,GW148,2024,GOWN
MLA_24MESO_BACT-M20E-D128-GP1_20251031,M20E,BACT,D128-GP1,D128,MESO
MLA_24MESO_BACT-M21E-D128-GP2_20251031,M21E,BACT,D128-GP2,D128,MESO
MLA_24MESO_BACT-M22E-D128-GP3_20251031,M22E,BACT,D128-GP3,D128,MESO
MLA_24MESO_BACT-M23E-D128-YP1_20251031,M23E,BACT,D128-YP1,D128,MESO
MLA_24MESO_BACT-M24E-D128-YP2_20251031,M24E,BACT,D128-YP2,D128,MESO
MLA_24MESO_BACT-M25E-D128-YP3_20251031,M25E,BACT,D128-YP3,D128,MESO
MLA_24MESO_BACT-M26E-D128-OP1_20251031,M26E,BACT,D128-OP1,D128,MESO
MLA_24MESO_BACT-M27E-D128-OP2_20251031,M27E,BACT,D128-OP2,D128,MESO
MLA_24MESO_BACT-M28E-D128-OP3_20251031,M28E,BACT,D128-OP3,D128,MESO
MLA_24MESO_BACT-M29E-D128-BP1_20251031,M29E,BACT,D128-BP1,D128,MESO
MLA_24MESO_BACT-M30E-D128-BP2_20251031,M30E,BACT,D128-BP2,D128,MESO
MLA_24MESO_BACT-M31E-D128-BP3_20251031,M31E,BACT,D128-BP3,D128,MESO
MLA_24MESO_BACT-M32E-D128-NC_20251031,M32E,BACT,D128-NC,D128,MESO
MLA_24MESO_BACT-M34E-D128-NC_20251031,M34E,BACT,D128-NC,D128,MESO
MLA_25MESO_BACT-M1E-D0-SA1_20251031,M1E,BACT,D0-SA1,D0,MESO
MLA_25MESO_BACT-M2E-D0-SA2_20251031,M2E,BACT,D0-SA2,D0,MESO
MLA_25MESO_BACT-M3E-D0-SA3_20251031,M3E,BACT,D0-SA3,D0,MESO
MLA_25MESO_BACT-M4E-D0-SH1_20251031,M4E,BACT,D0-SH1,D0,MESO
MLA_25MESO_BACT-M5E-D0-SH2_20251031,M5E,BACT,D0-SH2,D0,MESO
MLA_25MESO_BACT-M6E-D0-SH3_20251031,M6E,BACT,D0-SH3,D0,MESO
MLA_25MESO_BACT-M7E-D0-SS1_20251031,M7E,BACT,D0-SS1,D0,MESO
MLA_25MESO_BACT-M8E-D0-SS2_20251031,M8E,BACT,D0-SS2,D0,MESO
MLA_25MESO_BACT-M9E-D0-SS3_20251031,M9E,BACT,D0-SS3,D0,MESO
MLA_25MESO_BACT-M10E-D0-CO1_20251031,M10E,BACT,D0-CO1,D0,MESO
MLA_25MESO_BACT-M11E-D0-CO2_20251031,M11E,BACT,D0-CO2,D0,MESO
MLA_25MESO_BACT-M12E-D0-CO3_20251031,M12E,BACT,D0-CO3,D0,MESO
MLA_25MESO_BACT-M13E-D0-CL1_20251031,M13E,BACT,D0-CL1,D0,MESO
MLA_25MESO_BACT-M14E-D0-CL2_20251031,M14E,BACT,D0-CL2,D0,MESO
MLA_25MESO_BACT-M15E-D0-CL3_20251031,M15E,BACT,D0-CL3,D0,MESO
MLA_25MESO_BACT-M16E-D0-GW1_20251031,M16E,BACT,D0-GW1,D0,MESO
MLA_25MESO_BACT-M17E-D0-GW2_20251031,M17E,BACT,D0-GW2,D0,MESO
MLA_25MESO_BACT-M18E-D0-GW3_20251031,M18E,BACT,D0-GW3,D0,MESO
MLA_25MESO_BACT-M19E-D0-NC_20251031,M19E,BACT,D0-NC,D0,MESO
MLA_25MESO_BACT-M16-D36-SA1_20251031,M16,BACT,D36-SA1,D36,MESO
MLA_25MESO_BACT-M17-D36-SA2_20251031,M17,BACT,D36-SA2,D36,MESO
MLA_25MESO_BACT-M18-D36-SA3_20251031,M18,BACT,D36-SA3,D36,MESO
MLA_25MESO_BACT-M19-D36-SH1_20251031,M19,BACT,D36-SH1,D36,MESO
MLA_25MESO_BACT-M20-D36-SH2_20251031,M20,BACT,D36-SH2,D36,MESO
MLA_25MESO_BACT-M21-D36-SH3_20251031,M21,BACT,D36-SH3,D36,MESO
MLA_25MESO_BACT-M22-D36-SS1_20251031,M22,BACT,D36-SS1,D36,MESO
MLA_25MESO_BACT-M23-D36-SS2_20251031,M23,BACT,D36-SS2,D36,MESO
MLA_25MESO_BACT-M24-D36-SS3_20251031,M24,BACT,D36-SS3,D36,MESO
MLA_25MESO_BACT-M25-D36-CO1_20251031,M25,BACT,D36-CO1,D36,MESO
MLA_25MESO_BACT-M26-D36-CO2_20251031,M26,BACT,D36-CO2,D36,MESO
MLA_25MESO_BACT-M27-D36-CO3_20251031,M27,BACT,D36-CO3,D36,MESO
MLA_25MESO_BACT-M28-D36-CL1_20251031,M28,BACT,D36-CL1,D36,MESO
MLA_25MESO_BACT-M29-D36-CL2_20251031,M29,BACT,D36-CL2,D36,MESO
MLA_25MESO_BACT-M30-D36-CL3_20251031,M30,BACT,D36-CL3,D36,MESO
MLA_25MESO_BACT-M47-D36-NC_20251031,M47,BACT,D36-NC,D36,MESO
MLA_25MESO_BACT-M31-D56-SA1_20251031,M31,BACT,D56-SA1,D56,MESO
MLA_25MESO_BACT-M32-D56-SA2_20251031,M32,BACT,D56-SA2,D56,MESO
MLA_25MESO_BACT-M33-D56-SA3_20251031,M33,BACT,D56-SA3,D56,MESO
MLA_25MESO_BACT-M34-D56-SH1_20251031,M34,BACT,D56-SH1,D56,MESO
MLA_25MESO_BACT-M35-D56-SH2_20251031,M35,BACT,D56-SH2,D56,MESO
MLA_25MESO_BACT-M36-D56-SH3_20251031,M36,BACT,D56-SH3,D56,MESO
MLA_25MESO_BACT-M37-D56-SS1_20251031,M37,BACT,D56-SS1,D56,MESO
MLA_25MESO_BACT-M38-D56-SS2_20251031,M38,BACT,D56-SS2,D56,MESO
MLA_25MESO_BACT-M39-D56-SS3_20251031,M39,BACT,D56-SS3,D56,MESO
MLA_25MESO_BACT-M40-D56-CO1_20251031,M40,BACT,D56-CO1,D56,MESO
MLA_25MESO_BACT-M41-D56-CO2_20251031,M41,BACT,D56-CO2,D56,MESO
MLA_25MESO_BACT-M42-D56-CO3_20251031,M42,BACT,D56-CO3,D56,MESO
MLA_25MESO_BACT-M43-D56-CL1_20251031,M43,BACT,D56-CL1,D56,MESO
MLA_25MESO_BACT-M44-D56-CL2_20251031,M44,BACT,D56-CL2,D56,MESO
MLA_25MESO_BACT-M45-D56-CL3_20251031,M45,BACT,D56-CL3,D56,MESO
MLA_25MESO_BACT-M66-D56-NC_20251031,M66,BACT,D56-NC,D56,MESO
MLA_25MESO_PROK-M67-D88-SA1-SED_20251031,M67,PROK,D88-SA1-SED,D88,MESO
MLA_25MESO_PROK-M68-D88-SA2-SED_20251031,M68,PROK,D88-SA2-SED,D88,MESO
MLA_25MESO_PROK-M69-D88-SA3-SED_20251031,M69,PROK,D88-SA3-SED,D88,MESO
MLA_25MESO_PROK-M70-D88-SH1-SED_20251031,M70,PROK,D88-SH1-SED,D88,MESO
MLA_25MESO_PROK-M71-D88-SH2-SED_20251031,M71,PROK,D88-SH2-SED,D88,MESO
MLA_25MESO_PROK-M72-D88-SH3-SED_20251031,M72,PROK,D88-SH3-SED,D88,MESO
MLA_25MESO_PROK-M73-D88-SS1-SED_20251031,M73,PROK,D88-SS1-SED,D88,MESO
MLA_25MESO_PROK-M74-D88-SS2-SED_20251031,M74,PROK,D88-SS2-SED,D88,MESO
MLA_25MESO_PROK-M75-D88-SS3-SED_20251031,M75,PROK,D88-SS3-SED,D88,MESO
MLA_25MESO_PROK-M76-D88-CO1-SED_20251031,M76,PROK,D88-CO1-SED,D88,MESO
MLA_25MESO_PROK-M77-D88-CO2-SED_20251031,M77,PROK,D88-CO2-SED,D88,MESO
MLA_25MESO_PROK-M78-D88-CO3-SED_20251031,M78,PROK,D88-CO3-SED,D88,MESO
MLA_25MESO_PROK-M79-D88-NC-SED_20251031,M79,PROK,D88-NC-SED,D88,MESO
GLC_25GOWN_BACT-1-GW222_20251021,P01,BACT,GW222,2024,GOWN
GLC_25GOWN_BACT-2-GW250_20251021,P02,BACT,GW250,2024,GOWN
GLC_25GOWN_BACT-3-GW112_20251021,P03,BACT,GW112,2024,GOWN
GLC_25GOWN_BACT-4-GW192_20251021,P04,BACT,GW192,2024,GOWN
GLC_25GOWN_BACT-5-GW972_20251021,P05,BACT,GW972,2024,GOWN
GLC_25GOWN_BACT-6-GW3026_20251021,P06,BACT,GW3026,2024,GOWN
GLC_25GOWN_BACT-7-GW3016_20251021,P07,BACT,GW3016,2024,GOWN
GLC_25GOWN_BACT-8-GW193_20251021,P08,BACT,GW193,2024,GOWN
GLC_25GOWN_BACT-10-GW150_20251021,P10,BACT,GW150,2024,GOWN
GLC_25GOWN_ARCH-1-GW222_20251021,P01,ARCH,GW222,2024,GOWN
GLC_25GOWN_ARCH-2-GW250_20251021,P02,ARCH,GW250,2024,GOWN
GLC_25GOWN_ARCH-3-GW112_20251021,P03,ARCH,GW112,2024,GOWN
GLC_25GOWN_ARCH-4-GW192_20251021,P04,ARCH,GW192,2024,GOWN
GLC_25GOWN_ARCH-5-GW972_20251021,P05,ARCH,GW972,2024,GOWN
GLC_25GOWN_ARCH-6-GW3026_20251021,P06,ARCH,GW3026,2024,GOWN
GLC_25GOWN_ARCH-7-GW3016_20251021,P07,ARCH,GW3016,2024,GOWN
GLC_25GOWN_ARCH-8-GW193_20251021,P08,ARCH,GW193,2024,GOWN
GLC_25GOWN_ARCH-10-GW150_20251021,P10,ARCH,GW150,2024,GOWN
GLC_25GOWN_ARCH-G1-GW265_20251031,G01,ARCH,GW265,2025,GOWN
GLC_25GOWN_ARCH-G2-GW146_20251031,G02,ARCH,GW146,2025,GOWN
GLC_25GOWN_ARCH-G3-GW112_20251031,G03,ARCH,GW112,2025,GOWN
GLC_25GOWN_ARCH-G4-GW109_20251031,G04,ARCH,GW109,2025,GOWN
GLC_25GOWN_ARCH-G5-GW101_20251031,G05,ARCH,GW101,2025,GOWN
GLC_25GOWN_ARCH-G6-GW332_20251031,G06,ARCH,GW332,2025,GOWN
GLC_25GOWN_ARCH-G7-GW277_20251031,G07,ARCH,GW277,2025,GOWN
GLC_25GOWN_ARCH-G8-GW281_20251031,G08,ARCH,GW281,2025,GOWN
GLC_25GOWN_ARCH-G9-GW275_20251031,G09,ARCH,GW275,2025,GOWN
GLC_25GOWN_ARCH-G10-GW222_20251031,G10,ARCH,GW222,2025,GOWN
GLC_25GOWN_ARCH-G11-GW3050_20251031,G11,ARCH,GW3050,2025,GOWN
GLC_25GOWN_ARCH-G12-GW114_20251031,G12,ARCH,GW114,2025,GOWN
GLC_25GOWN_ARCH-G13-GW126_20251031,G13,ARCH,GW126,2025,GOWN
GLC_25GOWN_ARCH-G14-GW328_20251031,G14,ARCH,GW328,2025,GOWN
GLC_25GOWN_ARCH-G15-GW3089_20251031,G15,ARCH,GW3089,2025,GOWN
GLC_25GOWN_ARCH-G16-GW340_20251031,G16,ARCH,GW340,2025,GOWN
GLC_25GOWN_ARCH-G17-GW628_20251031,G17,ARCH,GW628,2025,GOWN
GLC_25GOWN_ARCH-G18-GW626_20251031,G18,ARCH,GW626,2025,GOWN
GLC_25GOWN_ARCH-G19-GW175_20251031,G19,ARCH,GW175,2025,GOWN
GLC_25GOWN_ARCH-G20-GW3103_20251031,G20,ARCH,GW3103,2025,GOWN
GLC_25GOWN_ARCH-G21-GW292_20251031,G21,ARCH,GW292,2025,GOWN
GLC_25GOWN_ARCH-G22-GW429_20251031,G22,ARCH,GW429,2025,GOWN
GLC_25GOWN_ARCH-G23-GW374_20251031,G23,ARCH,GW374,2025,GOWN
GLC_25GOWN_ARCH-G24-GW373_20251031,G24,ARCH,GW373,2025,GOWN
GLC_25GOWN_ARCH-G25-GW364_20251031,G25,ARCH,GW364,2025,GOWN
GLC_25GOWN_ARCH-G26-GW449_20251031,G26,ARCH,GW449,2025,GOWN
GLC_25GOWN_ARCH-G27-GW143_20251031,G27,ARCH,GW143,2025,GOWN
GLC_25GOWN_ARCH-G28-GW178_20251031,G28,ARCH,GW178,2025,GOWN
GLC_25GOWN_ARCH-G29-GW176_20251031,G29,ARCH,GW176,2025,GOWN
GLC_25GOWN_ARCH-G30-GW148_20251031,G30,ARCH,GW148,2025,GOWN
GLC_25GOWN_ARCH-G31-GW339_20251031,G31,ARCH,GW339,2025,GOWN
GLC_25GOWN_ARCH-G32-GW376_20251031,G32,ARCH,GW376,2025,GOWN
GLC_25GOWN_ARCH-G33-GW237_20251031,G33,ARCH,GW237,2025,GOWN
GLC_25GOWN_ARCH-G34-GW267_20251031,G34,ARCH,GW267,2025,GOWN
GLC_25GOWN_ARCH-G35-GW294_20251031,G35,ARCH,GW294,2025,GOWN
GLC_25GOWN_ARCH-G36-GW3021_20251031,G36,ARCH,GW3021,2025,GOWN
GLC_25GOWN_ARCH-G37-GW4016_20251031,G37,ARCH,GW4016,2025,GOWN
GLC_25GOWN_ARCH-G38-GW481_20251031,G38,ARCH,GW481,2025,GOWN
GLC_25GOWN_ARCH-G39-GW931_20251031,G39,ARCH,GW931,2025,GOWN
GLC_25GOWN_ARCH-G40-GW456_20251031,G40,ARCH,GW456,2025,GOWN
GLC_25GOWN_ARCH-G41-GW162_20251031,G41,ARCH,GW162,2025,GOWN
GLC_25GOWN_ARCH-G42-GW274_20251031,G42,ARCH,GW274,2025,GOWN
GLC_25GOWN_ARCH-G43-GW295_20251031,G43,ARCH,GW295,2025,GOWN
GLC_25GOWN_ARCH-G44-NC_20251031,G44,ARCH,NC,2025,GOWN
GLC_25GOWN_ARCH-G45-NC_20251031,G45,ARCH,NC,2025,GOWN
GLC_25GOWN_ARCH-G46-GW760_20251031,G46,ARCH,GW760,2025,GOWN
GLC_25GOWN_ARCH-G47-GW218_20251031,G47,ARCH,GW218,2025,GOWN
GLC_25GOWN_ARCH-G48-GW217_20251031,G48,ARCH,GW217,2025,GOWN
GLC_25GOWN_BACT-G1-GW265_20251031,G01,BACT,GW265,2025,GOWN
GLC_25GOWN_BACT-G2-GW146_20251031,G02,BACT,GW146,2025,GOWN
GLC_25GOWN_BACT-G3-GW112_20251031,G03,BACT,GW112,2025,GOWN
GLC_25GOWN_BACT-G4-GW109_20251031,G04,BACT,GW109,2025,GOWN
GLC_25GOWN_BACT-G5-GW101_20251031,G05,BACT,GW101,2025,GOWN
GLC_25GOWN_BACT-G6-GW332_20251031,G06,BACT,GW332,2025,GOWN
GLC_25GOWN_BACT-G7-GW277_20251031,G07,BACT,GW277,2025,GOWN
GLC_25GOWN_BACT-G8-GW281_20251031,G08,BACT,GW281,2025,GOWN
GLC_25GOWN_BACT-G9-GW275_20251031,G09,BACT,GW275,2025,GOWN
GLC_25GOWN_BACT-G10-GW222_20251031,G10,BACT,GW222,2025,GOWN
GLC_25GOWN_BACT-G11-GW3050_20251031,G11,BACT,GW3050,2025,GOWN
GLC_25GOWN_BACT-G12-GW114_20251031,G12,BACT,GW114,2025,GOWN
GLC_25GOWN_BACT-G13-GW126_20251031,G13,BACT,GW126,2025,GOWN
GLC_25GOWN_BACT-G14-GW328_20251031,G14,BACT,GW328,2025,GOWN
GLC_25GOWN_BACT-G15-GW3089_20251031,G15,BACT,GW3089,2025,GOWN
GLC_25GOWN_BACT-G16-GW340_20251031,G16,BACT,GW340,2025,GOWN
GLC_25GOWN_BACT-G17-GW628_20251031,G17,BACT,GW628,2025,GOWN
GLC_25GOWN_BACT-G18-GW626_20251031,G18,BACT,GW626,2025,GOWN
GLC_25GOWN_BACT-G19-GW175_20251031,G19,BACT,GW175,2025,GOWN
GLC_25GOWN_BACT-G20-GW3103_20251031,G20,BACT,GW3103,2025,GOWN
GLC_25GOWN_BACT-G21-GW292_20251031,G21,BACT,GW292,2025,GOWN
GLC_25GOWN_BACT-G22-GW429_20251031,G22,BACT,GW429,2025,GOWN
GLC_25GOWN_BACT-G23-GW374_20251031,G23,BACT,GW374,2025,GOWN
GLC_25GOWN_BACT-G24-GW373_20251031,G24,BACT,GW373,2025,GOWN
GLC_25GOWN_BACT-G25-GW364_20251031,G25,BACT,GW364,2025,GOWN
GLC_25GOWN_BACT-G26-GW449_20251031,G26,BACT,GW449,2025,GOWN
GLC_25GOWN_BACT-G27-GW143_20251031,G27,BACT,GW143,2025,GOWN
GLC_25GOWN_BACT-G28-GW178_20251031,G28,BACT,GW178,2025,GOWN
GLC_25GOWN_BACT-G29-GW176_20251031,G29,BACT,GW176,2025,GOWN
GLC_25GOWN_BACT-G30-GW148_20251031,G30,BACT,GW148,2025,GOWN
GLC_25GOWN_BACT-G31-GW339_20251031,G31,BACT,GW339,2025,GOWN
GLC_25GOWN_BACT-G32-GW376_20251031,G32,BACT,GW376,2025,GOWN
GLC_25GOWN_BACT-G33-GW237_20251031,G33,BACT,GW237,2025,GOWN
GLC_25GOWN_BACT-G34-GW267_20251031,G34,BACT,GW267,2025,GOWN
GLC_25GOWN_BACT-G35-GW294_20251031,G35,BACT,GW294,2025,GOWN
GLC_25GOWN_BACT-G36-GW3021_20251031,G36,BACT,GW3021,2025,GOWN
GLC_25GOWN_BACT-G37-GW4016_20251031,G37,BACT,GW4016,2025,GOWN
GLC_25GOWN_BACT-G38-GW481_20251031,G38,BACT,GW481,2025,GOWN
GLC_25GOWN_BACT-G39-GW931_20251031,G39,BACT,GW931,2025,GOWN
GLC_25GOWN_BACT-G40-GW456_20251031,G40,BACT,GW456,2025,GOWN
GLC_25GOWN_BACT-G41-GW162_20251031,G41,BACT,GW162,2025,GOWN
GLC_25GOWN_BACT-G42-GW274_20251031,G42,BACT,GW274,2025,GOWN
GLC_25GOWN_BACT-G43-GW295_20251031,G43,BACT,GW295,2025,GOWN
GLC_25GOWN_BACT-G44-NC_20251031,G44,BACT,NC,2025,GOWN
GLC_25GOWN_BACT-G45-NC_20251031,G45,BACT,NC,2025,GOWN
GLC_25GOWN_BACT-G46-GW760_20251031,G46,BACT,GW760,2025,GOWN
GLC_25GOWN_BACT-G47-GW218_20251031,G47,BACT,GW218,2025,GOWN
GLC_25GOWN_BACT-G48-GW217_20251031,G48,BACT,GW217,2025,GOWN
GLC_25GOWN_ARCH-09-GW110_20251021,P09,ARCH,GW110,2024,GOWN
GLC_25GOWN_ARCH-11-GW3103_20251021,P11,ARCH,GW3103,2024,GOWN
GLC_25GOWN_ARCH-12-GW339_20251021,P12,ARCH,GW339,2024,GOWN
GLC_25GOWN_ARCH-13-GW980_20251021,P13,ARCH,GW980,2024,GOWN
GLC_25GOWN_ARCH-14-GW117_20251021,P14,ARCH,GW117,2024,GOWN
GLC_25GOWN_ARCH-15-GW160_20251021,P15,ARCH,GW160,2024,GOWN
GLC_25GOWN_ARCH-16-GW984_20251021,P16,ARCH,GW984,2024,GOWN
GLC_25GOWN_ARCH-17-GW3022_20251021,P17,ARCH,GW3022,2024,GOWN
GLC_25GOWN_ARCH-18-GW982_20251021,P18,ARCH,GW982,2024,GOWN
GLC_25GOWN_ARCH-19-GW989_20251021,P19,ARCH,GW989,2024,GOWN
GLC_25GOWN_ARCH-20-GW162_20251021,P20,ARCH,GW162,2024,GOWN
GLC_25GOWN_ARCH-21-GW983_20251021,P21,ARCH,GW983,2024,GOWN
GLC_25GOWN_ARCH-22-GW200_20251021,P22,ARCH,GW200,2024,GOWN
GLC_25GOWN_ARCH-23-GW949_20251021,P23,ARCH,GW949,2024,GOWN
GLC_25GOWN_ARCH-24-GW247_20251021,P24,ARCH,GW247,2024,GOWN
GLC_25GOWN_ARCH-25-GW242_20251021,P25,ARCH,GW242,2024,GOWN
GLC_25GOWN_ARCH-26-GW992_20251021,P26,ARCH,GW992,2024,GOWN
GLC_25GOWN_ARCH-27-GW1153_20251021,P27,ARCH,GW1153,2024,GOWN
GLC_25GOWN_ARCH-28-GW1143_20251021,P28,ARCH,GW1143,2024,GOWN
GLC_25GOWN_ARCH-29-GW243_20251021,P29,ARCH,GW243,2024,GOWN
GLC_25GOWN_ARCH-30-GW945_20251021,P30,ARCH,GW945,2024,GOWN
GLC_25GOWN_ARCH-31-GW244_20251021,P31,ARCH,GW244,2024,GOWN
GLC_25GOWN_ARCH-32-GW1144_20251021,P32,ARCH,GW1144,2024,GOWN
GLC_25GOWN_ARCH-33-GW246_20251021,P33,ARCH,GW246,2024,GOWN
GLC_25GOWN_ARCH-34-GW950_20251021,P34,ARCH,GW950,2024,GOWN
GLC_25GOWN_ARCH-35-GW991_20251021,P35,ARCH,GW991,2024,GOWN
GLC_25GOWN_ARCH-36-GW1151_20251021,P36,ARCH,GW1151,2024,GOWN
GLC_25GOWN_ARCH-37-GW313_20251021,P37,ARCH,GW313,2024,GOWN
GLC_25GOWN_ARCH-38-GW3010_20251021,P38,ARCH,GW3010,2024,GOWN
GLC_25GOWN_ARCH-39-GW1150_20251021,P39,ARCH,GW1150,2024,GOWN
GLC_25GOWN_ARCH-40-GW312_20251021,P40,ARCH,GW312,2024,GOWN
GLC_25GOWN_ARCH-41-GW248_20251021,P41,ARCH,GW248,2024,GOWN
GLC_25GOWN_ARCH-42a-GW50_20251021,P42a,ARCH,GW50,2024,GOWN
GLC_25GOWN_ARCH-42b-GW50_20251021,P42b,ARCH,GW50,2024,GOWN
GLC_25GOWN_ARCH-42c-GW50_20251021,P42c,ARCH,GW50,2024,GOWN
GLC_25GOWN_ARCH-43-GW44_20251021,P43,ARCH,GW44,2024,GOWN
GLC_25GOWN_ARCH-44-GW387_20251021,P44,ARCH,GW387,2024,GOWN
GLC_25GOWN_ARCH-45-GW3098_20251021,P45,ARCH,GW3098,2024,GOWN
GLC_25GOWN_ARCH-46-GW281_20251021,P46,ARCH,GW281,2024,GOWN
GLC_25GOWN_ARCH-47-GW369_20251021,P47,ARCH,GW369,2024,GOWN
GLC_25GOWN_ARCH-48-GW275_20251021,P48,ARCH,GW275,2024,GOWN
GLC_25GOWN_ARCH-49-GW239_20251021,P49,ARCH,GW239,2024,GOWN
GLC_25GOWN_ARCH-50-GW381_20251021,P50,ARCH,GW381,2024,GOWN
GLC_25GOWN_ARCH-51-GW277_20251021,P51,ARCH,GW277,2024,GOWN
GLC_25GOWN_ARCH-52-GW379_20251021,P52,ARCH,GW379,2024,GOWN
GLC_25GOWN_ARCH-53-GW389_20251021,P53,ARCH,GW389,2024,GOWN
GLC_25GOWN_ARCH-54-GW273_20251021,P54,ARCH,GW273,2024,GOWN
GLC_25GOWN_ARCH-55-GW238_20251021,P55,ARCH,GW238,2024,GOWN
GLC_25GOWN_BACT-09-GW110_20251021,P09,BACT,GW110,2024,GOWN
GLC_25GOWN_BACT-11-GW3103_20251021,P11,BACT,GW3103,2024,GOWN
GLC_25GOWN_BACT-12-GW339_20251021,P12,BACT,GW339,2024,GOWN
GLC_25GOWN_BACT-13-GW980_20251021,P13,BACT,GW980,2024,GOWN
GLC_25GOWN_BACT-14-GW117_20251021,P14,BACT,GW117,2024,GOWN
GLC_25GOWN_BACT-15-GW160_20251021,P15,BACT,GW160,2024,GOWN
GLC_25GOWN_BACT-16-GW984_20251021,P16,BACT,GW984,2024,GOWN
GLC_25GOWN_BACT-17-GW3022_20251021,P17,BACT,GW3022,2024,GOWN
GLC_25GOWN_BACT-18-GW982_20251021,P18,BACT,GW982,2024,GOWN
GLC_25GOWN_BACT-19-GW989_20251021,P19,BACT,GW989,2024,GOWN
GLC_25GOWN_BACT-20-GW162_20251021,P20,BACT,GW162,2024,GOWN
GLC_25GOWN_BACT-21-GW983_20251021,P21,BACT,GW983,2024,GOWN
GLC_25GOWN_BACT-22-GW200_20251021,P22,BACT,GW200,2024,GOWN
GLC_25GOWN_BACT-23-GW949_20251021,P23,BACT,GW949,2024,GOWN
GLC_25GOWN_BACT-24-GW247_20251021,P24,BACT,GW247,2024,GOWN
GLC_25GOWN_BACT-25-GW242_20251021,P25,BACT,GW242,2024,GOWN
GLC_25GOWN_BACT-26-GW992_20251021,P26,BACT,GW992,2024,GOWN
GLC_25GOWN_BACT-27-GW1153_20251021,P27,BACT,GW1153,2024,GOWN
GLC_25GOWN_BACT-28-GW1143_20251021,P28,BACT,GW1143,2024,GOWN
GLC_25GOWN_BACT-29-GW243_20251021,P29,BACT,GW243,2024,GOWN
GLC_25GOWN_BACT-30-GW945_20251021,P30,BACT,GW945,2024,GOWN
GLC_25GOWN_BACT-31-GW244_20251021,P31,BACT,GW244,2024,GOWN
GLC_25GOWN_BACT-32-GW1144_20251021,P32,BACT,GW1144,2024,GOWN
GLC_25GOWN_BACT-33-GW246_20251021,P33,BACT,GW246,2024,GOWN
GLC_25GOWN_BACT-34-GW950_20251021,P34,BACT,GW950,2024,GOWN
GLC_25GOWN_BACT-35-GW991_20251021,P35,BACT,GW991,2024,GOWN
GLC_25GOWN_BACT-36-GW1151_20251021,P36,BACT,GW1151,2024,GOWN
GLC_25GOWN_BACT-37-GW313_20251021,P37,BACT,GW313,2024,GOWN
GLC_25GOWN_BACT-38-GW3010_20251021,P38,BACT,GW3010,2024,GOWN
GLC_25GOWN_BACT-39-GW1150_20251021,P39,BACT,GW1150,2024,GOWN
GLC_25GOWN_BACT-40-GW312_20251021,P40,BACT,GW312,2024,GOWN
GLC_25GOWN_BACT-41-GW248_20251021,P41,BACT,GW248,2024,GOWN
GLC_25GOWN_BACT-42a-GW50_20251021,P42a,BACT,GW50,2024,GOWN
GLC_25GOWN_BACT-42b-GW50_20251021,P42b,BACT,GW50,2024,GOWN
GLC_25GOWN_BACT-42c-GW50_20251021,P42c,BACT,GW50,2024,GOWN
GLC_25GOWN_BACT-43-GW44_20251021,P43,BACT,GW44,2024,GOWN
GLC_25GOWN_BACT-44-GW387_20251021,P44,BACT,GW387,2024,GOWN
GLC_25GOWN_BACT-45-GW3098_20251021,P45,BACT,GW3098,2024,GOWN
GLC_25GOWN_BACT-46-GW281_20251021,P46,BACT,GW281,2024,GOWN
GLC_25GOWN_BACT-47-GW369_20251021,P47,BACT,GW369,2024,GOWN
GLC_25GOWN_BACT-48-GW275_20251021,P48,BACT,GW275,2024,GOWN
GLC_25GOWN_BACT-49-GW239_20251021,P49,BACT,GW239,2024,GOWN
GLC_25GOWN_BACT-50-GW381_20251021,P50,BACT,GW381,2024,GOWN
GLC_25GOWN_BACT-51-GW277_20251021,P51,BACT,GW277,2024,GOWN
GLC_25GOWN_BACT-52-GW379_20251021,P52,BACT,GW379,2024,GOWN
GLC_25GOWN_BACT-53-GW389_20251021,P53,BACT,GW389,2024,GOWN
GLC_25GOWN_BACT-54-GW273_20251021,P54,BACT,GW273,2024,GOWN
GLC_25GOWN_BACT-55-GW238_20251021,P55,BACT,GW238,2024,GOWN
