"","Kingdom","Phylum","Class","Order","Family","C1","C10","C12","C13","C15","C17","C18","C19","C20","C21","C3","C4","C5","C8","C9","E1","E10","E2","E6","E9","OTUs"
"1","d__Bacteria","p__Pseudomonadota","c__Gammaproteobacteria","o__Burkholderiales","f__Nitrosomonadaceae",32.6355103034948,0.0004860650939395,4.24348161824871,1.00154174812759,11.1417532966005,0.00389,6.5939371290083,0,0.0055763850797411,0,0,0,19.6463030840567,0,0,0.0009547019853244,0.251660821675902,0,8.97420647080752,0,"aOTU_1"
"2","d__Bacteria","p__Pseudomonadota","c__Gammaproteobacteria","o__Burkholderiales","f__Methylophilaceae",19.7898540337204,19.7250164147074,1.95906032498338,3.44126521043137,2.31750872126317,57.23494,25.3614544156265,60.0725733784525,1.90197130180109,0,43.0273746281772,13.9169401306518,7.48582469601444,0.0008784176351526,66.6190712500456,0.740454130457829,12.9150685938108,57.7295869331728,5.20060073642008,0,"aOTU_2"
"3","d__Bacteria","p__Pseudomonadota","c__Alphaproteobacteria","o__Parvibaculales","f__Parvibaculaceae",13.4533899711384,0,0.0501058733571801,0.0588406996175066,1.86139385387414,0.05024,0.0010973250274864,0.0438381464878961,0,0.101162336522763,0.0411559065341262,0.0127677798920222,0.0004696501818487,0,1.30213560680652,0.0013715885189161,0,0.183918020469316,0,0,"aOTU_3"
"4","d__Bacteria","p__Pseudomonadota","c__Gammaproteobacteria","o__Burkholderiales","f__Burkholderiaceae",6.70144176702602,4.0997381287009,4.58602268743504,7.46766106400489,5.66416246840126,8.35455,9.70141790952498,2.32453579282512,0.655868912254819,0.169528021120795,30.7689685561748,2.96500725563026,2.18109771302194,55.1948818252079,6.89334424723956,0.355448278496092,3.62513322168202,7.53056020028242,2.48077387438028,0.0373692989819785,"aOTU_4"
"5","d__Bacteria","p__Myxococcota","c__Myxococcia","o__Myxococcales","f__Myxococcaceae",1.53044179934415,0.0006363033957026,0.21772588439342,0.0181698519906721,0.0008500552484671,0,1.26086564676151,0,0,0,0,0,0.451681365891213,1.25084628414031,0,0,0,0,0.094144650729793,0,"aOTU_5"
"6","d__Bacteria","p__Pseudomonadota","c__Gammaproteobacteria","o__Pseudomonadales","f__Pseudohongiellaceae",2.17822458967145,0.0003711769808265,0.398668901729316,0.0004370878908292,0.766285229022012,0,0,0,0,0.000351562372153,0,0,0,0.0120663259650429,0.0036392834175699,0,0.198483058110575,0.0051335924632395,0,1.01724911575867,"aOTU_6"
"7","d__Bacteria","p__Pseudomonadota","c__Gammaproteobacteria","o__Methylococcales","f__Methylomonadaceae",0.369877409375178,57.451321020258,0.0103616037582295,0.185585351068145,0.0060605153544557,32.77246,0.0165970410407329,3.07842354086714,0.0007404456221584,0.0014928204030764,5.92391255118528,0.002346889582347,1.93501510723866,0.0016002181725649,12.8784209927649,0.215457144048019,0.355200333091355,17.1356831044281,1.29457979410972,29.9262859018521,"aOTU_7"
"8","d__Bacteria","p__Cloacimonadota","c__Cloacimonadia","o__Cloacimonadales","f__Cloacimonadaceae",0.2337074107202,0,0,0,0.0011116107095339,0,0,0.457504399193439,0,0,0,0,0,0,0,0,0,0.0748698894137906,0,0,"aOTU_8"
"9","d__Bacteria","p__Actinomycetota","c__Aquicultoria","o__Aquicultorales","f__Aquicultoraceae",0.112592587564536,0,0,0,0.0005644091528283,0,0,0,0.0005038717096845,0,0,0,0.0123048347644371,0,0,0,0,0.0060848925691153,0,0,"aOTU_9"
"10","d__Bacteria","p__Bacteroidota","c__Bacteroidia","o__UBA7662","f__UBA7662",0.0668465273069799,0.0045159866000563,0,0,0,0,0,0,0,0,0,0,0,0,0,0,0,0,0,0,"aOTU_10"
"11","d__Bacteria","p__Pseudomonadota","c__Alphaproteobacteria","o__Caulobacterales","f__Hyphomonadaceae",0.0431530094646147,0,0,0,0,0,0,0,0,0,0,0,0,0.0001498076587082,0.0018906521169326,0,0,0,0,0,"aOTU_11"
"12","d__Bacteria","p__Pseudomonadota","c__Gammaproteobacteria","o__Burkholderiales","f__SG8-41",0.041078568830262,0.0002916390563637,0.10721863665613,0.0019361909874752,0.273521623410608,0,0.35796310003791,0,0,0,0,0,0.105474037839591,0.0169282654340274,0,0,0,0,0.0568078583335586,0,"aOTU_12"
"13","d__Bacteria","p__Nitrospirota","c__Thermodesulfovibrionia","o__Thermodesulfovibrionales","f__UBA1546",0.0492370032653658,0,0.153523602733576,0.112869820139273,0.067660267954912,0,0.991942634668221,0.386339343484546,0.117340660587037,0.078023620275078,0,0,0.0010661059127966,0,0.0425529870825127,0,0.33255219877139,0.0029224624874201,0.0848208022405523,0,"aOTU_13"
"14","d__Bacteria","p__Bacteroidota","c__Bacteroidia","o__Bacteroidales","f__Lentimicrobiaceae",0.0329433557455427,0.0091115111245756,0,0,0,0.0817,0,0,0.0042875181150296,0,0,0,0,0.0142112992601831,0.0021746937495234,0,0,0,0.0015179427732853,0.0174901847555359,"aOTU_14"
"15","d__Bacteria","p__Pseudomonadota","c__Gammaproteobacteria","o__Burkholderiales","f__Rhodocyclaceae",0.0342979345179745,0.0652476107010105,0.0653326384334683,0.0035328260928185,0.0091062598681941,0.99999,0.20178370282226,0.0003688837637823,0.0463024304926934,0.736597071660848,0,0.150388584356218,0.579506055884986,0.873998309220781,0.0115480676250206,0.0006460150100695,0.614622641094284,0.0052450059891529,0.124259715386458,0.0018413546258897,"aOTU_15"
"16","d__Bacteria","p__Campylobacterota","c__Campylobacteria","o__Campylobacterales","f__Sulfurimonadaceae",0.0150242136988013,2.14953892124954,0.0591949994608902,0,0.0714562636596052,0,0.0645788842068975,5.57295572739372,8.41223190103279,1.19602891472194,0,0,0.0109522422407127,0.0103299190118341,0.0105184167068789,0.0021830852064418,0.107254196169597,0,0.765052357388999,0,"aOTU_16"
"17","d__Bacteria","p__Bacteroidota","c__Bacteroidia","o__Flavobacteriales","f__Flavobacteriaceae",0.0181358746503304,0.561493558971787,0.0398302031548402,0.0314161436904325,0.0081323099276427,0.09733,0.0642588310738806,0.0225904416940319,0,0,3.96372443079715,1.86050797547077,7.98405309142868e-05,0.204834735527345,0.180109023965637,0.200487416918132,0.426150532805732,0.205455112055495,0.105064639044276,0.0050301728409874,"aOTU_17"
"18","d__Bacteria","p__Desulfobacterota","c__Desulfobulbia","o__Desulfobulbales","f__Desulfurivibrionaceae",0.0123073157038094,0.582818560274989,0.0704093285044861,0.0004190264077371,0.0131156297648102,0,0.0061724532796114,0,0.0504286482128544,1.13207623527586,0,0,0,0.0015865992945005,0,0,0.0476908588120238,0.0013026812260641,0.0933994788229075,0.0003382079925103,"aOTU_18"
"19","d__Bacteria","p__Pseudomonadota","c__Gammaproteobacteria","o__Pseudomonadales","f__Moraxellaceae",0.0184067904048168,0,0.0097237123625873,0.179715369063207,1.44400640231912,0,0,0.0011730503688279,8.29544887895373e-05,0.0153272748315866,0,0,0,0.0031187230767435,0.0088407958143893,0,2.92876518881548,0,0,0.10528468490656,"aOTU_19"
"20","d__Bacteria","p__Bacillota_B","c__Desulfotomaculia","o__Ammonifexales","f__Desulforudaceae",0.0101554705681748,0.0086519586721237,0,0,0,0,0,0.0882074855956389,0.200677661741549,0,0,0,0,0,0,0,0,0,0,0,"aOTU_20"
"21","d__Archaea","p__Thermoplasmatota","c__JASEFT01","o__JASEFT01","f__JAUWIS01",0.0100935469671493,0.0003269892450138,0,0,0,0,0,0.0021911695568672,0,0.002422929862136,0.0104217784216718,0,0,0,0.0008343722957355,0,0,0,0,0,"aOTU_21"
"22","d__Bacteria","p__Desulfobacterota","c__BSN033","o__BSN033","f__UBA1163",0.0077017478775411,0,0.0027928405664127,0.0007405208067768,0.0072925792368493,0,0.0015480120923469,0.0146004193705059,0.225310536329331,0.0139674780287844,0.002057373733728,0,0.0006669032582252,0,0.0014645896680464,0,0.0404735975241086,0,0.0245722736208801,0,"aOTU_22"
"23","d__Bacteria","p__Pseudomonadota","c__Gammaproteobacteria","o__Pseudomonadales","f__Pseudomonadaceae",0.006889000614082,0.141515642713705,0.0164166143116829,0,0.000220257230372,0.0422,0.0034422041040796,0,0,0.0171167589781316,0,0.0659430936378872,0.0007561367927764,0,0.128786251476883,17.4288516860258,1.76907744842069,0.0309643899326952,0,0.0003650498966778,"aOTU_23"
"24","d__Bacteria","p__Pseudomonadota","c__Gammaproteobacteria","o__Burkholderiales","f__Thiobacillaceae",0.0081119917343347,0.31121422332874,1.18690766367394,0.0430332896152837,0.695279804380825,0.00541,0.0411039666545975,0.000730389852289,0.337486511892101,0.0055627091257494,0,0,0.0001596810618285,0,0,0,1.67371247618246,1.98512335336847,0.153399616806951,0,"aOTU_24"
"25","d__Bacteria","p__Pseudomonadota","c__Alphaproteobacteria","o__Reyranellales","f__Reyranellaceae",0.0044739801740892,0,0.195812827641566,0.0127333455799441,0.0538150361144944,0,0.105186441920489,0.0002729739851989,0,0.0043612737518449,0,0.0140963495809628,0.0277469327436239,0,0.0091780952530909,0,0.0011972950860462,0,0.0146504476754966,0,"aOTU_25"
"26","d__Bacteria","p__Actinomycetota","c__Actinomycetes","o__Propionibacteriales","f__Propionibacteriaceae",0.0029181496983246,0,0.0041446415032918,0,0.0055133137977502,0,0.0002743312568716,0,0,0.0063312899273333,0,0.0005954794462671,0.0041704936148168,0,0,0,0.006642336374802,0,0,0,"aOTU_26"
"27","d__Bacteria","p__Patescibacteria","c__Paceibacteria","o__JAHIHE01","f__JAHIHE01",0.0024305013402491,0,0,0.0115918598485222,0,0,0,0.0017337536897771,0,0.0937214608502855,0,0,0,0,0.0008166196936986,0,0,0,0,0,"aOTU_27"
"28","d__Bacteria","p__Bacillota_D","c__Dethiobacteria","o__Dethiobacterales","f__Dethiobacteraceae",0.0023995395397364,0,0,0,0,0,0,0,0,0,0,0,0,0,0,0,0,0,0,0,"aOTU_28"
"29","d__Bacteria","p__Desulfobacterota","c__Syntrophia","o__Syntrophales","f__UBA5619",0.0024227608901209,0,0.0904582881208881,0.0386768598934645,0.0113948701525286,0,0.330817369000804,0.0031797780438039,0.342958435763737,0.116551900183049,0,0,0.0145309766264002,0,0,0,0.968519624989408,0,0.0815273264051816,0.0241630821315738,"aOTU_29"
"30","d__Bacteria","p__Bacillota_B","c__TC1","o__TC1","f__TC1",0.0020279979335836,0,0,0,0,0,0,0,0,0,0,0,0.0002301285891058,0,0,0,0,0,0,0,"aOTU_30"
"31","d__Bacteria","p__Actinomycetota","c__Actinomycetes","o__Mycobacteriales","f__Mycobacteriaceae",0.00238405863948,0,0.0100046489876111,0,0,0,0,0,0.0003963381131055,0,0,0,0.045504406119325,0.0138912556256701,0,0.0024758604819413,0.0568729120360148,0.0115355850676467,0.0110441836322975,0,"aOTU_31"
"32","d__Bacteria","p__Bacteroidota","c__UBA10030","o__UBA10030","f__BY39",0.0014087619233291,0,0.001821130357507,0.0015894105121065,0.005151954279171,0,0,0.0028625380069511,0.0083184917925063,0,0,0,0,0,0.0027161481116497,0,0,0,0.011789355539183,0,"aOTU_32"
"33","d__Bacteria","p__Nitrospirota","c__Nitrospiria","o__Nitrospirales","f__Nitrospiraceae",0.0010139989667918,0.0007865416974657,0.543420671488621,0.585434076058104,0.864106971460996,0,0.587428133017835,0,0.0088469426099804,0.0062489419843064,0,2.25181303210269e-05,0.237201520844528,0,0,0,0.0065614003433443,0,0.739307127988762,0,"aOTU_33"
"34","d__Bacteria","p__Bacteroidota","c__Bacteroidia","o__Cytophagales","f__Cyclobacteriaceae",0.0007817854629463,0.334704423686763,0,0.0114256942040747,0.0063220708155225,0,1.02273958410036,3.68883763782364e-05,0,0,0,0,0.0090501590042253,2.01724864721344,0.0727412868463061,0.170099252725255,0,0.0722816675041106,0.319917939036356,0.0035753416351095,"aOTU_34"
"35","d__Bacteria","p__Desulfobacterota","c__UBA8473","o__UBA8473","f__UBA8473",0.0006734191611518,0,0.015035067143919,0.0140951814050899,0.0015039439011341,0,0.0105682850861495,0,0.0093277714061124,0,0.0001349097530313,0,0.0030104576656504,0,0,0,0.0003544439998318,0,0.0077461079703411,0,"aOTU_35"
"36","d__Bacteria","p__Actinomycetota","c__Thermoleophilia","o__Miltoncostaeales","f__Miltoncostaeaceae",0.0005805337596136,0,0.0071093491814838,0.0028573266251732,0.0037787881085703,0,0.0002286093807263,0,0,0,0,0,0,0,0,0,0.0002232718109177,0,5.05980924428457e-05,0,"aOTU_36"
"37","d__Bacteria","p__Desulfobacterota","c__Desulfobacteria","o__Desulfobacterales","f__Desulfosarcinaceae",0.0005186101585881,0,0,0,0,0,0,0,0,0,0,0,0,0,0,0,0,0,0,0,"aOTU_37"
"38","d__Bacteria","p__Pseudomonadota","c__Alphaproteobacteria","o__Rhizobiales","f__Rhizobiaceae",0.00034057980564,0,0.0047990585827589,0,0,0,0,0,0,0,0,0.0001476188543267,0,0.0010214158548286,0.0084857437736508,0.0011010896230741,0.0003265350234671,0.0047822113430511,0.0014535452010853,0,"aOTU_38"
"39","d__Bacteria","p__Pseudomonadota","c__Gammaproteobacteria","o__Burkholderiales","f__Sulfuriferulaceae",0.0002631753043581,0,6.30794275466748,0.0023624419884492,0.0468700503193259,0,0.0026779956027943,0,0,0,0,0,0,0,0,0,0,0,0.0014995434669425,0,"aOTU_39"
"40","d__Bacteria","p__Pseudomonadota","c__Alphaproteobacteria","o__Rhizobiales","f__Xanthobacteraceae",0.0001548090025636,0.0003446643393389,0.718331814228419,0.0038904434580425,0.385907875207943,0,0.472418019422705,0,0,0,0,0.0394442582789988,0.0371399363805988,0,0.0072696905341213,0.141015847912321,0.0233542314219929,0.000411373018757,0.0516744518639026,0,"aOTU_40"
"41","d__Bacteria","p__Pseudomonadota","c__Alphaproteobacteria","o__Rhodobacterales","f__Rhodobacteraceae",0.0001470685524354,1.16000760300744,1.19810216189695,0.121485147574214,1.2694422226916,0.01032,0.0613391626971755,0,0.0052967977286356,0,0.404324529834957,0.038440950472473,0.062327275633147,0.0526846297920638,0,0.0112591187469261,0.0150568927487633,0.0290789302633919,0.719817662745095,0.344752048746398,"aOTU_41"
"42","d__Bacteria","p__Riflebacteria","c__Ozemobacteria","o__Ozemobacterales","f__Ozemobacteraceae",0.000131587652179,0,0,0,0,0,0,0,0.0008925288516059,0,0,0,0,0.0913350057387814,0,0,0,0,0.0020239236977138,0.0068554223243767,"aOTU_42"
"43","d__Bacteria","p__Desulfobacterota","c__Desulfovibrionia","o__Desulfovibrionales","f__Desulfovibrionaceae",1.54809002563641e-05,0,0,0,0,0,0,0,0,0,0,0,0,0.0015729804164361,0,0,0,0,0.000206992196357,0,"aOTU_43"
"44","d__Bacteria","p__Pseudomonadota","c__Alphaproteobacteria","o__Sphingomonadales","f__Sphingomonadaceae",0,0.745897818065283,0.0513320790969897,0.0021457041913437,0.0946658693100593,0,0.0562966929280115,0.0025526756453739,0.001626829696817,0.312625519758549,0.0847739160610747,0.265253567123777,0.499144213268847,0.0236083251246071,0.0239748890508691,1.18716237173108,0.0447101801362723,0.0063762817907349,0.0055611903421273,0,"aOTU_44"
"45","d__Bacteria","p__Pseudomonadota","c__Gammaproteobacteria","o__Pseudomonadales","f__Halomonadaceae",0,0,0,0,0,0,0,0,0,0,0.067050147256581,0,0.743071124717449,0.002281162075784,0.0111220051761344,0.0306522984088165,0.0623095806318611,0,0,0,"aOTU_45"
"46","d__Bacteria","p__Desulfobacterota","c__Desulfovibrionia","o__Desulfovibrionales","f__Desulfomicrobiaceae",0,0,0,0,0,0.03269,0,0.0255636448301178,0.0198107608783309,0,0.0072345355063061,0,0,0.345143226785646,0,0.0065174322198148,0,0.0465451430181201,0.0573230389111584,0.0026788220359154,"aOTU_46"
"47","d__Bacteria","p__Pseudomonadota","c__Gammaproteobacteria","o__Xanthomonadales","f__Xanthomonadaceae",0,0.643426458715667,0.0056385633210652,0,0.620547214419435,0.00124,0,0,0,0.0030669330063203,0.0040557244505049,0.0098704471240501,0,0.0308127116206654,0,0,0,0,0,0.0001825249483389,"aOTU_47"
"48","d__Bacteria","p__Elusimicrobiota","c__Elusimicrobia","o__Elusimicrobiales","f__UBA9959",0,0,0,0,0,0,0,0,0,0,0.0040135651526826,0,0,0,0,0,0,0,0,0,"aOTU_48"
"49","d__Bacteria","p__Chloroflexota","c__Anaerolineae","o__Anaerolineales","f__Anaerolineaceae",0,0,0.0006907735838819,0,0.0088756780801484,0,0.0060548827409521,0,0.0569390393885962,0.229800380959291,0.0040810200291983,0,0.106483785730566,0.401913519997025,0,0,0.0005079433698378,0.0172262451604532,0.176748336556032,0,"aOTU_49"
"50","d__Bacteria","p__Atribacterota","c__JS1","o__SB-45","f__34-128",0,0,0.0021119823928257,0,0.0128540743037434,0,0.0003723067057543,0.0005902140220517,0.334795099589151,0,0.001762258648972,0,0,0,0,0,0.0012000859836827,0,0.0061821669311986,0.0248717084015955,"aOTU_50"
"51","d__Bacteria","p__Bacteroidota","c__Bacteroidia","o__Bacteroidales","f__F082",0,0,0.0003635650441484,0.0029765324135812,0,0,0,0,0,0,0.001450279845087,0,0,0.584971669499423,0,0,0.0029025335419302,0,0.0015593412125567,0,"aOTU_51"
"52","d__Archaea","p__Halobacteriota","c__Methanosarcinia","o__Methanosarcinales","f__Methanoperedenaceae",0,0,0,0,0,0,0,0,0,0.0006059964012488,0.0008684815351393,0,0,0,0,0,0,0,0,0,"aOTU_52"
"53","d__Bacteria","p__Actinomycetota","c__Actinomycetes","o__Actinomycetales","f__Demequinaceae",0,0,0,0,0,0,0,0,0,0,0.0006239576077699,0,0,0,0,0,0,0,0,0,"aOTU_53"
"54","d__Bacteria","p__Desulfobacterota","c__QYQD01","o__QYQD01","f__QYQD01",0,0.0036587445252903,0,0.0020553967758831,0.0085934735037342,0,0.0001698241113967,0.930612581594872,0.160354099218649,0.260813883194632,0.0005986620290766,0,0,0,0.0147790411957412,0,0,0.0033424057774013,0,0,"aOTU_54"
"55","d__Bacteria","p__Pseudomonadota","c__Alphaproteobacteria","o__Caulobacterales","f__Caulobacteraceae",0,0,0.993986830701739,0.02294169582361,0.117679308364713,0.00606,0.745207795898569,0.0009369647600072,0,0.0674873065390789,0,2.9546964539577,0.371225593238704,0.0086003214976575,0.341462423879262,9.06700842438304,0.551955825564955,0.0005313568158945,2.0873599061574,0,"aOTU_55"
"56","d__Bacteria","p__Patescibacteria","c__Paceibacteria","o__Sungbacterales","f__HO2-52-23",0,0,0,0,0,0,0,0,0,0,0,1.53841364338776,0,0,0,0,0,0,0,0,"aOTU_56"
"57","d__Archaea","p__Thermoproteota","c__Nitrososphaeria","o__Nitrososphaerales","f__Nitrosopumilaceae",0,0,0,0,0,0,0,0,0,0.037417638419968,0,0.673742459205125,0,0,0,0,0,0,0,0,"aOTU_57"
"58","d__Bacteria","p__Desulfobacterota_B","c__Binatia","o__UBA9968","f__UBA9968",0,0,0.0018277406310369,0,0,0,0,0,0.003322788134292,0,0,0.128833729610035,0,0,0,0,0,0,0,0,"aOTU_58"
"59","d__Bacteria","p__Patescibacteria","c__Paceibacteria","o__UBA11713","f__2-01-FULL-45-33",0,0,0,0,0,0,0,0,0,0,0,0.0555121952702915,0,0,0,0,0,0,0,0,"aOTU_59"
"60","d__Bacteria","p__Methylomirabilota","c__Methylomirabilia","o__Methylomirabilales","f__Methylomirabilaceae",0,0,0,0,0,0,0,0,0,0.0031946778922979,0,0.0542311638564731,0,0,0,0,0,0,0,0,"aOTU_60"
"61","d__Bacteria","p__CSP1-3","c__CSP1-3","o__CSP1-3","f__13-1-40CM-64-14",0,0,0,0,0,0,0,0,0,0,0,0.042892034232596,0,0,0,0,0,0,0,0,"aOTU_61"
"62","d__Bacteria","p__Acidobacteriota","c__Vicinamibacteria","o__Vicinamibacterales","f__UBA2999",0,0,0.276494521211627,0.0148718251780511,0.448777548402263,0,0.105166846830713,0,0,0,0,0.0416785572097406,0.95691224551682,0,0.0067016072689397,0,0,0,0.0548667315143876,0,"aOTU_62"
"63","d__Bacteria","p__Nitrospirota","c__Thermodesulfovibrionia","o__UBA6902","f__BMS3Bbin08",0,0,0.0007568763191816,0,0,0,0.262959573104631,0,0.008312347015559,0,0,0.0396369133939675,0,0,0,0,0,0,0,0,"aOTU_63"
"64","d__Bacteria","p__Patescibacteria","c__Microgenomatia","o__Daviesbacterales","f__UBA10151",0,0,0,0,0,0,0,0,0,0.0021716630616182,0,0.0307472559461221,0,0,0,0,0,0,0,0,"aOTU_64"
"65","d__Bacteria","p__Patescibacteria","c__Microgenomatia","o__Levybacterales","f__UBA12049",0,0,0,0,0,0,0,0,0,0,0,0.017301430129989,0,0,0,0,0,0,0,0,"aOTU_65"
"66","d__Bacteria","p__Omnitrophota","c__Koll11","o__Gygaellales","f__UBA12090",0,0,0,0,0,0,0,0,0,0.0017958186037008,0,0.0198609909431457,0,0,0,0,0,0,0,0,"aOTU_66"
"67","d__Bacteria","p__Nitrospirota","c__Nitrospiria","o__","f__",0,0,0,0,0,0,0,0,0,0,0,0.0148119257222754,0,0,0,0,0,0,0,0,"aOTU_67"
"68","d__Bacteria","p__Nitrospirota","c__9FT-COMBO-42-15","o__HDB-SIOI813","f__HDB-SIOI813",0,0,0,0,0,0,0,0,0,0.0100485605349939,0,0.0116568854628515,0.0015357560946453,0,0,0,0,0,0,0,"aOTU_68"
"69","d__Bacteria","p__Patescibacteria","c__Paceibacteria","o__UBA9973","f__UBA9973",0,0,0,0.0082866084426643,0,0,0,0,0.0092970475213755,0.0025812912910338,0,0.0090122561573709,0,0,0,0,0,0,0,0,"aOTU_69"
"70","d__Bacteria","p__Omnitrophota","c__Koll11","o__Pluralincolimonadales","f__Pluralincolimonadaceae",0,0,0,0,0,0,0,0,0.0297330394541017,0.103417403270267,0,0.0077837670476349,0,0,0,0,0,0,0,0,"aOTU_70"
"71","d__Bacteria","p__Methylomirabilota","c__Methylomirabilia","o__Methylomirabilales","f__CSP1-5",0,0,0,0,0,0,0,0,0,0,0,0.0080139523798054,0,0,0,0,0,0,0,0,"aOTU_71"
"72","d__Bacteria","p__Planctomycetota","c__Brocadiia","o__Brocadiales","f__Brocadiaceae",0,0,0,0,0,0,0,0,0,0.0080088653307905,0,0.006295068431967,0,0,0,0,0,0,0,0,"aOTU_72"
"73","d__Bacteria","p__Methylomirabilota","c__Methylomirabilia","o__Rokubacteriales","f__CSP1-6",0,0,0.0068383279667549,0,0,0,0,0,0,0,0,0.0110163697559423,0,0,0,0,0,0,0,0,"aOTU_73"
"74","d__Archaea","p__Nanoarchaeota","c__Nanoarchaeia","o__SCGC-AAA011-G17","f__GW2011-AR18",0,0,0,0,0,0,0,0,0,0,0,0.0038130700676938,0,0,0,0,0,0,0,0,"aOTU_74"
"75","d__Bacteria","p__Patescibacteria","c__Paceibacteria","o__UBA6257","f__JACOXY01",0,0,0,0,0,0,0,0,0,0,0,0.00219426669906,0,0,0,0,0,0,0,0,"aOTU_75"
"76","d__Bacteria","p__Pseudomonadota","c__Alphaproteobacteria","o__Rhizobiales","f__Aestuariivirgaceae",0,0,0.245531999997243,0.0018531081652514,0.0187769288892166,0,0.0353168834739248,0,0,0.0017704807750772,0,0.0012885374572587,0,0,0,0,0.0032569775417621,0,0,0,"aOTU_76"
"77","d__Bacteria","p__Pseudomonadota","c__Gammaproteobacteria","o__Burkholderiales","f__SG8-39",0,0,0.0007436557721217,0.0005418444927635,0.0067488191993683,0,0.0013781879809502,0,0,0.0003304475149667,0,0.0009507655024433,0,0,0,0,0,0,0,0,"aOTU_77"
"78","d__Bacteria","p__Pseudomonadota","c__Gammaproteobacteria","o__Acidiferrobacterales","f__UBA6901",0,0,0,0,0,0,0,0,0,0,0,0.0008181587349973,0,0,0,0,0,0,0,0,"aOTU_78"
"79","d__Bacteria","p__Acidobacteriota","c__Terriglobia","o__Acidoferrales","f__2-02-FULL-67-57",0,0,0,0,0,0,0,0,0,0,0,0.000745600315074,0,0,0,0,0,0,0,0,"aOTU_79"
"80","d__Bacteria","p__Cyanobacteriota","c__Vampirovibrionia","o__2-02-FULL-35-15","f__2-02-FULL-35-15",0,0,0,0,0,0,0,0,0,0,0,0.0007230821847529,0,0,0,0,0,0,0,0,"aOTU_80"
"81","d__Archaea","p__Nanoarchaeota","c__Nanoarchaeia","o__SCGC-AAA011-G17","f__GW2011-AR17",0,0,0,0,0,0,0,0,0,0,0,0.0005229210263438,0,0,0,0,0,0,0,0,"aOTU_81"
"82","d__Bacteria","p__Methylomirabilota","c__Methylomirabilia","o__Methylomirabilales","f__2-02-FULL-66-22",0,0,0,0,0,0,0,0,0.0023288704630544,0.0030373722062594,0,0.0005179169973836,0,0,0,0,0,0,0,0,"aOTU_82"
"83","d__Bacteria","p__Pseudomonadota","c__Gammaproteobacteria","o__Steroidobacterales","f__Steroidobacteraceae",0,0,0,0,0,0,0,0,0,0,0,0.0004078283602585,0,0,0,0,0,0,0,0,"aOTU_83"
"84","d__Bacteria","p__Patescibacteria","c__Gracilibacteria","o__UBA1369","f__2-02-FULL-48-14",0,0,0,0,0,0,0,0,0,0,0,0.0001251007240057,0,0,0,0,0,0,0,0,"aOTU_84"
"85","d__Bacteria","p__Acidobacteriota","c__Polarisedimenticolia","o__Gp22-AA2","f__Gp22-AA2",0,0,0,0,0,0,0,0,0,0,0,0.0001200966950454,0,0,0,0,0,0,0,0,"aOTU_85"
"86","d__Bacteria","p__Chloroflexota","c__Dehalococcoidia","o__UBA3495","f__UBA3495",0,0,0,0,0,0,0,0,0,0,0,2.00161158409128e-05,0,0,0,0,0,0,0,0,"aOTU_86"
"87","d__Bacteria","p__Pseudomonadota","c__Gammaproteobacteria","o__Burkholderiales","f__Gallionellaceae",0,0,3.60430452440493,0.38648322750179,4.84629919076072,0,10.5534450714921,0,0,0.0002628799719703,0,0,5.37712355852448,0,0,0,0.026030702255369,0,9.42888092949893,0,"aOTU_87"
"88","d__Bacteria","p__Bacteroidota","c__Bacteroidia","o__Chitinophagales","f__Chitinophagaceae",0,0,4.27112578215105,21.6207042363288,0.0164573449318611,0,5.34169332174847,0,0,0.0227417569325808,0,0,2.37689017733287,1.35014152410772,0.0021125596423942,0,0,0.146903019052402,0.307176419393931,0,"aOTU_88"
"89","d__Archaea","p__Methanobacteriota","c__Methanobacteria","o__Methanobacteriales","f__Methanobacteriaceae",0,0,0.0012923084751093,0.0060578214290968,0,0.02108,0.0452319989008562,0.472208106017804,0.0021138032698963,3.09684959172489,0,0,1.1567061293771,3.95121104562414,0,0.0041975063954764,0.0284001743487332,0.240121859157004,4.61656995448524,13.7315075465816,"aOTU_89"
"90","d__Bacteria","p__Bacteroidota","c__Bacteroidia","o__Bacteroidales","f__Prolixibacteraceae",0,0,0,0.0102119625402843,0,0,0.0546180469038209,0,0,0.0423363444015331,0,0,0.722702396330669,0.0088999368150739,0,0,0,0,0,0,"aOTU_90"
"91","d__Bacteria","p__Pseudomonadota","c__Alphaproteobacteria","o__Rhizobiales","f__Beijerinckiaceae",0,0.0041448096192298,0.0573639536930883,0.0089006988677964,0.132508814703356,0,0.137459554782458,0,0,0,0,0,0.905856574248043,0,0.0456330635359194,1.66283308889913,0.0226955795797856,0,0.0156210110850821,0,"aOTU_91"
"92","d__Bacteria","p__Pseudomonadota","c__Gammaproteobacteria","o__Burkholderiales","f__Sulfuricellaceae",0,0.35726668159272,0.197587686084363,0.290471995680701,0.108459478362108,0,0.257165958227366,0.0082703739840006,0.501278613812805,0.119383402531741,0,0,0.322992519562838,0.0028463455154559,0,0,0,0.197476189545852,2.95602795721618,0,"aOTU_92"
"93","d__Bacteria","p__Actinomycetota","c__Coriobacteriia","o__Anaerosomatales","f__Anaerosomataceae",0,0,0,0.0004479247806845,0,0,0.00425213448151,0,0,0.0015899487461337,0,0,0.311641074667554,0.215736647417884,0,0,0,0,0.388887738862541,0,"aOTU_93"
"94","d__Bacteria","p__Bacteroidota","c__Bacteroidia","o__Bacteroidales","f__UBA932",0,0,0,0,0,0,8.49120556983583e-05,0,0.0007911400319742,0,0,0,0.106084583075995,0.101031646920622,0,0,0.0494993604804572,0,0.0114765673313545,0,"aOTU_94"
"95","d__Bacteria","p__Actinomycetota","c__Actinomycetes","o__Propionibacteriales","f__Nocardioidaceae",0,0,0.0041115901356419,0.0011884455874614,0,0.00376,0,0,0,0.0044383429805751,0,0,0.0268170253835633,0,0.0032309735707206,0.0004837156725643,0.0005637613225672,0,0,0,"aOTU_95"
"96","d__Bacteria","p__Bacillota_A","c__Clostridia","o__Eubacteriales","f__Eubacteriaceae",0,0,0,0,0,0,0,0,3.68686616842388e-05,0.0026456916054522,0,0,0.0258260634998625,0.0158183268717803,0,0,0,0,0.0018813290735567,0,"aOTU_96"
"97","d__Bacteria","p__Desulfobacterota","c__Desulfobulbia","o__Desulfobulbales","f__Desulfocapsaceae",0,0.008970110369975,0.0023863087443195,0.0030523906425681,0.000220257230372,8e-05,0.0440236350313026,0,0.144875406088216,0.0002681586862669,0,0,0.01797820896117,0.0031663891499689,0,0,0.0051938605014733,0,3.99099813865483,0,"aOTU_97"
"98","d__Bacteria","p__Bacteroidota","c__Ignavibacteria","o__Ignavibacteriales","f__Melioribacteraceae",0,0,0.0132403778805319,0,0,0,0.0009275009160897,0,0.0008003571973953,0,0,0,0.0122156012298858,0.0001225699025794,0,0,0,0,0.0006485755485855,0,"aOTU_98"
"99","d__Bacteria","p__Spirochaetota","c__Leptospirae","o__Leptospirales","f__Leptospiraceae",0,0,0,0,0,0,0,0,0,0,0,0,0.0118304880807699,0,0,0,0,0,0,0,"aOTU_99"
"100","d__Bacteria","p__Bacillota_I","c__Bacilli_A","o__Erysipelotrichales","f__Erysipelotrichaceae",0,0,0,0,0,0,0.0001632924148045,0,0,0.696293032263503,0,0,0.0129435590117514,1.24142202051976,0,0,0,0,0.0106761975054404,0,"aOTU_100"
"101","d__Bacteria","p__Pseudomonadota","c__Gammaproteobacteria","o__UBA5335","f__UBA5335",0,0,0.0386403539194454,0,0,0,0.008968019421065,0,0,0,0,0,0.0066173710622488,0,0,0,0.0035890943605022,0,0,0,"aOTU_101"
"102","d__Bacteria","p__Krumholzibacteriota","c__Krumholzibacteria","o__LZORAL124-64-63","f__LZORAL124-64-63",0,0,0.0036125144841291,0,0,0,0,0,0,0.0078473366733147,0,0,0.0059457713022051,0,0,0,0.456278272791441,0,0.24167948863996,0,"aOTU_102"
"103","d__Bacteria","p__Pseudomonadota","c__Alphaproteobacteria","o__UBA6184","f__UBA6184",0,0.0003269892450138,0,0,3.7856711470195e-05,0,0,0,0,0,0,0,0.0058565377676538,0,0,0.0116314525212027,0,0.0064791250454241,0,0,"aOTU_103"
"104","d__Bacteria","p__Caldisericota","c__Caldisericia","o__Cryosericales","f__Cryosericaceae",0,0,0,0,0,0,0,0,0,0,0,0,0.0045180347493849,0,0,0,4.74452598200143e-05,0,0,0,"aOTU_104"
"105","d__Bacteria","p__Bacillota_I","c__Bacilli_A","o__Izemoplasmatales","f__UBA5603",0,0,0,0,0,0,0.0088177903994448,0,0.0001305765101316,0,0,0,0.0042597271493681,0,0,0,0.0006502791492978,0,0,0,"aOTU_105"
"106","d__Bacteria","p__Chloroflexota","c__Anaerolineae","o__Anaerolineales","f__Villigracilaceae",0,0.0019972856587333,0.0192193702883906,0.147042146149563,0.0573357102812225,0,0,0.000125420479686,0.140564845059634,0,0,0,0.0042503341457311,0,0,0,0,0,0,0,"aOTU_106"
"107","d__Bacteria","p__Actinomycetota","c__Thermoleophilia","o__UBA2241","f__UBA2241",0,0,0.0058699228946142,0,0,0,0,0,0,0,0,0,0.0036069133965983,0,0,0,0,0,0,0,"aOTU_107"
"108","d__Bacteria","p__Desulfobacterota","c__Syntrophia","o__Syntrophales","f__UBA8958",0,0,0,0,0,0,0,0,0,0,0,0,0.002216748858326,0,0,0,0.0003153714329212,0,0,0,"aOTU_108"
"109","d__Bacteria","p__Desulfobacterota","c__Desulfobaccia","o__Desulfobaccales","f__0-14-0-80-60-11",0,0,0.0444871408567048,0.0836463404962234,0.0003510349609054,0,0.0298694485160455,0.0021837918815915,0.0047959984074247,0,0,0,0.0020993363128638,0.0003268530735451,0,0,0.0066339636818925,0,0.0802117760016676,0,"aOTU_109"
"110","d__Bacteria","p__Bacillota_B","c__Desulfitobacteriia","o__Desulfitobacteriales","f__Desulfitobacteriaceae",0,0,0.0193019987075153,0,0.0003820086339265,0,0,0,0,0,0,0,0.0015874176146487,0,0,0,0,0,0,0,"aOTU_110"
"111","d__Bacteria","p__Bacteroidota","c__Bacteroidia","o__Sphingobacteriales","f__Sphingobacteriaceae",0,0,0.0081306364418643,0,0,0,0.232123433492943,0,0,0,0,0,0.0013056275055395,0,0,0,0,0,0.0148160414325823,0,"aOTU_111"
"112","d__Bacteria","p__Actinomycetota","c__Actinomycetes","o__Actinomycetales","f__Microbacteriaceae",0,0,0.0008593355588962,0,0,0,0,0,0,0.006111695412595,0,0,0.0012633589891731,0,0.0463520439184149,0.090913087722495,0,0.0111842039474584,0.0082014908023267,0,"aOTU_112"
"113","d__Bacteria","p__Bacillota","c__Bacilli","o__Bacillales_H","f__Salisediminibacteriaceae",0,0,0,0,0,0,0,0,0,0,0,0,0.0011036779273445,0,0,0,6.41906456388429e-05,0,0,0,"aOTU_113"
"114","d__Bacteria","p__Planctomycetota","c__Phycisphaerae","o__Sedimentisphaerales","f__UBA12454",0,0,0.0011006105427401,0,0,0,0,0,0.0036546060894501,0,0,0,0.0003616306400235,0,0,0,0,0,0,0,"aOTU_114"
"115","d__Bacteria","p__Chloroflexota","c__Limnocylindria","o__Limnocylindrales","f__CSP1-4",0,0,0.164711490683052,0.0078856435180193,0.103238693698446,0,0.0004441553682683,0.0003983944648849,0.0042967352804506,0.007158992329039,0,0,0.0003287551272941,0,0.0006923514794401,0,0.0006419064563884,0,0.0120883442672544,0,"aOTU_115"
"116","d__Archaea","p__Halobacteriota","c__Methanomicrobia","o__Methanomicrobiales","f__Methanospirillaceae",0,0,0,0,0,0,0.0003069897398325,0,0,0.698979897840469,0,0,0.0001972530763764,0.0271560428603787,0,0,0.016996566606111,0,0.0078657034615696,1.12758007864872,"aOTU_116"
"117","d__Bacteria","p__Gemmatimonadota","c__Gemmatimonadetes","o__Gemmatimonadales","f__GWC2-71-9",0,0.0014140075460059,0.0005056859250427,0,0,0,0,0,0,0,0,0,0,0.004521467517375,0,0,0,0,0,0,"aOTU_117"
"118","d__Bacteria","p__Bacillota_H","c__UBA994","o__UBA994","f__UBA994",0,0,0,0,0,0,0,0,0,0,0,0,0,0.003527289418675,0,0,0,0,0,0,"aOTU_118"
"119","d__Bacteria","p__Spirochaetota","c__GWE2-31-10","o__GWE2-31-10","f__GWE2-31-10",0,0,0,0,0,0,0,0,0,0,0,0,0,0.0031391513938401,0,0,0,0,0,0,"aOTU_119"
"120","d__Bacteria","p__Desulfobacterota","c__Desulfuromonadia","o__Geobacterales","f__Pseudopelobacteraceae",0,0,0,0,0,0,0,0,0,0.004398224751921,0,0,0,0.0020292128315929,0,0,0,0,0,0,"aOTU_120"
"121","d__Bacteria","p__Actinomycetota","c__Nitriliruptoria","o__Nitriliruptorales","f__Nitriliruptoraceae",0,0,0,0,0,0,0,0,0,0,0,0,0,0.0013278406112772,0,0,0,0,0,0,"aOTU_121"
"122","d__Bacteria","p__Actinomycetota","c__Actinomycetes","o__Actinomycetales","f__Micrococcaceae",0,0,0.0005916194809324,0,0,0,0,0,0,0,0,0,0,0.0007762760496698,0,0,0.0081159303268589,0,0.0011407569932568,0,"aOTU_122"
"123","d__Bacteria","p__Bacillota_A","c__Clostridia","o__Tissierellales","f__Dethiosulfatibacteraceae",0,0,0,0,0,0,0,0,0,0,0,0,0,0.0003336625125773,0,0,0,0,0,0,"aOTU_123"
"124","d__Bacteria","p__Actinomycetota","c__Actinomycetes","o__Actinomycetales","f__Cellulomonadaceae",0,0,0,0,0,0,0,0,0,0.0147339473446496,0,0,0,0.0003268530735451,0,0,0,0,0,0,"aOTU_124"
"125","d__Bacteria","p__Bacteroidota","c__Bacteroidia","o__Cytophagales","f__Spirosomataceae",0,0,0.509847092229898,0,0.0088687950416993,0,0,0,0,0,0,0,0,0,0.0309427853503628,0,0,0,0,0,"aOTU_125"
"126","d__Bacteria","p__Omnitrophota","c__Koll11","o__Gygaellales","f__Profunditerraquicolaceae",0,0,0,0.0508286257178424,0,0,0,0.228294783729629,0.0497711570794855,0.321343844290802,0,0,0,0,0.0191195523937697,0,0.0008177330074861,0,0.0039880496498133,0,"aOTU_126"
"127","d__Bacteria","p__Patescibacteria","c__Paceibacteria","o__Paceibacterales","f__GWA2-46-15",0,0,0,0,0,0,0,0,0.0053152320594777,0,0,0,0,0,0.0030800764534067,0,0,0,0,0,"aOTU_127"
"128","d__Bacteria","p__Dependentiae","c__Babeliae","o__Babeliales","f__Vermiphilaceae",0,0,0,0,0,0,0,0,0,0,0,0,0,0,0.0027072718106312,0,0,0,0,0,"aOTU_128"
"129","d__Bacteria","p__Actinomycetota","c__Geothermincolia","o__Fen-727","f__Anoxymicrobiaceae",0,0,0.0001487311544243,0,0.0031627561673735,0,0,0.0016452215864693,0.109948493919347,0,0,0,0,0,0.0023788486729481,0,0.0021936455422665,0,0,0,"aOTU_129"
"130","d__Bacteria","p__Patescibacteria","c__Paceibacteria","o__UBA9983","f__UBA9983",0,0,0.0011072208162701,0.0145539430756298,0.0002581139418422,0,0,0.0289721308074668,0,0.521397614445933,0,0,0,0,0.0017397549996187,0.0003946101539341,0,0.0111156417776655,0,0,"aOTU_130"
"131","d__Archaea","p__Halobacteriota","c__Methanosarcinia","o__Methanosarcinales","f__Methanosarcinaceae",0,0.000132563207438,0,0,0,0,0,0,0,0,0,0,0,0,0,0,0,0,0,0,"aOTU_131"
"132","d__Bacteria","p__Edwardsbacteria","c__AC1","o__AC1","f__EtOH8",0,8.83754716253698e-05,0,0,0,0.00489,0,1.47553505512946e-05,0.0053951141597936,0,0,0,0,0,0,0,0,0,0,0,"aOTU_132"
"133","d__Bacteria","p__Desulfobacterota","c__Desulfuromonadia","o__Desulfuromonadales","f__Trichloromonadaceae",0,3.53501886501479e-05,0,0,0,0,0,0,0,0,0,0,0,0,0,0,0,0,0,0,"aOTU_133"
"134","d__Bacteria","p__Desulfobacterota_E","c__Deferrimicrobia","o__Deferrimicrobiales","f__Deferrimicrobiaceae",0,0,0.0488730573438405,0.0145033709229718,0,0,0,0,0.0034641180040816,0,0,0,0,0,0,0,0,0,0,0,"aOTU_134"
"135","d__Bacteria","p__Omnitrophota","c__Koll11","o__Zapsychrales","f__Zapsychraceae",0,0,0.0346741898014628,0,0.0003097367302106,0,0.0017700897764811,0,0,0,0,0,0,0,0,0,0,0,0,0,"aOTU_135"
"136","d__Bacteria","p__Nitrospirota","c__UBA9217","o__UBA9217","f__UBA9217",0,0,0.0281696806479714,0.0012028947739351,0.0014075813628463,0,0,0,0,0,0,0,0,0,0,0,0.0020708460462618,0,0,0,"aOTU_136"
"137","d__Bacteria","p__Myxococcota","c__Polyangia","o__Polyangiales","f__Ga0077539",0,0,0.0171437443999797,0,0,0,0.0446245511177833,0,0,0,0,0,0,0,0,0,0.024367327264032,0,0.0399356944171624,0,"aOTU_137"
"138","d__Bacteria","p__Actinomycetota","c__Acidimicrobiia","o__Acidimicrobiales","f__Iamiaceae",0,0,0.015256511307173,0,0,0,0,0,0,0,0,0,0,0,0,0,0,0,0.0036108638697848,0,"aOTU_138"
"139","d__Bacteria","p__Patescibacteria","c__Microgenomatia","o__UBA1400","f__CG1-02-47-37",0,0,0.0096146428493428,0,0,0,0,0,0,0,0,0,0,0,0,0,0,0,0,0,"aOTU_139"
"140","d__Bacteria","p__Pseudomonadota","c__Gammaproteobacteria","o__Ga0077536","f__Ga0077536",0,0,0.0070234156255941,0,0,0,0.0062443019421254,0,0,0,0,0,0,0,0,0,0.000633533763479,0,0.0018583299406281,0,"aOTU_140"
"141","d__Bacteria","p__Bacteroidota","c__UBA10030","o__UBA10030","f__UBA10030",0,0,0.0067424790005704,0,0,0,0.0005682576035197,0,0.60062429510946,0,0,0,0,0,0,0,0.026326537404835,0,0,0,"aOTU_141"
"142","d__Bacteria","p__Pseudomonadota","c__Alphaproteobacteria","o__UBA11222","f__UBA11222",0,0,0.0060583156902184,0,0,0,0.0008164620740226,0,0,0,0,0,0,0,0,0,0.0887254267610632,0,0.0008141693056712,0,"aOTU_142"
"143","d__Bacteria","p__Pseudomonadota","c__Gammaproteobacteria","o__Burkholderiales","f__Usitatibacteraceae",0,0,0.0058963639887341,0,0,0,0,0,0,0,0,0,0,0,0,0,0,0,0,0,"aOTU_143"
"144","d__Bacteria","p__Pseudomonadota","c__Gammaproteobacteria","o__Nevskiales","f__Nevskiaceae",0,0,0.0048585510445286,0,0.746610063615185,0,0.0431418559913581,0,0,0,0,0,0,0,0,0,0,0,0,0,"aOTU_144"
"145","d__Bacteria","p__Pseudomonadota","c__Alphaproteobacteria","o__Rhodospirillales_A","f__2-12-FULL-67-15",0,0,0.0044850705900853,0,0,0,0,0,0,0,0,0,0,0,0,0,0,0,0,0,"aOTU_145"
"146","d__Bacteria","p__Actinomycetota","c__Acidimicrobiia","o__Acidimicrobiales","f__JACDCH01",0,0,0.0043859164871357,0,0,0,0,0,0,0,0,0,0,0,0,0,0,0,0,0,"aOTU_146"
"147","d__Bacteria","p__Actinomycetota","c__Humimicrobiia","o__Humimicrobiales","f__Humimicrobiaceae",0,0,0.0039893000753374,0,0.0104312447696509,0,0.0025473616709507,0,0.36820886043473,0,0,0,0,0,0,0,0.0048756981709155,0,0.0109935855398546,0,"aOTU_147"
"148","d__Bacteria","p__Desulfobacterota","c__JAENJC01","o__JAENJC01","f__JAENJC01",0,0,0.0033679343635202,0,0,0,0,0,0,0.0234079306768108,0,0,0,0,0,0,0,0,0,0,"aOTU_148"
"149","d__Bacteria","p__Actinomycetota","c__Thermoleophilia","o__Solirubrobacterales","f__Solirubrobacteraceae",0,0,0.0031332696532062,0,0,0,0,0,0,0,0,0,0,0,0,0.000197305076967,0,0,0.0002575902887999,0,"aOTU_149"
"150","d__Bacteria","p__Bacillota_A","c__Clostridia","o__Clostridiales","f__Clostridiaceae",0,0,0.0029382665840721,0,0,0,0.0016982411139671,0,0.0028880451652653,0,0,0,0,0,0,0,0,0,0,0,"aOTU_150"
"151","d__Bacteria","p__Pseudomonadota","c__Alphaproteobacteria","o__Rhodospirillales_A","f__JACZKS01",0,0,0.0016360426986678,0,0,0,0,0,0,0,0,0,0,0,0,0,0,0,0,0,"aOTU_151"
"152","d__Bacteria","p__Actinomycetota","c__Thermoleophilia","o__Solirubrobacterales","f__JACPNS01",0,0,0.0013914625780588,0,0,0,0,0,0,0,0,0,0,0,0,0,0.0025090169751878,0,0.0002989887280713,0,"aOTU_152"
"153","d__Bacteria","p__Chloroflexota","c__Dehalococcoidia","o__GIF9","f__AB-539-J10",0,0,0.0013815471677639,0,0.0046357263954865,0,0,0,0,0,0,0,0,0,0,0,0,0,0,0,"aOTU_153"
"154","d__Bacteria","p__Pseudomonadota","c__Alphaproteobacteria","o__Rhizobiales","f__Hyphomicrobiaceae",0,0,0.0008659458324262,0,0,0,0,0,0,0,0,0,0,0,0,0,0,0,0,0,"aOTU_154"
"155","d__Bacteria","p__Pseudomonadota","c__Alphaproteobacteria","o__Azospirillales","f__Azospirillaceae",0,0,0.0005321270191626,0,0,0,0,0,0,0,0,0,0,0,0,0,0,0,0,0,"aOTU_155"
"156","d__Bacteria","p__Actinomycetota","c__Acidimicrobiia","o__Acidimicrobiales","f__AC-14",0,0,0.0005189064721027,0,0,0,0,0,0,0,0,0,0,0,0,0,0,0,0,0,"aOTU_156"
"157","d__Bacteria","p__Myxococcota","c__UBA796","o__UBA796","f__SXON01",0,0,0.0004693294206279,0.00478990531603,0,0,0,0,0,0,0,0,0,0,0,0,0.0005135251651107,0,0,0,"aOTU_157"
"158","d__Bacteria","p__Pseudomonadota","c__Alphaproteobacteria","o__Dongiales","f__Dongiaceae",0,0,0.0004164472323881,0,0,0,0,0,0,0,0,0,0,0,0,0,0,0,0,0,"aOTU_158"
"159","d__Bacteria","p__Actinomycetota","c__Actinomycetes","o__S36-B12","f__S36-B12",0,0,0.0002445801206089,0,0,0,0,0,0,0,0,0,0,0,0,0,0,0,0,0,"aOTU_159"
"160","d__Bacteria","p__Actinomycetota","c__Actinomycetes","o__Mycobacteriales","f__Geodermatophilaceae",0,0,0.0002379698470789,0,0,0,0,0,0,0,0,0,0,0,0,0,0,0,0.0001379947975713,0,"aOTU_160"
"161","d__Bacteria","p__Actinomycetota","c__Actinomycetes","o__Mycobacteriales","f__Pseudonocardiaceae",0,0,0.000208223616194,0,0,0,0,0,0,0,0,0,0,0,0,0,0,0,0,0,"aOTU_161"
"162","d__Bacteria","p__Bacteroidota","c__Bacteroidia","o__Bacteroidales","f__VadinHA17",0,0,0.0002511903941388,0,0,0,0,0,0,0,0,0,0,0,0,0,6.41906456388429e-05,0,0,0,"aOTU_162"
"163","d__Bacteria","p__Nitrospirota","c__Thermodesulfovibrionia","o__UBA6902","f__UBA6902",0,0,0.0001487311544243,0,0.0004680466145405,0,0,0,0,0,0,0,0,0,0,0,0,0,0,0,"aOTU_163"
"164","d__Bacteria","p__Pseudomonadota","c__Alphaproteobacteria","o__Rhizobiales","f__Kaistiaceae",0,0,7.60181455946665e-05,0,0.0010531048827163,0,0,0,0,0,0,0,0,0,0,0,0,0,0,0,"aOTU_164"
"165","d__Bacteria","p__Patescibacteria","c__Microgenomatia","o__UBA1400","f__MFAQ01",0,0,0,0.0372861256953713,0,0,0,0,0,0,0,0,0,0,0,0,0,0,0,0,"aOTU_165"
"166","d__Bacteria","p__Verrucomicrobiota","c__Kiritimatiellia","o__JAAZAB01","f__JAAZAB01",0,0,0,0.0170861630051449,0,0,0,0,0.0344245766534211,0.0121611019964903,0,0,0,0,0,0,0,0,0.0005887778029712,0,"aOTU_166"
"167","d__Bacteria","p__Patescibacteria","c__ABY1","o__UBA2196","f__GWA2-42-15",0,0,0,0.0033269251855683,0,0,0,0,0,0,0,0,0,0,0,0,0,0,0,0,"aOTU_167"
"168","d__Bacteria","p__Patescibacteria","c__ABY1","o__UBA1558","f__GWA2-36-10",0,0,0,0.0018458835720146,0,0,0,0,0,0,0,0,0,0,0,0,0,0,0,0,"aOTU_168"
"169","d__Bacteria","p__Patescibacteria","c__Gracilibacteria","o__Peribacterales","f__Peribacteraceae",0,0,0,0.0010728520956718,0,0,0,0,0,0,0,0,0,0,0,0,0,0,0,0,"aOTU_169"
"170","d__Bacteria","p__Desulfobacterota","c__Desulfobacteria","o__Desulfobacterales","f__ETH-SRB1",0,0,0,0.0009933815700665,0,0,0,0,0,0,0,0,0,0,0,0,0,0,0,0,"aOTU_170"
"171","d__Bacteria","p__Patescibacteria","c__Microgenomatia","o__UBA1400","f__UBA12108",0,0,0,0.0001950640173948,0,0,0,0,0,0,0,0,0,0,0,0,0,0,0,0,"aOTU_171"
"172","d__Bacteria","p__Patescibacteria","c__Microgenomatia","o__UBA1406","f__GWC2-37-13",0,0,0,9.75320086974449e-05,0,0,0,0,0,0.0006492818584809,0,0,0,0,0,0,0,0,0,0,"aOTU_172"
"173","d__Bacteria","p__Planctomycetota","c__Planctomycetia","o__Planctomycetales","f__Planctomycetaceae",0,0,0,8.66951188421732e-05,0,0,0.0011234518138552,0,0,0,0,0,0,0,0,0,0.0001618720629153,0,0.0011039583805711,0,"aOTU_173"
"174","d__Bacteria","p__Nitrospirota","c__Thermodesulfovibrionia","o__Thermodesulfovibrionales","f__SM23-35",0,0,0,2.52860763289672e-05,0,0,0,0,0,0.195735781860518,0,0,0,0,0,0,0.0016689567866099,0,0,0,"aOTU_174"
"175","d__Bacteria","p__Chloroflexota","c__Dehalococcoidia","o__UBA2979","f__UBA2979",0,0,0,0,0.0004542805376423,0,0,0,0,0,0,0,0,0,0,0,0,0,0,0,"aOTU_175"
"176","d__Bacteria","p__Pseudomonadota","c__Alphaproteobacteria","o__Acetobacterales","f__Acetobacteraceae",0,0,0,0,0.0002615554610668,0,0.0005029406375979,0,0,0,0,0,0,0,0,0,0,0,0.0034130713265992,0,"aOTU_176"
"177","d__Bacteria","p__Pseudomonadota","c__Alphaproteobacteria","o__SMXQ01","f__SMXQ01",0,0,0,0,0.0002236987495966,0,0,0,0,0,0,0,0,0,0,0,0,0,0,0,"aOTU_177"
"178","d__Bacteria","p__Pseudomonadota","c__Gammaproteobacteria","o__Legionellales","f__Legionellaceae",0,0,0,0,2.40906345719422e-05,0,0,0,0,0,0,0,0,0,0,0,0,0,0,0,"aOTU_178"
"179","d__Bacteria","p__Bacteroidota","c__Bacteroidia","o__Bacteroidales","f__JAAYJT01",0,0,0,0,0,0.27716,0,0.0002729739851989,0,0,0,0,0,0,0,0,0,0,0,0.132239325071552,"aOTU_179"
"180","d__Bacteria","p__Verrucomicrobiota","c__Verrucomicrobiae","o__Opitutales","f__Opitutaceae",0,0,0,0,0,0,0.014330542323246,0,0,0,0,0,0,0,0,0,0,0,0.000432383699057,0,"aOTU_180"
"181","d__Bacteria","p__Planctomycetota","c__Brocadiia","o__Brocadiales","f__Bathyanammoxibiaceae",0,0,0,0,0,0,0.00425213448151,0,0,0,0,0,0,0,0,0,0,0,0,0,"aOTU_181"
"182","d__Bacteria","p__Desulfobacterota","c__Desulfobacteria","o__Desulfobacterales","f__Desulfobacteraceae",0,0,0,0,0,0,0.000470282154637,0,0,0,0,0,0,0,0,0,0.0003265350234671,0,0,0,"aOTU_182"
"183","d__Bacteria","p__Bacillota_I","c__Bacilli_A","o__Acholeplasmatales","f__Acholeplasmataceae",0,0,0,0,0,0,0.000326584829609,0,0,0,0,0,0,0,0,0,0,0,0,0,"aOTU_183"
"184","d__Bacteria","p__Patescibacteria","c__Paceibacteria","o__UBA6257","f__UBA9933",0,0,0,0,0,0,0.0001436973250279,0,0.0016222211141065,0,0,0,0,0,0,0,0.0074768147681069,0,0,0,"aOTU_184"
"185","d__Bacteria","p__Desulfobacterota","c__Desulfobacteria","o__Desulfobacterales","f__Desulfatirhabdiaceae",0,0,0,0,0,0,3.2658482960907e-05,0,7.68097118421642e-05,0.0001277448859775,0,0,0,0,0,0,0,0,0.000496781271257,0,"aOTU_185"
"186","d__Bacteria","p__Zixibacteria","c__MSB-5A5","o__MSB-5A5","f__RBG-16-43-9",0,0,0,0,0,0,0,0,0.266899922903389,0,0,0,0,0,0,0,0,0,0.011002785193026,0,"aOTU_186"
"187","d__Bacteria","p__Omnitrophota","c__Koll11","o__Gorgyraeales","f__Gorgyraeaceae",0,0,0,0,0,0,0,0,0.0532229855296723,0.0010040114592119,0,0,0,0,0,0,0,0,0,0,"aOTU_187"
"188","d__Bacteria","p__Omnitrophota","c__Koll11","o__JAHIPI01","f__JAHIPI01",0,0,0,0,0,0,0,0,0.0492549958159061,0,0,0,0,0,0,0,0,0,0,0,"aOTU_188"
"189","d__Bacteria","p__Patescibacteria","c__Paceibacteria","o__Paceibacterales","f__CG1-02-41-26",0,0,0,0,0,0,0,0,0.0200166109060679,0,0,0,0,0,0,0,0,0,0,0,"aOTU_189"
"190","d__Bacteria","p__Bacteroidota","c__Bacteroidia","o__Bacteroidales","f__FEN-979",0,0,0,0,0,0,0,0,0.0094614203047177,0,0,0,0,0,0,0,0,0,0,0,"aOTU_190"
"191","d__Bacteria","p__Actinomycetota","c__Humimicrobiia","o__Hakubellales","f__Hakubellaceae",0,0,0,0,0,0,0,0,0.0046485237606877,0,0,0,0,0,0,0,0,0,0,0,"aOTU_191"
"192","d__Bacteria","p__Planctomycetota","c__Phycisphaerae","o__FEN-1346","f__FEN-1346",0,0,0,0,0,0,0,0,0.0043781535750033,0,0,0,0,0,0,0,0,0,0,0,"aOTU_192"
"193","d__Bacteria","p__Planctomycetota","c__Phycisphaerae","o__Sedimentisphaerales","f__Anaerohalosphaeraceae",0,0,0,0,0,0,0,0,0.0028342783669758,0,0,0,0,0,0,0,0,0,0,0,"aOTU_193"
"194","d__Bacteria","p__Chloroflexota","c__Dehalococcoidia","o__SM23-28-2","f__RBG-16-64-32",0,0,0,0,0,0,0,0,0.002038529752291,0,0,0,0,0,0,0,0,0,0.0012143542186282,0,"aOTU_194"
"195","d__Bacteria","p__Omnitrophota","c__Koll11","o__Taenaricolales","f__Taenaricolaceae",0,0,0,0,0,0,0,0,0.0007849952550269,0,0,0,0,0,0,0,0,0,0,0,"aOTU_195"
"196","d__Bacteria","p__Planctomycetota","c__Phycisphaerae","o__Sedimentisphaerales","f__SG8-4",0,0,0,0,0,0,0,0,0.0008402982475532,0,0,0,0,0,0,0,0,0,0,0,"aOTU_196"
"197","d__Bacteria","p__Patescibacteria","c__Paceibacteria","o__Portnoybacterales","f__UBA2143",0,0,0,0,0,0,0,0,0.0004946545442635,0,0,0,0,0,0,0,0,0,0,0,"aOTU_197"
"198","d__Archaea","p__Thermoproteota","c__Bathyarchaeia","o__Bathyarchaeales","f__UBA233",0,0,0,0,0,0,0,0,0.0004946545442635,0,0,0,0,0,0,0,0,0,0,0,"aOTU_198"
"199","d__Bacteria","p__Schekmanbacteria","c__GWA2-38-11","o__GWA2-38-11","f__GWA2-38-11",0,0,0,0,0,0,0,0,0.0001290403158948,0,0,0,0,0,0,0,0,0,0,0,"aOTU_199"
"200","d__Archaea","p__Thermoplasmatota","c__E2","o__DHVEG-1","f__DHVEG-1",0,0,0,0,0,0,0,0,0,0.0046568817524541,0,0,0,0,0,0,0.000870760062579,0,0,0,"aOTU_200"
"201","d__Bacteria","p__Elusimicrobiota","c__UBA8919","o__UBA8919","f__UBA8919",0,0,0,0,0,0,0,0,0,0.0019700161754884,0,0,0,0,0,0,0.0012056677789556,0,0.0008049696524998,0,"aOTU_201"
"202","d__Bacteria","p__Omnitrophota","c__Koll11","o__Velamenicoccales","f__Velamenicoccaceae",0,0,0,0,0,0,0,0,0,0.0010758019736456,0,0,0,0,0,0,0,0,0,0,"aOTU_202"
"203","d__Bacteria","p__Gemmatimonadota","c__Gemmatimonadetes","o__Longimicrobiales","f__UBA6960",0,0,0,0,0,0,0,0,0,0.001047296916444,0,0,0,0,0,0,0,0,0,0,"aOTU_203"
"204","d__Bacteria","p__Pseudomonadota","c__Gammaproteobacteria","o__Acidiferrobacterales","f__Sulfurifustaceae",0,0,0,0,0,0,0,0,0,0.000875210830375,0,0,0,0,0,0,0,0,0,0,"aOTU_204"
"205","d__Bacteria","p__Actinomycetota","c__Thermoleophilia","o__Gaiellales","f__Gaiellaceae",0,0,0,0,0,0,0,0,0,0.0005722126297506,0,0,0,0,0,0,0,0,0,0,"aOTU_205"
"206","d__Bacteria","p__Pseudomonadota","c__Alphaproteobacteria","o__Rhizobiales","f__Phreatobacteraceae",0,0,0,0,0,0,0,0,0,0.0003198900863735,0,0,0,0,0,0,0,0,0,0,"aOTU_206"
"207","d__Bacteria","p__Dependentiae","c__Babeliae","o__Babeliales","f__Babeliaceae",0,0,0,0,0,0,0,0,0,0,0,0,0,0,0,0,0,0.0004713649173258,0,0,"aOTU_207"
"208","d__Bacteria","p__Patescibacteria","c__Microgenomatia","o__GWA2-44-7","f__UBA8517",0,0,0,0,0,0,0,0,0,0,0,0,0,0,0,0,0,0,0.0046320253718132,0,"aOTU_208"
"209","d__Bacteria","p__Pseudomonadota","c__Gammaproteobacteria","o__Pseudomonadales","f__Porticoccaceae",0,0,0,0,0,0,0,0,0,0,0,0,0,0,0,0,0,0,0.0019227275128281,0,"aOTU_209"
"210","d__Bacteria","p__Desulfobacterota","c__Desulfobacteria","o__Desulfobacterales","f__UBA2174_A",0,0,0,0,0,0,0,0,0,0,0,0,0,0,0,0,0,0,0.0002161918495285,0,"aOTU_210"
"211","d__Bacteria","p__Spirochaetota","c__Spirochaetia","o__Treponematales","f__UBA12059",0,0,0,0,0,0,0,0,0,0,0,0,0,0,0,0,0,0,0.0001379947975713,0,"aOTU_211"
"212","d__Bacteria","p__Bacteroidota","c__Bacteroidia","o__Bacteroidales","f__UBA1402",0,0,0,0,0,0,0,0,0,0,0,0,0,0,0,0,0,0,0.0001379947975713,0,"aOTU_212"
"213","d__Bacteria","p__Pseudomonadota","c__Gammaproteobacteria","o__Nitrosococcales","f__Methylophagaceae",0,0,0,0,0,0,0,0,0,0,0,0,0,0,0,0,0.0054562048793016,0,0,6.83384680180692,"aOTU_213"
"214","d__Archaea","p__Halobacteriota","c__Methanomicrobia","o__Methanomicrobiales","f__Methanocorpusculaceae",0,0,0,0,0,0,0,0,0,0,0,0,0,0,0,0,0,0,0,0.337112842820331,"aOTU_214"
"215","d__Bacteria","p__Chloroflexota","c__Dehalococcoidia","o__Dehalococcoidales","f__UBA5760",0,0,0,0,0,0,0,0,0,0,0,0,0,0,0,0,0,0,0,0.0031888182150977,"aOTU_215"
"216","d__Bacteria","p__UBA9089","c__CG2-30-40-21","o__CG2-30-40-21","f__CG2-30-40-21",0,0,0,0,0,0,0,0,0,0,0,0,0,0,0,0,0.0214145575646452,0,0,0,"aOTU_216"
"217","d__Bacteria","p__Patescibacteria","c__Gracilibacteria","o__JAHISY01","f__JAHISY01",0,0,0,0,0,0,0,0,0,0,0,0,0,0,0,0,0.0163183784804484,0,0,0,"aOTU_217"
"218","d__Bacteria","p__Bacteroidota","c__Bacteroidia","o__Bacteroidales","f__UBA4417",0,0,0,0,0,0,0,0,0,0,0,0,0,0,0,0,0.0118473604668212,0,0,0,"aOTU_218"
"219","d__Bacteria","p__Patescibacteria","c__ABY1","o__BM507","f__GWC2-42-12",0,0,0,0,0,0,0,0,0,0,0,0,0,0,0,0,0.0113087172229822,0,0,0,"aOTU_219"
"220","d__Bacteria","p__Patescibacteria","c__Paceibacteria","o__UBA9973","f__UBA2103",0,0,0,0,0,0,0,0,0,0,0,0,0,0,0,0,0.0055706316823969,0,0,0,"aOTU_220"
"221","d__Bacteria","p__Pseudomonadota","c__Alphaproteobacteria","o__Rhizobiales","f__Devosiaceae",0,0,0,0,0,0,0,0,0,0,0,0,0,0,0,0,0.0022606270855418,0,0,0,"aOTU_221"
"222","d__Bacteria","p__Verrucomicrobiota","c__Lentisphaeria","o__Victivallales","f__GWF2-38-69",0,0,0,0,0,0,0,0,0,0,0,0,0,0,0,0,0.001752683715704,0,0,0,"aOTU_222"
"223","d__Bacteria","p__Bacteroidota","c__Bacteroidia","o__Bacteroidales","f__GWA2-32-17",0,0,0,0,0,0,0,0,0,0,0,0,0,0,0,0,0.0010689137947685,0,0,0,"aOTU_223"
"224","d__Bacteria","p__Acidobacteriota","c__Aminicenantia","o__UBA2199","f__UBA2199",0,0,0,0,0,0,0,0,0,0,0,0,0,0,0,0,0.0008205239051226,0,0,0,"aOTU_224"
"225","d__Bacteria","p__Acidobacteriota","c__Thermoanaerobaculia","o__UBA5066","f__UBA5066",0,0,0,0,0,0,0,0,0,0,0,0,0,0,0,0,0.0005832976060225,0,0,0,"aOTU_225"
"226","d__Bacteria","p__Desulfobacterota","c__Syntrophia","o__Syntrophales","f__Smithellaceae",0,0,0,0,0,0,0,0,0,0,0,0,0,0,0,0,0.0003209532281942,0,0,0,"aOTU_226"
"227","d__Bacteria","p__Verrucomicrobiota","c__Lentisphaeria","o__Victivallales","f__Victivallaceae",0,0,0,0,0,0,0,0,0,0,0,0,0,0,0,0,0.0002930442518295,0,0,0,"aOTU_227"
"228","d__Bacteria","p__Verrucomicrobiota","c__Verrucomicrobiae","o__Palsa-1439","f__CAIQCK01",0,0,0,0,0,0,0,0,0,0,0,0,0,0,0,0,0.0001172177007318,0,0,0,"aOTU_228"
