"","Kingdom","Phylum","Class","Order","Family","Genus","C1","C10","C12","C13","C15","C17","C18","C19","C20","C21","C3","C4","C5","C8","C9","E1","E10","E2","E6","E9","OTUs"
"1","d__Bacteria","p__Pseudomonadota","c__Gammaproteobacteria","o__Burkholderiales","f__Nitrosomonadaceae","g__Nitrosomonas",32.6355103034948,0.0004860650939395,4.24215625840595,1.00154174812759,11.1417532966005,0.00389,6.5939371290083,0,0.0055763850797411,0,0,0,19.6184152562586,0,0,0.0009547019853244,0.251660821675902,0,8.9722791434681,0,"aOTU_1"
"2","d__Bacteria","p__Pseudomonadota","c__Gammaproteobacteria","o__Burkholderiales","f__Methylophilaceae","g__Methylotenera",19.7898540337204,19.7250164147074,1.91887977733146,3.41954447086479,2.29008669608185,57.23494,25.3556085471765,60.0725733784525,1.90197130180109,0,43.0273746281772,13.9169401306518,0.030696335885634,0.0008784176351526,66.6190712500456,0.740454130457829,12.9150685938108,57.7295869331728,4.69560417488097,0,"aOTU_2"
"3","d__Bacteria","p__Pseudomonadota","c__Alphaproteobacteria","o__Parvibaculales","f__Parvibaculaceae","g__Parvibaculum",13.4533899711384,0,0.0501058733571801,0.0588406996175066,1.86139385387414,0.05024,0.0010973250274864,0.0438381464878961,0,0.101162336522763,0.0411559065341262,0.0127677798920222,0.0004696501818487,0,1.30213560680652,0.0013715885189161,0,0.183918020469316,0,0,"aOTU_3"
"4","d__Bacteria","p__Pseudomonadota","c__Gammaproteobacteria","o__Burkholderiales","f__Burkholderiaceae","g__Hydrogenophaga",6.60066110635709,3.54918545311634,1.02556741249118,1.65031022079652,0.216113641225669,0.66865,1.99732750092315,2.3237537592459,0.597295362198221,0.0961507251695775,23.2556420452294,1.29505770699394,1.74935299735021,49.8600404343157,6.43037413871856,0.0888095610148301,3.13851789158213,6.72847708668956,1.14715075221103,0.0373692989819785,"aOTU_4"
"5","d__Bacteria","p__Myxococcota","c__Myxococcia","o__Myxococcales","f__Myxococcaceae","g__Archangium_A",1.53044179934415,0,0.0144566682100465,0.0034316817875026,0,0,0.920910434228249,0,0,0,0,0,0.451681365891213,0.0137210196498653,0,0,0,0,0.0020745217901566,0,"aOTU_5"
"6","d__Bacteria","p__Pseudomonadota","c__Gammaproteobacteria","o__Pseudomonadales","f__Pseudohongiellaceae","g__Pseudohongiella",1.52711340578903,0.0003711769808265,0.0094493860110935,0.0004370878908292,0.0167429910274998,0,0,0,0,0.000351562372153,0,0,0,0.0120663259650429,0.0036392834175699,0,0.0001116359054588,0.0051335924632395,0,1.01724911575867,"aOTU_6"
"7","d__Bacteria","p__Pseudomonadota","c__Gammaproteobacteria","o__Pseudomonadales","f__Pseudohongiellaceae","g__UBA5078",0.651111183882416,0,0.389219515718222,0,0.749542237994513,0,0,0,0,0,0,0,0,0,0,0,0.198371422205116,0,0,0,"aOTU_7"
"8","d__Bacteria","p__Pseudomonadota","c__Gammaproteobacteria","o__Methylococcales","f__Methylomonadaceae","g__Methylicorpusculum",0.368600235104028,2.87816817215923,0,0.05452400515849,0.0004129823069475,0.0474,0.0159242762917382,0.0187245398495928,0.0001689813660527,0.0014928204030764,0,0,1.93501510723866,0,0,0.0706829526534701,0.023982183390199,0.213176926428415,1.29019155954695,29.9251155948304,"aOTU_8"
"9","d__Bacteria","p__Cloacimonadota","c__Cloacimonadia","o__Cloacimonadales","f__Cloacimonadaceae","g__JAUYAR01",0.2337074107202,0,0,0,0.0011116107095339,0,0,0.457504399193439,0,0,0,0,0,0,0,0,0,0.0748698894137906,0,0,"aOTU_9"
"10","d__Bacteria","p__Actinomycetota","c__Aquicultoria","o__Aquicultorales","f__Aquicultoraceae","g__Aquicultor",0.112592587564536,0,0,0,0.0005644091528283,0,0,0,0.0005038717096845,0,0,0,0.0123048347644371,0,0,0,0,0.0060848925691153,0,0,"aOTU_10"
"11","d__Bacteria","p__Pseudomonadota","c__Gammaproteobacteria","o__Burkholderiales","f__Burkholderiaceae","g__UBA2334",0.0710108894759418,0,0.0006048400279923,0,0,0.02696,0.125898451814297,0,0.0483317430795633,0,0.0070153071576302,0,0,5.28279003893011,0,0,0,0.183943731282989,0,0,"aOTU_11"
"12","d__Bacteria","p__Bacteroidota","c__Bacteroidia","o__UBA7662","f__UBA7662","g__PNNG01",0.0668465273069799,0.0045159866000563,0,0,0,0,0,0,0,0,0,0,0,0,0,0,0,0,0,0,"aOTU_12"
"13","d__Bacteria","p__Pseudomonadota","c__Alphaproteobacteria","o__Caulobacterales","f__Hyphomonadaceae","g__Hyphomonas",0.0431530094646147,0,0,0,0,0,0,0,0,0,0,0,0,0.0001498076587082,0.0018906521169326,0,0,0,0,0,"aOTU_13"
"14","d__Bacteria","p__Pseudomonadota","c__Gammaproteobacteria","o__Burkholderiales","f__SG8-41","g__Ga0077527",0.041078568830262,0.0002916390563637,0.10721863665613,0.0019361909874752,0.273521623410608,0,0.35796310003791,0,0,0,0,0,0.105474037839591,0.0169282654340274,0,0,0,0,0.0568078583335586,0,"aOTU_14"
"15","d__Bacteria","p__Nitrospirota","c__Thermodesulfovibrionia","o__Thermodesulfovibrionales","f__UBA1546","g__UBA1546",0.0464581816693485,0,0.117957026005567,0.0935476455273233,0.0671233909558802,0,0.0720576768049452,0.386339343484546,0.0631022506668115,0.0491754466441986,0,0,0.0006762962618621,0,0.0425529870825127,0,0.0072926155240998,0.0029224624874201,0.002870291789485,0,"aOTU_15"
"16","d__Bacteria","p__Bacteroidota","c__Bacteroidia","o__Bacteroidales","f__Lentimicrobiaceae","g__Lentimicrobium",0.0329433557455427,0.0091115111245756,0,0,0,0.0817,0,0,0.0042875181150296,0,0,0,0,0.0142112992601831,0.0021746937495234,0,0,0,0.0015179427732853,0.0174901847555359,"aOTU_16"
"17","d__Bacteria","p__Pseudomonadota","c__Gammaproteobacteria","o__Burkholderiales","f__Rhodocyclaceae","g__Sulfuricystis",0.0236625560418524,0.0652476107010105,0.0033018316282205,0,0.0068864799683509,0.99999,5.87852693296327e-05,0.0003688837637823,0.0457325024308245,0,0,0,0.002409305432884,0.0008852270741848,0,0.0006460150100695,0,0.0052450059891529,0.0308004388179359,0.0018413546258897,"aOTU_17"
"18","d__Bacteria","p__Campylobacterota","c__Campylobacteria","o__Campylobacterales","f__Sulfurimonadaceae","g__Sulfuricurvum",0.0150242136988013,2.14953892124954,0.0591949994608902,0,0.0714562636596052,0,0.0645788842068975,5.57295572739372,8.41223190103279,0.844312404111401,0,0,0.0019631377601277,0.0103299190118341,0.0105184167068789,0.0021830852064418,0.004297982360166,0,0.763318222766185,0,"aOTU_18"
"19","d__Bacteria","p__Pseudomonadota","c__Gammaproteobacteria","o__Burkholderiales","f__Burkholderiaceae","g__Polaromonas",0.0147610383944431,0,0.635442289299347,5.80604074249609,0.789952556729333,0.47003,5.75078654270997,0,0,0.0584395902347189,0.290823268237769,1.58178856641502,0.14575123743494,0.0002791870003198,0,0,0.185845873612632,0.0130525230743135,0.65655624771178,0,"aOTU_19"
"20","d__Bacteria","p__Pseudomonadota","c__Gammaproteobacteria","o__Burkholderiales","f__Burkholderiaceae","g__Methylibium",0.0140256956322658,0,0.261710644461847,0,0,0,0.0374592799561603,0,0,0,0,0.0007481023295541,0.0914268009004953,0,0.0251820659893801,0,0,0,0,0,"aOTU_20"
"21","d__Bacteria","p__Bacteroidota","c__Bacteroidia","o__Flavobacteriales","f__Flavobacteriaceae","g__Flavobacterium",0.0162162430185413,0,0.0398302031548402,0,0.0014626456704393,0,0,0,0,0,0,1.86004009876298,0,0,0.0005148254590708,0,0.214695382480838,0,0,0,"aOTU_21"
"22","d__Bacteria","p__Desulfobacterota","c__Desulfobulbia","o__Desulfobulbales","f__Desulfurivibrionaceae","g__Thiovibrio",0.0123073157038094,0.39736263306915,0.006150859519638,0,0,0,0,0,0.050109119811591,1.13207623527586,0,0,0,0.0015865992945005,0,0,0.0476908588120238,0.0013026812260641,0.0931694874936218,0.0003382079925103,"aOTU_22"
"23","d__Bacteria","p__Pseudomonadota","c__Gammaproteobacteria","o__Pseudomonadales","f__Moraxellaceae","g__Perlucidibaca",0.0184067904048168,0,0.0097237123625873,0.179715369063207,1.44400640231912,0,0,0.0011730503688279,8.29544887895373e-05,0.0153272748315866,0,0,0,0.0031187230767435,0.0088407958143893,0,0,0,0,0.10528468490656,"aOTU_23"
"24","d__Bacteria","p__Pseudomonadota","c__Gammaproteobacteria","o__Burkholderiales","f__Rhodocyclaceae","g__Methyloversatilis",0.0106353784761221,0,0.0617002931287493,0.0034569678638316,0.0011460259017795,0,0.129543138512734,0,0.0005699280618688,0.721977144545005,0,0.150388584356218,0.57651438422661,0.867134394676332,0.0115480676250206,0,0.0009014599365802,0,0.0934592765685217,0,"aOTU_24"
"25","d__Bacteria","p__Bacillota_B","c__Desulfotomaculia","o__Ammonifexales","f__Desulforudaceae","g__SURF-60",0.0101554705681748,0.0086519586721237,0,0,0,0,0,0.0882074855956389,0.200677661741549,0,0,0,0,0,0,0,0,0,0,0,"aOTU_25"
"26","d__Archaea","p__Thermoplasmatota","c__JASEFT01","o__JASEFT01","f__JAUWIS01","g__JASEEW01",0.0100935469671493,0.0003269892450138,0,0,0,0,0,0.0021911695568672,0,0.002422929862136,0.0104217784216718,0,0,0,0.0008343722957355,0,0,0,0,0,"aOTU_26"
"27","d__Bacteria","p__Desulfobacterota","c__BSN033","o__BSN033","f__UBA1163","g__RBG-16-49-23",0.0077017478775411,0,0.0027928405664127,0.0007405208067768,0.0072925792368493,0,0.0015480120923469,0.0146004193705059,0.201992644008286,0.0139674780287844,0.002057373733728,0,0.0006669032582252,0,0.0014645896680464,0,0.0301444853715279,0,0.0236293091708089,0,"aOTU_27"
"28","d__Bacteria","p__Pseudomonadota","c__Gammaproteobacteria","o__Pseudomonadales","f__Pseudomonadaceae","g__Pseudomonas_E",0.0062465432534428,0.141515642713705,0.0141955624056127,0,0,0.0422,0.0015218853059782,0,0,0.0171167589781316,0,0.0659430936378872,0.0007561367927764,0,0.0456863213420302,17.4288516860258,1.76907744842069,0.0309643899326952,0,0,"aOTU_28"
"29","d__Bacteria","p__Pseudomonadota","c__Gammaproteobacteria","o__Burkholderiales","f__Thiobacillaceae","g__Thiobacillus",0.0079494422816429,0.201672826249094,0.293396990627763,0.0430332896152837,0.0033279490901525,0.00233,0.0411039666545975,0.000730389852289,0.337486511892101,0,0,0,0.0001596810618285,0,0,0,1.67371247618246,0,0.153399616806951,0,"aOTU_29"
"30","d__Bacteria","p__Pseudomonadota","c__Alphaproteobacteria","o__Reyranellales","f__Reyranellaceae","g__Reyranella",0.0044739801740892,0,0.195812827641566,0.0127333455799441,0.0538150361144944,0,0.105186441920489,0.0002729739851989,0,0.0043612737518449,0,0.0140963495809628,0.0277469327436239,0,0.0091780952530909,0,0.0011972950860462,0,0.0146504476754966,0,"aOTU_30"
"31","d__Bacteria","p__Actinomycetota","c__Actinomycetes","o__Propionibacteriales","f__Propionibacteriaceae","g__Cutibacterium",0.0029181496983246,0,0.0041446415032918,0,0.0055133137977502,0,0.0002743312568716,0,0,0.0050242802674969,0,0.0005954794462671,0.0041704936148168,0,0,0,0.006642336374802,0,0,0,"aOTU_31"
"32","d__Bacteria","p__Nitrospirota","c__Thermodesulfovibrionia","o__Thermodesulfovibrionales","f__UBA1546","g__SCSY01",0.0027788215960173,0,0.0355665767280089,0.0193221746119493,0.0005368769990318,0,0.919884957863276,0,0.0542384099202258,0.0288481736308793,0,0,0.0003898096509344,0,0,0,0.32525958324729,0,0.0819505104510672,0,"aOTU_32"
"33","d__Bacteria","p__Patescibacteria","c__Paceibacteria","o__JAHIHE01","f__JAHIHE01","g__JAHIHE01",0.0024305013402491,0,0,0,0,0,0,0,0,0.0323648530952694,0,0,0,0,0,0,0,0,0,0,"aOTU_33"
"34","d__Bacteria","p__Bacillota_D","c__Dethiobacteria","o__Dethiobacterales","f__Dethiobacteraceae","g__UBA7523",0.0023995395397364,0,0,0,0,0,0,0,0,0,0,0,0,0,0,0,0,0,0,0,"aOTU_34"
"35","d__Bacteria","p__Desulfobacterota","c__Syntrophia","o__Syntrophales","f__UBA5619","g__JAHJXP01",0.0022911732379418,0,0.0490614501394447,0.0067838930494,0.0094676193867733,0,0.0277139886406257,0.0031797780438039,0.269591335206338,0,0,0,0.0104591095497715,0,0,0,0.21028018241994,0,0.0582338045751297,0.0115044401261858,"aOTU_35"
"36","d__Bacteria","p__Bacillota_B","c__TC1","o__TC1","f__TC1","g__WTXA01",0.0020279979335836,0,0,0,0,0,0,0,0,0,0,0,0.0002301285891058,0,0,0,0,0,0,0,"aOTU_36"
"37","d__Bacteria","p__Bacteroidota","c__Bacteroidia","o__Flavobacteriales","f__Flavobacteriaceae","g__Lutibacter",0.0019196316317891,0.561493558971787,0,0.0314161436904325,0.0066696642572034,0.09733,0.0642588310738806,0.0225904416940319,0,0,3.96372443079715,0.0004678767077813,7.98405309142868e-05,0.204834735527345,0.179594198506566,0.200487416918132,0.211455150324894,0.205455112055495,0.105064639044276,0.0050301728409874,"aOTU_37"
"38","d__Bacteria","p__Actinomycetota","c__Actinomycetes","o__Mycobacteriales","f__Mycobacteriaceae","g__Rhodococcus",0.00238405863948,0,0.0010807797221502,0,0,0,0,0,0,0,0,0,0.017226768670212,0.0129992191124531,0,0.0024758604819413,0.0568729120360148,0,0.004779219822556,0,"aOTU_38"
"39","d__Bacteria","p__Bacteroidota","c__UBA10030","o__UBA10030","f__BY39","g__JAHJRJ01",0.0014087619233291,0,0.001821130357507,0.0015894105121065,0.005151954279171,0,0,0.0028625380069511,0.0083184917925063,0,0,0,0,0,0.0027161481116497,0,0,0,0.011789355539183,0,"aOTU_39"
"40","d__Bacteria","p__Pseudomonadota","c__Gammaproteobacteria","o__Methylococcales","f__Methylomonadaceae","g__JABFRC01",0.00127717427115,0.0301713860129012,0,0.0215003894728589,0,19.0767,0,0.784792829771704,0,0,5.80433191884212,0.0022317969162617,0,0.0016002181725649,12.149676679149,0.068410761928398,0.0063492921229725,1.07850007138396,0,0,"aOTU_40"
"41","d__Bacteria","p__Nitrospirota","c__Nitrospiria","o__Nitrospirales","f__Nitrospiraceae","g__Nitrospira_D",0.0010139989667918,0.0007865416974657,0.089565901194342,0.0837221987252103,0.0116392180174726,0,0.587258308906438,0,0.0088469426099804,0,0,0,0,0,0,0,0,0,0.739307127988762,0,"aOTU_41"
"42","d__Bacteria","p__Bacteroidota","c__Bacteroidia","o__Cytophagales","f__Cyclobacteriaceae","g__Algoriphagus",0.0007817854629463,0.334704423686763,0,0.0114256942040747,0.0063220708155225,0,1.02273958410036,3.68883763782364e-05,0,0,0,0,0.0090501590042253,2.01724864721344,0.0727412868463061,0.170099252725255,0,0.0722816675041106,0.319917939036356,0.0029579778392573,"aOTU_42"
"43","d__Bacteria","p__Desulfobacterota","c__UBA8473","o__UBA8473","f__UBA8473","g__UBA8473",0.0006734191611518,0,0.015035067143919,0.0140951814050899,0.0015039439011341,0,0.0105682850861495,0,0.0093277714061124,0,0.0001349097530313,0,0.0030104576656504,0,0,0,0.0003544439998318,0,0.0077461079703411,0,"aOTU_43"
"44","d__Bacteria","p__Pseudomonadota","c__Gammaproteobacteria","o__Pseudomonadales","f__Pseudomonadaceae","g__Stutzerimonas",0.0006424573606391,0,0.0022210519060702,0,0.000220257230372,0,0.0019203187981013,0,0,0,0,0,0,0,0.0830999301348527,0,0,0,0,0,"aOTU_44"
"45","d__Bacteria","p__Actinomycetota","c__Thermoleophilia","o__Miltoncostaeales","f__Miltoncostaeaceae","g__Miltoncostaea",0.0005805337596136,0,0.0071093491814838,0.0028573266251732,0.0037787881085703,0,0.0002286093807263,0,0,0,0,0,0,0,0,0,0.0002232718109177,0,5.05980924428457e-05,0,"aOTU_45"
"46","d__Bacteria","p__Desulfobacterota","c__Desulfobacteria","o__Desulfobacterales","f__Desulfosarcinaceae","g__Desulfatitalea",0.0005186101585881,0,0,0,0,0,0,0,0,0,0,0,0,0,0,0,0,0,0,0,"aOTU_46"
"47","d__Bacteria","p__Pseudomonadota","c__Gammaproteobacteria","o__Burkholderiales","f__Burkholderiaceae","g__Acidovorax",0.00059601465987,0.0102780673500305,0,0,0,0,0.135813567241228,0,0.0015346580426064,0.0149377057164981,0.003617267753153,0,0.169449785611027,0,0.0621341071292426,5.72821191194662e-05,0,0.0008827379360829,0.0320101932099784,0,"aOTU_47"
"48","d__Bacteria","p__Pseudomonadota","c__Gammaproteobacteria","o__Burkholderiales","f__Burkholderiaceae","g__Giesbergeria",0.0003870225064091,0.0004772275467769,0,0,0,0,0.0259700256505132,0,0.0013364889860536,0,0,0,0.0118962391062287,0,0,0,0.0058999576035006,0,0.0292778962180648,0,"aOTU_48"
"49","d__Bacteria","p__Pseudomonadota","c__Alphaproteobacteria","o__Rhizobiales","f__Rhizobiaceae","g__Hoeflea",0.00034057980564,0,0,0,0,0,0,0,0,0,0,0,0,0.0001838548538691,0,0,0,0,0,0,"aOTU_49"
"50","d__Bacteria","p__Pseudomonadota","c__Gammaproteobacteria","o__Burkholderiales","f__Sulfuriferulaceae","g__Sulfuriferula",0.0002631753043581,0,6.30794275466748,0.0009608709005007,0.0468700503193259,0,0,0,0,0,0,0,0,0,0,0,0,0,0,0,"aOTU_50"
"51","d__Bacteria","p__Pseudomonadota","c__Gammaproteobacteria","o__Burkholderiales","f__Thiobacillaceae","g__PFJX01",0.0001625494526918,0.109541397079646,0.89351067304618,0,0.691951855290672,0.00308,0,0,0,0.0055627091257494,0,0,0,0,0,0,0,1.98512335336847,0,0,"aOTU_51"
"52","d__Bacteria","p__Pseudomonadota","c__Alphaproteobacteria","o__Rhizobiales","f__Xanthobacteraceae","g__Bradyrhizobium",0.0001548090025636,0.0003446643393389,0.712825456377953,0.0038904434580425,0.385907875207943,0,0.472398424332928,0,0,0,0,0.0307172317723608,0.0326688666493987,0,0,0.0223432087965428,0.0171109934092063,0,0.0145308521842681,0,"aOTU_52"
"53","d__Bacteria","p__Pseudomonadota","c__Alphaproteobacteria","o__Rhodobacterales","f__Rhodobacteraceae","g__Pseudotabrizicola",0.0001470685524354,0.583030661406889,0,0.120502602894002,0,0.00932,0,0,0.0052967977286356,0,0,0,0,0,0,0.0112591187469261,0,0.0290789302633919,0,0.344752048746398,"aOTU_53"
"54","d__Bacteria","p__Desulfobacterota","c__Syntrophia","o__Syntrophales","f__UBA5619","g__UBA5619",0.000131587652179,0,0.0413968379814433,0.0318929668440644,0.0019272507657553,0,0.303103380360178,0,0.0733671005573983,0.116551900183049,0,0,0.0040718670766286,0,0,0,0.758239442569468,0,0.0232935218300518,0.0126586420053879,"aOTU_54"
"55","d__Bacteria","p__Riflebacteria","c__Ozemobacteria","o__Ozemobacterales","f__Ozemobacteraceae","g__Rifleibacterium",0.000131587652179,0,0,0,0,0,0,0,0.0008925288516059,0,0,0,0,0.0913350057387814,0,0,0,0,0.0020239236977138,0.0068554223243767,"aOTU_55"
"56","d__Bacteria","p__Desulfobacterota","c__Desulfovibrionia","o__Desulfovibrionales","f__Desulfovibrionaceae","g__Pseudodesulfovibrio",1.54809002563641e-05,0,0,0,0,0,0,0,0,0,0,0,0,0,0,0,0,0,0,0,"aOTU_56"
"57","d__Bacteria","p__Pseudomonadota","c__Gammaproteobacteria","o__Burkholderiales","f__Burkholderiaceae","g__Rhodoferax",0,0,1.857906614291,0.0113101007122851,4.09161532304471,7.18473,0.871080120926497,0.0007820335792186,0.0003256731782107,0,7.200504521104,0.000813154706037,0,0.0154642360421063,0.357617291732865,0,0.125537366586121,0.604204121299479,0.0247792658172372,0,"aOTU_57"
"58","d__Bacteria","p__Pseudomonadota","c__Alphaproteobacteria","o__Rhodobacterales","f__Rhodobacteraceae","g__UBA6213",0,0.576976941600552,0.110150292966672,0,1.1682271422972,0.001,0,0,0,0,0.404324529834957,0,0,0,0,0,0,0,0,0,"aOTU_58"
"59","d__Bacteria","p__Pseudomonadota","c__Gammaproteobacteria","o__Methylococcales","f__Methylomonadaceae","g__Methylobacter_A",0,54.5429814620858,0.0103616037582295,0.109560956436796,0.0056475330475081,13.64836,0.0006727647489946,2.27233874024991,0.0005714642561057,0,0.119580632343163,0.0001150926660852,0,0,0.728744313615831,0.0763634294661505,0.216222003487988,15.8440061066157,0.0043882345627704,0,"aOTU_59"
"60","d__Bacteria","p__Pseudomonadota","c__Alphaproteobacteria","o__Sphingomonadales","f__Sphingomonadaceae","g__Novosphingobium",0,0,0,0.0021457041913437,0,0,0.0389485067791777,0,0,0.254316841638386,0.0847739160610747,5.0040289602282e-05,0.482598437362316,0,0.0116279543341868,0,0,0,0,0,"aOTU_60"
"61","d__Bacteria","p__Pseudomonadota","c__Gammaproteobacteria","o__Pseudomonadales","f__Halomonadaceae","g__Vreelandella",0,0,0,0,0,0,0,0,0,0,0.067050147256581,0,0.739257565240837,0.002281162075784,0.0111220051761344,0.0306522984088165,0.0623095806318611,0,0,0,"aOTU_61"
"62","d__Bacteria","p__Pseudomonadota","c__Gammaproteobacteria","o__Burkholderiales","f__Burkholderiaceae","g__PHCI01",0,0.539797380687759,0.0014046831251188,0,0.0097154087709418,0.00418,0,0,0,0,0.0113661466928912,0,0,0.0087909857905589,0,0,0,0,0,0,"aOTU_62"
"63","d__Bacteria","p__Desulfobacterota","c__Desulfovibrionia","o__Desulfovibrionales","f__Desulfomicrobiaceae","g__Desulfomicrobium",0,0,0,0,0,0.03269,0,0.0255636448301178,0.0198107608783309,0,0.0072345355063061,0,0,0.345143226785646,0,0.0065174322198148,0,0.0465451430181201,0.0573230389111584,0.0026788220359154,"aOTU_63"
"64","d__Bacteria","p__Pseudomonadota","c__Gammaproteobacteria","o__Xanthomonadales","f__Xanthomonadaceae","g__GCA-002840015",0,0.64284318060294,0.0050833003445476,0,0.620285658958369,0.00124,0,0,0,0,0.0040557244505049,0,0,0.0137142102108332,0,0,0,0,0,0,"aOTU_64"
"65","d__Bacteria","p__Elusimicrobiota","c__Elusimicrobia","o__Elusimicrobiales","f__UBA9959","g__UBA9959",0,0,0,0,0,0,0,0,0,0,0.0040135651526826,0,0,0,0,0,0,0,0,0,"aOTU_65"
"66","d__Bacteria","p__Chloroflexota","c__Anaerolineae","o__Anaerolineales","f__Anaerolineaceae","g__UBA6107",0,0,0.0006907735838819,0,0.0088756780801484,0,0.0060548827409521,0,0.0569390393885962,0.229800380959291,0.0040810200291983,0,0.106483785730566,0.401913519997025,0,0,0.0005079433698378,0.0172262451604532,0.176748336556032,0,"aOTU_66"
"67","d__Bacteria","p__Atribacterota","c__JS1","o__SB-45","f__34-128","g__34-128",0,0,0.0021119823928257,0,0.0128540743037434,0,0,0.0005902140220517,0.141652470579319,0,0.001762258648972,0,0,0,0,0,0,0,0,0.0248717084015955,"aOTU_67"
"68","d__Bacteria","p__Bacteroidota","c__Bacteroidia","o__Bacteroidales","f__F082","g__UBA6192",0,0,0,0,0,0,0,0,0,0,0.001450279845087,0,0,0.584127299059431,0,0,0,0,0.0015593412125567,0,"aOTU_68"
"69","d__Archaea","p__Halobacteriota","c__Methanosarcinia","o__Methanosarcinales","f__Methanoperedenaceae","g__Methanoperedens_A",0,0,0,0,0,0,0,0,0,0,0.0008684815351393,0,0,0,0,0,0,0,0,0,"aOTU_69"
"70","d__Bacteria","p__Actinomycetota","c__Actinomycetes","o__Actinomycetales","f__Demequinaceae","g__Demequina",0,0,0,0,0,0,0,0,0,0,0.0006239576077699,0,0,0,0,0,0,0,0,0,"aOTU_70"
"71","d__Bacteria","p__Desulfobacterota","c__QYQD01","o__QYQD01","f__QYQD01","g__QYQD01",0,0.0036587445252903,0,0.0020553967758831,0.0085934735037342,0,0.0001698241113967,0.930612581594872,0.160354099218649,0.260813883194632,0.0005986620290766,0,0,0,0.0147790411957412,0,0,0.0033424057774013,0,0,"aOTU_71"
"72","d__Bacteria","p__Pseudomonadota","c__Alphaproteobacteria","o__Caulobacterales","f__Caulobacteraceae","g__Phenylobacterium",0,0,0.925144137023856,0.0143841651345639,0.079753766510027,0,0.716389950533864,0.0004205274907118,0,0,0,2.75300156067227,0.363969497929141,0,0.0156844238996245,0,0.477371877127892,0.0005313568158945,2.04117304741025,0,"aOTU_72"
"73","d__Bacteria","p__Patescibacteria","c__Paceibacteria","o__Sungbacterales","f__HO2-52-23","g__JAUYPE01",0,0,0,0,0,0,0,0,0,0,0,1.53841364338776,0,0,0,0,0,0,0,0,"aOTU_73"
"74","d__Archaea","p__Thermoproteota","c__Nitrososphaeria","o__Nitrososphaerales","f__Nitrosopumilaceae","g__VHBM01",0,0,0,0,0,0,0,0,0,0,0,0.665198079755535,0,0,0,0,0,0,0,0,"aOTU_74"
"75","d__Bacteria","p__Pseudomonadota","c__Alphaproteobacteria","o__Sphingomonadales","f__Sphingomonadaceae","g__Sphingopyxis",0,0,0.0425701615330132,0,0.0610766416783227,0,0.0173481861488338,0.0012246940957574,0.001626829696817,0.0184955591524016,0,0.265098442226009,0.0129482555135699,0.0121957053066545,0,1.18591807681021,0.0006251610705696,0.0063762817907349,0.0055611903421273,0,"aOTU_75"
"76","d__Bacteria","p__Pseudomonadota","c__Alphaproteobacteria","o__Caulobacterales","f__Caulobacteraceae","g__Brevundimonas",0,0,0.0688426936778829,0,0.0379255418546862,0.00606,0.0288178453647043,0,0,0.0674873065390789,0,0.201659865082716,0.0072560953095631,0.0086003214976575,0.325777999979637,0,0.033554962283296,0,0.0461868587471467,0,"aOTU_76"
"77","d__Bacteria","p__Desulfobacterota_B","c__Binatia","o__UBA9968","f__UBA9968","g__UBA9968",0,0,0.0018277406310369,0,0,0,0,0,0.003322788134292,0,0,0.128203221961046,0,0,0,0,0,0,0,0,"aOTU_77"
"78","d__Bacteria","p__Pseudomonadota","c__Gammaproteobacteria","o__Burkholderiales","f__Burkholderiaceae","g__Variovorax",0,0,0,0,0,0,0,0,0,0,0,0.0678646407586148,0,0,0,0.0449791928685852,0,0,0,0,"aOTU_78"
"79","d__Bacteria","p__Patescibacteria","c__Paceibacteria","o__UBA11713","f__2-01-FULL-45-33","g__GWA1-44-29",0,0,0,0,0,0,0,0,0,0,0,0.0555121952702915,0,0,0,0,0,0,0,0,"aOTU_79"
"80","d__Bacteria","p__Methylomirabilota","c__Methylomirabilia","o__Methylomirabilales","f__Methylomirabilaceae","g__Methylomirabilis",0,0,0,0,0,0,0,0,0,0.0031946778922979,0,0.0542311638564731,0,0,0,0,0,0,0,0,"aOTU_80"
"81","d__Bacteria","p__CSP1-3","c__CSP1-3","o__CSP1-3","f__13-1-40CM-64-14","g__JACPRY01",0,0,0,0,0,0,0,0,0,0,0,0.042892034232596,0,0,0,0,0,0,0,0,"aOTU_81"
"82","d__Bacteria","p__Acidobacteriota","c__Vicinamibacteria","o__Vicinamibacterales","f__UBA2999","g__12-FULL-67-14b",0,0,0.276494521211627,0.0148718251780511,0.448777548402263,0,0.105166846830713,0,0,0,0,0.0416785572097406,0.95691224551682,0,0.0067016072689397,0,0,0,0.0548667315143876,0,"aOTU_82"
"83","d__Bacteria","p__Nitrospirota","c__Thermodesulfovibrionia","o__UBA6902","f__BMS3Bbin08","g__JAUXYI01",0,0,0.0007568763191816,0,0,0,0.262959573104631,0,0.008312347015559,0,0,0.0396369133939675,0,0,0,0,0,0,0,0,"aOTU_83"
"84","d__Bacteria","p__Pseudomonadota","c__Alphaproteobacteria","o__Rhodobacterales","f__Rhodobacteraceae","g__Cypionkella",0,0,1.08607455124776,0.0009825446802112,0.101215080394403,0,0.016636231220286,0,0,0,0,0.038440950472473,0.0596643591020646,0.0258418211271658,0,0,0.0150568927487633,0,0.71681857581121,0,"aOTU_84"
"85","d__Bacteria","p__Patescibacteria","c__Microgenomatia","o__Daviesbacterales","f__UBA10151","g__UBA9644",0,0,0,0,0,0,0,0,0,0,0,0.0307472559461221,0,0,0,0,0,0,0,0,"aOTU_85"
"86","d__Bacteria","p__Pseudomonadota","c__Gammaproteobacteria","o__Burkholderiales","f__Burkholderiaceae","g__AVCC01",0,0,0,0,0,0,0,0,0,0,0,0.0183622842695573,0,0,0,0,0,0,0,0,"aOTU_86"
"87","d__Bacteria","p__Patescibacteria","c__Microgenomatia","o__Levybacterales","f__UBA12049","g__2-01-FULL-42-15",0,0,0,0,0,0,0,0,0,0,0,0.017301430129989,0,0,0,0,0,0,0,0,"aOTU_87"
"88","d__Bacteria","p__Omnitrophota","c__Koll11","o__Gygaellales","f__UBA12090","g__UBA12090",0,0,0,0,0,0,0,0,0,0.0017958186037008,0,0.0168936017697304,0,0,0,0,0,0,0,0,"aOTU_88"
"89","d__Bacteria","p__Nitrospirota","c__Nitrospiria","o__","f__","g__",0,0,0,0,0,0,0,0,0,0,0,0.0148119257222754,0,0,0,0,0,0,0,0,"aOTU_89"
"90","d__Bacteria","p__Nitrospirota","c__9FT-COMBO-42-15","o__HDB-SIOI813","f__HDB-SIOI813","g__RBG-16-43-11",0,0,0,0,0,0,0,0,0,0.0100485605349939,0,0.0116568854628515,0.0015357560946453,0,0,0,0,0,0,0,"aOTU_90"
"91","d__Bacteria","p__Pseudomonadota","c__Gammaproteobacteria","o__Xanthomonadales","f__Xanthomonadaceae","g__Arenimonas",0,0,0,0,0,0,0,0,0,0,0,0.0098704471240501,0,0,0,0,0,0,0,0,"aOTU_91"
"92","d__Bacteria","p__Patescibacteria","c__Paceibacteria","o__UBA9973","f__UBA9973","g__UBA9973",0,0,0,0.0082866084426643,0,0,0,0,0.0092970475213755,0.0025812912910338,0,0.0090122561573709,0,0,0,0,0,0,0,0,"aOTU_92"
"93","d__Bacteria","p__Pseudomonadota","c__Alphaproteobacteria","o__Rhizobiales","f__Xanthobacteraceae","g__Afipia",0,0,0,0,0,0,1.95950897765442e-05,0,0,0,0,0.0087270265066379,0.0044710697312,0,0,0,0.0062432380127865,0,0,0,"aOTU_93"
"94","d__Bacteria","p__Omnitrophota","c__Koll11","o__Pluralincolimonadales","f__Pluralincolimonadaceae","g__Pluralincolimonas",0,0,0,0,0,0,0,0,0.0297330394541017,0.103417403270267,0,0.0077837670476349,0,0,0,0,0,0,0,0,"aOTU_94"
"95","d__Bacteria","p__Methylomirabilota","c__Methylomirabilia","o__Methylomirabilales","f__CSP1-5","g__CSP1-5",0,0,0,0,0,0,0,0,0,0,0,0.0080139523798054,0,0,0,0,0,0,0,0,"aOTU_95"
"96","d__Bacteria","p__Planctomycetota","c__Brocadiia","o__Brocadiales","f__Brocadiaceae","g__XYD2-FULL-41-16",0,0,0,0,0,0,0,0,0,0.0080088653307905,0,0.006295068431967,0,0,0,0,0,0,0,0,"aOTU_96"
"97","d__Bacteria","p__Methylomirabilota","c__Methylomirabilia","o__Rokubacteriales","f__CSP1-6","g__CSP1-6",0,0,0,0,0,0,0,0,0,0,0,0.0054218653784072,0,0,0,0,0,0,0,0,"aOTU_97"
"98","d__Bacteria","p__Methylomirabilota","c__Methylomirabilia","o__Rokubacteriales","f__CSP1-6","g__CAMLFJ01",0,0,0,0,0,0,0,0,0,0,0,0.0048088718307793,0,0,0,0,0,0,0,0,"aOTU_98"
"99","d__Archaea","p__Thermoproteota","c__Nitrososphaeria","o__Nitrososphaerales","f__Nitrosopumilaceae","g__CSP1-1",0,0,0,0,0,0,0,0,0,0,0,0.0042834487899553,0,0,0,0,0,0,0,0,"aOTU_99"
"100","d__Archaea","p__Nanoarchaeota","c__Nanoarchaeia","o__SCGC-AAA011-G17","f__GW2011-AR18","g__GW2011-AR18",0,0,0,0,0,0,0,0,0,0,0,0.0038130700676938,0,0,0,0,0,0,0,0,"aOTU_100"
"101","d__Archaea","p__Thermoproteota","c__Nitrososphaeria","o__Nitrososphaerales","f__Nitrosopumilaceae","g__Nitrosarchaeum",0,0,0,0,0,0,0,0,0,0.037417638419968,0,0.0042609306596343,0,0,0,0,0,0,0,0,"aOTU_101"
"102","d__Bacteria","p__Omnitrophota","c__Koll11","o__Gygaellales","f__UBA12090","g__GWF2-43-52",0,0,0,0,0,0,0,0,0,0,0,0.0029673891734153,0,0,0,0,0,0,0,0,"aOTU_102"
"103","d__Bacteria","p__Patescibacteria","c__Paceibacteria","o__UBA6257","f__JACOXY01","g__",0,0,0,0,0,0,0,0,0,0,0,0.00219426669906,0,0,0,0,0,0,0,0,"aOTU_103"
"104","d__Bacteria","p__Pseudomonadota","c__Alphaproteobacteria","o__Rhizobiales","f__Aestuariivirgaceae","g__Aestuariivirga",0,0,0.245531999997243,0.0018531081652514,0.0187769288892166,0,0.0353168834739248,0,0,0.0017704807750772,0,0.0012885374572587,0,0,0,0,0.0032569775417621,0,0,0,"aOTU_104"
"105","d__Bacteria","p__Pseudomonadota","c__Gammaproteobacteria","o__Burkholderiales","f__SG8-39","g__2-12-FULL-64-23",0,0,0.000221444163254,0.0005418444927635,0,0,0,0,0,0.0003304475149667,0,0.0009507655024433,0,0,0,0,0,0,0,0,"aOTU_105"
"106","d__Bacteria","p__Pseudomonadota","c__Gammaproteobacteria","o__Acidiferrobacterales","f__UBA6901","g__",0,0,0,0,0,0,0,0,0,0,0,0.0008181587349973,0,0,0,0,0,0,0,0,"aOTU_106"
"107","d__Bacteria","p__Methylomirabilota","c__Methylomirabilia","o__Rokubacteriales","f__CSP1-6","g__UBA12499",0,0,0.0068383279667549,0,0,0,0,0,0,0,0,0.0007856325467558,0,0,0,0,0,0,0,0,"aOTU_107"
"108","d__Bacteria","p__Acidobacteriota","c__Terriglobia","o__Acidoferrales","f__2-02-FULL-67-57","g__2-02-FULL-67-57",0,0,0,0,0,0,0,0,0,0,0,0.000745600315074,0,0,0,0,0,0,0,0,"aOTU_108"
"109","d__Bacteria","p__Cyanobacteriota","c__Vampirovibrionia","o__2-02-FULL-35-15","f__2-02-FULL-35-15","g__SSGW-16",0,0,0,0,0,0,0,0,0,0,0,0.0007230821847529,0,0,0,0,0,0,0,0,"aOTU_109"
"110","d__Bacteria","p__Desulfobacterota_B","c__Binatia","o__UBA9968","f__UBA9968","g__JACPFE01",0,0,0,0,0,0,0,0,0,0,0,0.000615495562108,0,0,0,0,0,0,0,0,"aOTU_110"
"111","d__Archaea","p__Nanoarchaeota","c__Nanoarchaeia","o__SCGC-AAA011-G17","f__GW2011-AR17","g__GW2011-AR17",0,0,0,0,0,0,0,0,0,0,0,0.0005229210263438,0,0,0,0,0,0,0,0,"aOTU_111"
"112","d__Bacteria","p__Methylomirabilota","c__Methylomirabilia","o__Methylomirabilales","f__2-02-FULL-66-22","g__2-02-FULL-66-22",0,0,0,0,0,0,0,0,0.0023288704630544,0.0030373722062594,0,0.0005179169973836,0,0,0,0,0,0,0,0,"aOTU_112"
"113","d__Bacteria","p__Pseudomonadota","c__Gammaproteobacteria","o__Steroidobacterales","f__Steroidobacteraceae","g__SCUD01",0,0,0,0,0,0,0,0,0,0,0,0.0004078283602585,0,0,0,0,0,0,0,0,"aOTU_113"
"114","d__Bacteria","p__Pseudomonadota","c__Gammaproteobacteria","o__Burkholderiales","f__Burkholderiaceae","g__Aquabacterium_A",0,0,0,0,0,0,0,0,0,0,0,0.0003427759837756,0,0,0,0,0.0598312635306745,0,0,0,"aOTU_114"
"115","d__Bacteria","p__Pseudomonadota","c__Alphaproteobacteria","o__Rhizobiales","f__Rhizobiaceae","g__Rhizobium_E",0,0,0,0,0,0,0,0,0,0,0,0.0001476188543267,0,0,0,0,0,0,0,0,"aOTU_115"
"116","d__Bacteria","p__Patescibacteria","c__Gracilibacteria","o__UBA1369","f__2-02-FULL-48-14","g__CALRGE01",0,0,0,0,0,0,0,0,0,0,0,0.0001251007240057,0,0,0,0,0,0,0,0,"aOTU_116"
"117","d__Bacteria","p__Acidobacteriota","c__Polarisedimenticolia","o__Gp22-AA2","f__Gp22-AA2","g__Gp22-AA3",0,0,0,0,0,0,0,0,0,0,0,0.0001200966950454,0,0,0,0,0,0,0,0,"aOTU_117"
"118","d__Bacteria","p__Pseudomonadota","c__Alphaproteobacteria","o__Sphingomonadales","f__Sphingomonadaceae","g__Sphingomonas",0,0,0,0,0.0041332645887003,0,0,0,0,0,0,0.0001050846081647,0,0,0,0.0012442949208728,0.003558394486501,0,0,0,"aOTU_118"
"119","d__Bacteria","p__Pseudomonadota","c__Alphaproteobacteria","o__Caulobacterales","f__Caulobacteraceae","g__Caulobacter",0,0,0,0.0085575306890461,0,0,0,0.0005164372692953,0,0,0,3.50282027215974e-05,0,0,0,9.06700842438304,0.0410289861537664,0,0,0,"aOTU_119"
"120","d__Bacteria","p__Pseudomonadota","c__Gammaproteobacteria","o__Burkholderiales","f__Burkholderiaceae","g__Rhodoferax_C",0,0,0.0024788525737391,0,0,0,0,0,0,0,0,3.00241737613692e-05,0,0,0,0,0.0011386862356803,0,0,0,"aOTU_120"
"121","d__Bacteria","p__Nitrospirota","c__Nitrospiria","o__Nitrospirales","f__Nitrospiraceae","g__VGXG01",0,0,0,0,0,0,0,0,0,0,0,2.25181303210269e-05,0,0,0,0,0,0,0,0,"aOTU_121"
"122","d__Bacteria","p__Chloroflexota","c__Dehalococcoidia","o__UBA3495","f__UBA3495","g__SHYG01",0,0,0,0,0,0,0,0,0,0,0,2.00161158409128e-05,0,0,0,0,0,0,0,0,"aOTU_122"
"123","d__Bacteria","p__Desulfobacterota_B","c__Binatia","o__UBA9968","f__UBA9968","g__",0,0,0,0,0,0,0,0,0,0,0,1.50120868806846e-05,0,0,0,0,0,0,0,0,"aOTU_123"
"124","d__Bacteria","p__Pseudomonadota","c__Gammaproteobacteria","o__Burkholderiales","f__Methylophilaceae","g__Methylophilus",0,0,0.0401805476519287,0.0217207395665828,0.0274220251813193,0,0.0058458684500023,0,0,0,0,0,7.45512836012881,0,0,0,0,0,0.504996561539115,0,"aOTU_124"
"125","d__Bacteria","p__Pseudomonadota","c__Gammaproteobacteria","o__Burkholderiales","f__Gallionellaceae","g__Nitrotoga",0,0,2.44156071561979,0.379175551442718,4.73605356392107,0,10.5534450714921,0,0,0.0002628799719703,0,0,5.37712355852448,0,0,0,0.026030702255369,0,9.42888092949893,0,"aOTU_125"
"126","d__Bacteria","p__Bacteroidota","c__Bacteroidia","o__Chitinophagales","f__Chitinophagaceae","g__Sediminibacterium",0,0,4.27112578215105,21.6207042363288,0.0164573449318611,0,5.34128182486316,0,0,0.0227417569325808,0,0,2.37689017733287,1.35014152410772,0.0021125596423942,0,0,0.146903019052402,0.307176419393931,0,"aOTU_126"
"127","d__Archaea","p__Methanobacteriota","c__Methanobacteria","o__Methanobacteriales","f__Methanobacteriaceae","g__UBA349",0,0,0.0012923084751093,0.0060578214290968,0,0.02108,0.0452319989008562,0.472208106017804,0.0021138032698963,3.09684959172489,0,0,1.1567061293771,3.95121104562414,0,0.0041975063954764,0.0284001743487332,0.240121859157004,4.61656995448524,13.7315075465816,"aOTU_127"
"128","d__Bacteria","p__Bacteroidota","c__Bacteroidia","o__Bacteroidales","f__Prolixibacteraceae","g__UBA6024",0,0,0,0.0102119625402843,0,0,0.0546180469038209,0,0,0.0423363444015331,0,0,0.722702396330669,0.0088999368150739,0,0,0,0,0,0,"aOTU_128"
"129","d__Bacteria","p__Pseudomonadota","c__Alphaproteobacteria","o__Rhizobiales","f__Beijerinckiaceae","g__Methylocystis",0,0.0041448096192298,0.01138289101861,0.0025538937092256,0.0328424179600064,0,0.0619988640529859,0,0,0,0,0,0.468269410314111,0,0.0060625135956103,0.0008337730671833,0.0078340496655753,0,0,0,"aOTU_129"
"130","d__Bacteria","p__Pseudomonadota","c__Alphaproteobacteria","o__Rhizobiales","f__Beijerinckiaceae","g__Bosea",0,0,0.0038273483738532,0,0.0006504471334424,0,0.0367407933310204,0,0,0,0,0,0.437587163933932,0,0.039570549940309,0,0,0,0,0,"aOTU_130"
"131","d__Bacteria","p__Pseudomonadota","c__Gammaproteobacteria","o__Burkholderiales","f__Sulfuricellaceae","g__Sulfurimicrobium",0,0.35726668159272,0.19708200015932,0.290471995680701,0.108459478362108,0,0.257165958227366,0.0082703739840006,0.501278613812805,0.119286274188684,0,0,0.321348743926367,0,0,0,0,0.197476189545852,2.9559865587769,0,"aOTU_131"
"132","d__Bacteria","p__Actinomycetota","c__Coriobacteriia","o__Anaerosomatales","f__Anaerosomataceae","g__WSXY01",0,0,0,0.0004479247806845,0,0,0.00425213448151,0,0,0.0015899487461337,0,0,0.311641074667554,0.215736647417884,0,0,0,0,0.388887738862541,0,"aOTU_132"
"133","d__Bacteria","p__Nitrospirota","c__Nitrospiria","o__Nitrospirales","f__Nitrospiraceae","g__Palsa-1315",0,0,0.453854770294279,0.501711877332893,0.852467753443523,0,0.0001698241113967,0,0,0.0062489419843064,0,0,0.237201520844528,0,0,0,0.0065614003433443,0,0,0,"aOTU_133"
"134","d__Bacteria","p__Bacteroidota","c__Bacteroidia","o__Bacteroidales","f__UBA932","g__Bact-08",0,0,0,0,0,0,8.49120556983583e-05,0,0.0007911400319742,0,0,0,0.106084583075995,0.101031646920622,0,0,0.0494993604804572,0,0.0114765673313545,0,"aOTU_134"
"135","d__Bacteria","p__Actinomycetota","c__Actinomycetes","o__Mycobacteriales","f__Mycobacteriaceae","g__Nocardia",0,0,0,0,0,0,0,0,0,0,0,0,0.0282776374491129,0,0,0,0,0,0,0,"aOTU_135"
"136","d__Bacteria","p__Pseudomonadota","c__Gammaproteobacteria","o__Burkholderiales","f__Nitrosomonadaceae","g__Nitrosospira",0,0,0.0013253598427591,0,0,0,0,0,0,0,0,0,0.0278878277981785,0,0,0,0,0,0.0019273273394138,0,"aOTU_136"
"137","d__Bacteria","p__Actinomycetota","c__Actinomycetes","o__Propionibacteriales","f__Nocardioidaceae","g__Nocardioides",0,0,0.0041115901356419,0.0011884455874614,0,0.00376,0,0,0,0.0044383429805751,0,0,0.0258072774925885,0,0.0032309735707206,0,0,0,0,0,"aOTU_137"
"138","d__Bacteria","p__Bacillota_A","c__Clostridia","o__Eubacteriales","f__Eubacteriaceae","g__Acetobacterium",0,0,0,0,0,0,0,0,3.68686616842388e-05,0.0026456916054522,0,0,0.0258260634998625,0.0158183268717803,0,0,0,0,0.0018813290735567,0,"aOTU_138"
"139","d__Bacteria","p__Desulfobacterota","c__Desulfobulbia","o__Desulfobulbales","f__Desulfocapsaceae","g__UBA2270",0,0.008970110369975,0.0023863087443195,0.0030523906425681,0.000220257230372,8e-05,0.0440236350313026,0,0.144875406088216,0,0,0,0.0172690371865783,0.0031663891499689,0,0,0.0045966084072684,0,3.99099813865483,0,"aOTU_139"
"140","d__Bacteria","p__Bacteroidota","c__Ignavibacteria","o__Ignavibacteriales","f__Melioribacteraceae","g__XYB12-FULL-38-5",0,0,0.0132403778805319,0,0,0,0,0,0,0,0,0,0.0122156012298858,0,0,0,0,0,0,0,"aOTU_140"
"141","d__Bacteria","p__Spirochaetota","c__Leptospirae","o__Leptospirales","f__Leptospiraceae","g__GCA-2786225",0,0,0,0,0,0,0,0,0,0,0,0,0.0118304880807699,0,0,0,0,0,0,0,"aOTU_141"
"142","d__Bacteria","p__Pseudomonadota","c__Gammaproteobacteria","o__Burkholderiales","f__Burkholderiaceae","g__Aquabacterium",0,0,0,0,0,0,0.002521234884582,0,0,0,0,0,0.0108113471861581,0,0,0,0.0141107784499995,0,0.266877338676497,0,"aOTU_142"
"143","d__Bacteria","p__Campylobacterota","c__Campylobacteria","o__Campylobacterales","f__Sulfurimonadaceae","g__Sulfurimonas",0,0,0,0,0,0,0,0,0,0.351716510610537,0,0,0.0089891044805849,0,0,0,0.102956213809431,0,0.0017341346228138,0,"aOTU_143"
"144","d__Bacteria","p__Bacillota_I","c__Bacilli_A","o__Erysipelotrichales","f__Erysipelotrichaceae","g__UBA2212",0,0,0,0,0,0,0.0001632924148045,0,0,0.171622614953683,0,0,0.0080404111132505,0.0711586378863987,0,0,0,0,0.0077231088374125,0,"aOTU_144"
"145","d__Bacteria","p__Pseudomonadota","c__Gammaproteobacteria","o__UBA5335","f__UBA5335","g__Macondimonas",0,0,0.0386403539194454,0,0,0,0.008968019421065,0,0,0,0,0,0.0066173710622488,0,0,0,0.0035890943605022,0,0,0,"aOTU_145"
"146","d__Bacteria","p__Krumholzibacteriota","c__Krumholzibacteria","o__LZORAL124-64-63","f__LZORAL124-64-63","g__PNOJ01",0,0,0.0002809366250237,0,0,0,0,0,0,0.0078473366733147,0,0,0.0059457713022051,0,0,0,0.456278272791441,0,0.24167948863996,0,"aOTU_146"
"147","d__Bacteria","p__Pseudomonadota","c__Alphaproteobacteria","o__UBA6184","f__UBA6184","g__UBA6184",0,0.0003269892450138,0,0,3.7856711470195e-05,0,0,0,0,0,0,0,0.0058565377676538,0,0,0.0116314525212027,0,0.0064791250454241,0,0,"aOTU_147"
"148","d__Bacteria","p__Bacillota_I","c__Bacilli_A","o__Erysipelotrichales","f__Erysipelotrichaceae","g__UBA2227",0,0,0,0,0,0,0,0,0,0.524670417309821,0,0,0.0049031478985009,1.17026338263336,0,0,0,0,0.0029530886680279,0,"aOTU_148"
"149","d__Bacteria","p__Caldisericota","c__Caldisericia","o__Cryosericales","f__Cryosericaceae","g__Cryosericum",0,0,0,0,0,0,0,0,0,0,0,0,0.0045180347493849,0,0,0,4.74452598200143e-05,0,0,0,"aOTU_149"
"150","d__Bacteria","p__Bacillota_I","c__Bacilli_A","o__Izemoplasmatales","f__UBA5603","g__UBA12489",0,0,0,0,0,0,0.0088177903994448,0,0.0001305765101316,0,0,0,0.0042597271493681,0,0,0,0.0006502791492978,0,0,0,"aOTU_150"
"151","d__Bacteria","p__Chloroflexota","c__Anaerolineae","o__Anaerolineales","f__Villigracilaceae","g__Villigracilis",0,0.0019972856587333,0.0192193702883906,0.147042146149563,0.0573357102812225,0,0,0.000125420479686,0.140564845059634,0,0,0,0.0042503341457311,0,0,0,0,0,0,0,"aOTU_151"
"152","d__Bacteria","p__Pseudomonadota","c__Gammaproteobacteria","o__Pseudomonadales","f__Halomonadaceae","g__Halomonas",0,0,0,0,0,0,0,0,0,0,0,0,0.0038135594766118,0,0,0,0,0,0,0,"aOTU_152"
"153","d__Bacteria","p__Actinomycetota","c__Thermoleophilia","o__UBA2241","f__UBA2241","g__CAIXSE01",0,0,0.0058699228946142,0,0,0,0,0,0,0,0,0,0.0036069133965983,0,0,0,0,0,0,0,"aOTU_153"
"154","d__Bacteria","p__Pseudomonadota","c__Alphaproteobacteria","o__Sphingomonadales","f__Sphingomonadaceae","g__Sphingosinicella",0,0,0.0008725561059561,0,0.0006710962487898,0,0,0,0,0,0,0,0.0035975203929613,0,0,0,0,0,0,0,"aOTU_154"
"155","d__Bacteria","p__Pseudomonadota","c__Alphaproteobacteria","o__Rhodobacterales","f__Rhodobacteraceae","g__Tabrizicola",0,0,0,0,0,0,0.0447029314768895,0,0,0,0,0,0.0026629165310823,0,0,0,0,0,0.0001057960114714,0,"aOTU_155"
"156","d__Bacteria","p__Desulfobacterota","c__Syntrophia","o__Syntrophales","f__UBA8958","g__UBA8958",0,0,0,0,0,0,0,0,0,0,0,0,0.002216748858326,0,0,0,0.0003153714329212,0,0,0,"aOTU_156"
"157","d__Bacteria","p__Desulfobacterota","c__Desulfobaccia","o__Desulfobaccales","f__0-14-0-80-60-11","g__0-14-0-80-60-11",0,0,0.0444871408567048,0.0836463404962234,0.0003510349609054,0,0.0298694485160455,0.0021837918815915,0.0047959984074247,0,0,0,0.0020993363128638,0.0003268530735451,0,0,0.0066339636818925,0,0.0802117760016676,0,"aOTU_157"
"158","d__Bacteria","p__Pseudomonadota","c__Gammaproteobacteria","o__Burkholderiales","f__Sulfuricellaceae","g__Sulfuricella",0,0,0.0005056859250427,0,0,0,0,0,0,9.71283430573065e-05,0,0,0.0016437756364706,0.0028463455154559,0,0,0,0,4.13984392714192e-05,0,"aOTU_158"
"159","d__Bacteria","p__Bacillota_B","c__Desulfitobacteriia","o__Desulfitobacteriales","f__Desulfitobacteriaceae","g__Desulfosporosinus",0,0,0.0193019987075153,0,0.0003820086339265,0,0,0,0,0,0,0,0.0015874176146487,0,0,0,0,0,0,0,"aOTU_159"
"160","d__Bacteria","p__Pseudomonadota","c__Gammaproteobacteria","o__Burkholderiales","f__Burkholderiaceae","g__Hylemonella",0,0,0.12875821295354,0,0.0128781649383154,0,0.0228152161964896,0,0.0070449867701632,0,0,0,0.0013713785309983,0,0,0,0.0007340060783919,0,0.0546137410521733,0,"aOTU_160"
"161","d__Bacteria","p__Bacteroidota","c__Bacteroidia","o__Sphingobacteriales","f__Sphingobacteriaceae","g__Daejeonella",0,0,0.0077802919447758,0,0,0,0.232123433492943,0,0,0,0,0,0.0013056275055395,0,0,0,0,0,0.0148160414325823,0,"aOTU_161"
"162","d__Bacteria","p__Actinomycetota","c__Actinomycetes","o__Actinomycetales","f__Microbacteriaceae","g__Pseudolysinimonas",0,0,0,0,0,0,0,0,0,0,0,0,0.0012633589891731,0,0,0,0,0,0,0,"aOTU_162"
"163","d__Bacteria","p__Bacillota","c__Bacilli","o__Bacillales_H","f__Salisediminibacteriaceae","g__Alkalicoccus",0,0,0,0,0,0,0,0,0,0,0,0,0.0011036779273445,0,0,0,6.41906456388429e-05,0,0,0,"aOTU_163"
"164","d__Bacteria","p__Actinomycetota","c__Actinomycetes","o__Propionibacteriales","f__Nocardioidaceae","g__Marmoricola",0,0,0,0,0,0,0,0,0,0,0,0,0.0010097478909748,0,0,0,0,0,0,0,"aOTU_164"
"165","d__Bacteria","p__Desulfobacterota","c__Desulfobulbia","o__Desulfobulbales","f__Desulfocapsaceae","g__Desulforhopalus",0,0,0,0,0,0,0,0,0,0,0,0,0.0007091717745916,0,0,0,0.0001479175747329,0,0,0,"aOTU_165"
"166","d__Bacteria","p__Pseudomonadota","c__Gammaproteobacteria","o__Burkholderiales","f__Burkholderiaceae","g__Herminiimonas",0,0,0,0,0,0,0.0220510076952044,0,0,0,0,0,0.0005870627273109,0.0109563874027957,0,0.0040511187577266,0,0,0,0,"aOTU_166"
"167","d__Bacteria","p__Pseudomonadota","c__Gammaproteobacteria","o__Burkholderiales","f__Rhodocyclaceae","g__Sulfuritalea",0,0,0.0003305136764985,7.58582289869016e-05,0.0003579179993545,0,0,0,0,0.0021336563186827,0,0,0.0005823662254924,0,0,0,0,0,0,0,"aOTU_167"
"168","d__Bacteria","p__Pseudomonadota","c__Gammaproteobacteria","o__Burkholderiales","f__Burkholderiaceae","g__Ramlibacter",0,0,0,0,0,0,0,0,0,0,0,0,0.0004508641745747,0,0,0,0.0001451266770965,0,0,0,"aOTU_168"
"169","d__Bacteria","p__Planctomycetota","c__Phycisphaerae","o__Sedimentisphaerales","f__UBA12454","g__GWC2-45-44",0,0,0.0011006105427401,0,0,0,0,0,0,0,0,0,0.0003616306400235,0,0,0,0,0,0,0,"aOTU_169"
"170","d__Bacteria","p__Chloroflexota","c__Limnocylindria","o__Limnocylindrales","f__CSP1-4","g__CAIXZV01",0,0,0.164711490683052,0.0078856435180193,0.103238693698446,0,0.0004441553682683,0.0003983944648849,0.0042967352804506,0.007158992329039,0,0,0.0003287551272941,0,0.0006923514794401,0,0.0006419064563884,0,0.0120883442672544,0,"aOTU_170"
"171","d__Archaea","p__Halobacteriota","c__Methanomicrobia","o__Methanomicrobiales","f__Methanospirillaceae","g__Methanoregula",0,0,0,0,0,0,0.0003069897398325,0,0,0.69832744875341,0,0,0.0001972530763764,0.0271560428603787,0,0,0.016996566606111,0,0.0078657034615696,1.12758007864872,"aOTU_171"
"172","d__Bacteria","p__Myxococcota","c__Myxococcia","o__Myxococcales","f__Myxococcaceae","g__JAEUJQ01",0,0.0006363033957026,0.203269216183373,0.0147381702031694,0.0008500552484671,0,0.339955212533266,0,0,0,0,0,0,1.23712526449044,0,0,0,0,0.0920701289396363,0,"aOTU_172"
"173","d__Bacteria","p__Pseudomonadota","c__Alphaproteobacteria","o__Rhodobacterales","f__Rhodobacteraceae","g__Frigidibacter",0,0,0,0,0,0,0,0,0,0,0,0,0,0.0268428086648979,0,0,0,0,0,0,"aOTU_173"
"174","d__Bacteria","p__Pseudomonadota","c__Gammaproteobacteria","o__Burkholderiales","f__Burkholderiaceae","g__Limnobacter",0,0,0.0035001398341196,0,0.0662010638036972,0,0.396108208136249,0,0,0,0,0,0,0.0165605557262891,0.0180366436695172,0,0,0,0,0,"aOTU_174"
"175","d__Bacteria","p__Pseudomonadota","c__Alphaproteobacteria","o__Sphingomonadales","f__Sphingomonadaceae","g__Erythrobacter",0,0.745897818065283,0.0078893614580203,0,0.02808623839166,0,0,0.0013279815496165,0,0.0021948894045232,0,0,0,0.0114126198179525,0,0,0,0,0,0,"aOTU_175"
"176","d__Bacteria","p__Pseudomonadota","c__Gammaproteobacteria","o__Xanthomonadales","f__Xanthomonadaceae","g__Alcalisalibacterium",0,0,0,0,0,0,0,0,0,0,0,0,0,0.0091382671812006,0,0,0,0,0,0.0001825249483389,"aOTU_176"
"177","d__Bacteria","p__Pseudomonadota","c__Gammaproteobacteria","o__Xanthomonadales","f__Xanthomonadaceae","g__UBA11164",0,0.0005832781127274,0.0005552629765175,0,0.0002615554610668,0,0,0,0,0.0030669330063203,0,0,0,0.0079602342286315,0,0,0,0,0,0,"aOTU_177"
"178","d__Bacteria","p__Pseudomonadota","c__Gammaproteobacteria","o__Burkholderiales","f__Rhodocyclaceae","g__Azonexus",0,0,0,0,0,0,0,0,0,0,0,0,0,0.0059786874702639,0,0,0.002634607368829,0,0,0,"aOTU_178"
"179","d__Bacteria","p__Gemmatimonadota","c__Gemmatimonadetes","o__Gemmatimonadales","f__GWC2-71-9","g__Palsa-1233",0,0.0014140075460059,0.0005056859250427,0,0,0,0,0,0,0,0,0,0,0.004521467517375,0,0,0,0,0,0,"aOTU_179"
"180","d__Bacteria","p__Bacillota_H","c__UBA994","o__UBA994","f__UBA994","g__WSXW01",0,0,0,0,0,0,0,0,0,0,0,0,0,0.003527289418675,0,0,0,0,0,0,"aOTU_180"
"181","d__Bacteria","p__Spirochaetota","c__GWE2-31-10","o__GWE2-31-10","f__GWE2-31-10","g__GWE2-31-10",0,0,0,0,0,0,0,0,0,0,0,0,0,0.0031391513938401,0,0,0,0,0,0,"aOTU_181"
"182","d__Bacteria","p__Desulfobacterota","c__Desulfuromonadia","o__Geobacterales","f__Pseudopelobacteraceae","g__JACRCG01",0,0,0,0,0,0,0,0,0,0.004398224751921,0,0,0,0.0020292128315929,0,0,0,0,0,0,"aOTU_182"
"183","d__Bacteria","p__Desulfobacterota","c__Desulfovibrionia","o__Desulfovibrionales","f__Desulfovibrionaceae","g__Humidesulfovibrio",0,0,0,0,0,0,0,0,0,0,0,0,0,0.0015729804164361,0,0,0,0,0.000206992196357,0,"aOTU_183"
"184","d__Bacteria","p__Actinomycetota","c__Nitriliruptoria","o__Nitriliruptorales","f__Nitriliruptoraceae","g__Nitriliruptor",0,0,0,0,0,0,0,0,0,0,0,0,0,0.0013278406112772,0,0,0,0,0,0,"aOTU_184"
"185","d__Bacteria","p__Actinomycetota","c__Actinomycetes","o__Mycobacteriales","f__Mycobacteriaceae","g__Dietzia",0,0,0.0013980728515888,0,0,0,0,0,0,0,0,0,0,0.000892036513217,0,0,0,0,0.0015041432935282,0,"aOTU_185"
"186","d__Bacteria","p__Bacteroidota","c__Bacteroidia","o__Bacteroidales","f__F082","g__CAJBPB01",0,0,0,0,0,0,0,0,0,0,0,0,0,0.0008443704399917,0,0,0.0029025335419302,0,0,0,"aOTU_186"
"187","d__Bacteria","p__Pseudomonadota","c__Alphaproteobacteria","o__Rhizobiales","f__Rhizobiaceae","g__Aquibium",0,0,0,0,0,0,0,0,0,0,0,0,0,0.0008375610009595,0,0,0,0,0,0,"aOTU_187"
"188","d__Bacteria","p__Actinomycetota","c__Actinomycetes","o__Actinomycetales","f__Micrococcaceae","g__Nesterenkonia",0,0,0,0,0,0,0,0,0,0,0,0,0,0.0007762760496698,0,0,0,0,0,0,"aOTU_188"
"189","d__Bacteria","p__Bacillota_A","c__Clostridia","o__Tissierellales","f__Dethiosulfatibacteraceae","g__38-11",0,0,0,0,0,0,0,0,0,0,0,0,0,0.0003336625125773,0,0,0,0,0,0,"aOTU_189"
"190","d__Bacteria","p__Actinomycetota","c__Actinomycetes","o__Actinomycetales","f__Cellulomonadaceae","g__Actinotalea",0,0,0,0,0,0,0,0,0,0.0147339473446496,0,0,0,0.0003268530735451,0,0,0,0,0,0,"aOTU_190"
"191","d__Bacteria","p__Bacteroidota","c__Ignavibacteria","o__Ignavibacteriales","f__Melioribacteraceae","g__JAHBUP01",0,0,0,0,0,0,0.0002482044705028,0,0.0008003571973953,0,0,0,0,0.0001225699025794,0,0,0,0,0.0006485755485855,0,"aOTU_191"
"192","d__Bacteria","p__Bacteroidota","c__Bacteroidia","o__Cytophagales","f__Spirosomataceae","g__Rhabdobacter",0,0,0,0,0,0,0,0,0,0,0,0,0,0,0.0309427853503628,0,0,0,0,0,"aOTU_192"
"193","d__Bacteria","p__Actinomycetota","c__Actinomycetes","o__Actinomycetales","f__Microbacteriaceae","g__Microbacterium",0,0,0.0008593355588962,0,0,0,0,0,0,0.006111695412595,0,0,0,0,0.0446566704238884,0.0852962577088362,0,0.0006427703418079,0.0075667147334982,0,"aOTU_193"
"194","d__Bacteria","p__Omnitrophota","c__Koll11","o__Gygaellales","f__Profunditerraquicolaceae","g__UBA6249",0,0,0,0.0508286257178424,0,0,0,0.228294783729629,0.0497711570794855,0.321343844290802,0,0,0,0,0.0191195523937697,0,0.0008177330074861,0,0.0039880496498133,0,"aOTU_194"
"195","d__Bacteria","p__Pseudomonadota","c__Alphaproteobacteria","o__Sphingomonadales","f__Sphingomonadaceae","g__Sphingobium",0,0,0,0,0,0,0,0,0,0.0376182295632385,0,0,0,0,0.01230255321159,0,0.0008958781413073,0,0,0,"aOTU_195"
"196","d__Bacteria","p__Pseudomonadota","c__Alphaproteobacteria","o__Rhizobiales","f__Xanthobacteraceae","g__Xanthobacter",0,0,0,0,0,0,0,0,0,0,0,0,0,0,0.0072696905341213,0,0,0,0.0371435996796344,0,"aOTU_196"
"197","d__Bacteria","p__Pseudomonadota","c__Alphaproteobacteria","o__Rhizobiales","f__Rhizobiaceae","g__Agrobacterium",0,0,0,0,0,0,0,0,0,0,0,0,0,0,0.0037280464277545,0,0.0003265350234671,0,0,0,"aOTU_197"
"198","d__Bacteria","p__Pseudomonadota","c__Alphaproteobacteria","o__Rhizobiales","f__Rhizobiaceae","g__Allorhizobium",0,0,0,0,0,0,0,0,0,0,0,0,0,0,0.0033641180859975,0,0,0,0,0,"aOTU_198"
"199","d__Bacteria","p__Patescibacteria","c__Paceibacteria","o__Paceibacterales","f__GWA2-46-15","g__GWA2-46-15",0,0,0,0,0,0,0,0,0.0053152320594777,0,0,0,0,0,0.0030800764534067,0,0,0,0,0,"aOTU_199"
"200","d__Bacteria","p__Dependentiae","c__Babeliae","o__Babeliales","f__Vermiphilaceae","g__Vermiphilus",0,0,0,0,0,0,0,0,0,0,0,0,0,0,0.0027072718106312,0,0,0,0,0,"aOTU_200"
"201","d__Bacteria","p__Actinomycetota","c__Geothermincolia","o__Fen-727","f__Anoxymicrobiaceae","g__JAHIPE01",0,0,0.0001487311544243,0,0.0031627561673735,0,0,0.0016452215864693,0,0,0,0,0,0,0.0023788486729481,0,0,0,0,0,"aOTU_201"
"202","d__Bacteria","p__Patescibacteria","c__Paceibacteria","o__UBA9983","f__UBA9983","g__JAHIOX01",0,0,0.0011072208162701,0.0145539430756298,0.0002581139418422,0,0,0.0289721308074668,0,0.521397614445933,0,0,0,0,0.0017397549996187,0.0003946101539341,0,0.0111156417776655,0,0,"aOTU_202"
"203","d__Bacteria","p__Actinomycetota","c__Actinomycetes","o__Actinomycetales","f__Microbacteriaceae","g__Agrococcus",0,0,0,0,0,0,0,0,0,0,0,0,0,0,0.0016953734945264,0,0,0,0,0,"aOTU_203"
"204","d__Bacteria","p__Pseudomonadota","c__Alphaproteobacteria","o__Rhizobiales","f__Rhizobiaceae","g__Aliihoeflea",0,0,0,0,0,0,0,0,0,0,0,0,0,0,0.0013935792598987,0,0,0.0047822113430511,0,0,"aOTU_204"
"205","d__Bacteria","p__Patescibacteria","c__Paceibacteria","o__JAHIHE01","f__JAHIHE01","g__JAHILZ01",0,0,0,0.0115918598485222,0,0,0,0.0017337536897771,0,0.061356607755016,0,0,0,0,0.0008166196936986,0,0,0,0,0,"aOTU_205"
"206","d__Bacteria","p__Pseudomonadota","c__Alphaproteobacteria","o__Sphingomonadales","f__Sphingomonadaceae","g__Rhizorhabdus",0,0,0,0,0,0,0,0,0,0,0,0,0,0,4.43815050923161e-05,0,0,0,0,0,"aOTU_206"
"207","d__Bacteria","p__Desulfobacterota","c__Desulfobulbia","o__Desulfobulbales","f__Desulfurivibrionaceae","g__VMSU01",0,0.185455927205838,0.0021813902648904,0,0.012447975035245,0,0,0,0,0,0,0,0,0,0,0,0,0,0,0,"aOTU_207"
"208","d__Archaea","p__Halobacteriota","c__Methanosarcinia","o__Methanosarcinales","f__Methanosarcinaceae","g__Methanosarcina",0,0.000132563207438,0,0,0,0,0,0,0,0,0,0,0,0,0,0,0,0,0,0,"aOTU_208"
"209","d__Bacteria","p__Edwardsbacteria","c__AC1","o__AC1","f__EtOH8","g__UBA2226",0,8.83754716253698e-05,0,0,0,0.00489,0,1.47553505512946e-05,0.0053951141597936,0,0,0,0,0,0,0,0,0,0,0,"aOTU_209"
"210","d__Bacteria","p__Desulfobacterota","c__Desulfuromonadia","o__Desulfuromonadales","f__Trichloromonadaceae","g__Trichloromonas",0,3.53501886501479e-05,0,0,0,0,0,0,0,0,0,0,0,0,0,0,0,0,0,0,"aOTU_210"
"211","d__Bacteria","p__Pseudomonadota","c__Gammaproteobacteria","o__Burkholderiales","f__Gallionellaceae","g__Gallionella",0,0,1.16274380878513,0,0.110245626839657,0,0,0,0,0,0,0,0,0,0,0,0,0,0,0,"aOTU_211"
"212","d__Bacteria","p__Pseudomonadota","c__Gammaproteobacteria","o__Burkholderiales","f__Burkholderiaceae","g__Undibacterium",0,0,0.610395962894287,0,0.0244382280136231,0,0,0,0,0,0,0,0,0,0,0,0.024124519169659,0,0.0138730769825111,0,"aOTU_212"
"213","d__Bacteria","p__Bacteroidota","c__Bacteroidia","o__Cytophagales","f__Spirosomataceae","g__Leadbetterella",0,0,0.501693319830679,0,0.0074199154481582,0,0,0,0,0,0,0,0,0,0,0,0,0,0,0,"aOTU_213"
"214","d__Bacteria","p__Desulfobacterota","c__Desulfobulbia","o__Desulfobulbales","f__Desulfurivibrionaceae","g__SURF-16",0,0,0.0620770787199576,0.0004190264077371,0.0006676547295652,0,0.0061724532796114,0,0.0003195284012634,0,0,0,0,0,0,0,0,0,0.0002299913292856,0,"aOTU_214"
"215","d__Bacteria","p__Desulfobacterota_E","c__Deferrimicrobia","o__Deferrimicrobiales","f__Deferrimicrobiaceae","g__Deferrimicrobium",0,0,0.0488730573438405,0.0145033709229718,0,0,0,0,0.0008433706360269,0,0,0,0,0,0,0,0,0,0,0,"aOTU_215"
"216","d__Bacteria","p__Omnitrophota","c__Koll11","o__Zapsychrales","f__Zapsychraceae","g__Zapsychrus_A",0,0,0.0346741898014628,0,0.0003097367302106,0,0.0017700897764811,0,0,0,0,0,0,0,0,0,0,0,0,0,"aOTU_216"
"217","d__Bacteria","p__Pseudomonadota","c__Alphaproteobacteria","o__Rhizobiales","f__Beijerinckiaceae","g__Methylovirgula",0,0,0.0338908723881613,0,0.0018997186119588,0,0,0,0,0,0,0,0,0,0,0,0,0,0,0,"aOTU_217"
"218","d__Bacteria","p__Pseudomonadota","c__Gammaproteobacteria","o__Burkholderiales","f__Burkholderiaceae","g__Janthinobacterium",0,0,0.0294553788495507,0,0.0003166197686598,0,0,0,0,0,0,0,0,0,0,0,0.0024587808177313,0,0,0,"aOTU_218"
"219","d__Bacteria","p__Pseudomonadota","c__Gammaproteobacteria","o__Burkholderiales","f__Burkholderiaceae","g__CADEEN01",0,0,0.0287976566333186,0,0.452046991665598,0,0,0,0,0,0,0,0,0,0,0,0,0,0,0,"aOTU_219"
"220","d__Bacteria","p__Nitrospirota","c__UBA9217","o__UBA9217","f__UBA9217","g__JALNZF01",0,0,0.0281696806479714,0.0012028947739351,0.0014075813628463,0,0,0,0,0,0,0,0,0,0,0,0.0020150280935323,0,0,0,"aOTU_220"
"221","d__Bacteria","p__Myxococcota","c__Polyangia","o__Polyangiales","f__Ga0077539","g__SCUS01",0,0,0.0171437443999797,0,0,0,0.0446245511177833,0,0,0,0,0,0,0,0,0,0.024367327264032,0,0.0399356944171624,0,"aOTU_221"
"222","d__Bacteria","p__Actinomycetota","c__Acidimicrobiia","o__Acidimicrobiales","f__Iamiaceae","g__Iamia",0,0,0.015256511307173,0,0,0,0,0,0,0,0,0,0,0,0,0,0,0,0.0036108638697848,0,"aOTU_222"
"223","d__Bacteria","p__Patescibacteria","c__Microgenomatia","o__UBA1400","f__CG1-02-47-37","g__CG1-02-47-37",0,0,0.0096146428493428,0,0,0,0,0,0,0,0,0,0,0,0,0,0,0,0,0,"aOTU_223"
"224","d__Bacteria","p__Pseudomonadota","c__Alphaproteobacteria","o__Rhizobiales","f__Beijerinckiaceae","g__28-YEA-48",0,0,0.0082628419124637,0.0063468051585707,0.0971162309979482,0,0.0387198973984513,0,0,0,0,0,0,0,0,0,0,0,0.0156210110850821,0,"aOTU_224"
"225","d__Bacteria","p__Pseudomonadota","c__Gammaproteobacteria","o__Ga0077536","f__Ga0077536","g__Ga0077536",0,0,0.0070234156255941,0,0,0,0.0062443019421254,0,0,0,0,0,0,0,0,0,0.000633533763479,0,0.0018583299406281,0,"aOTU_225"
"226","d__Bacteria","p__Bacteroidota","c__UBA10030","o__UBA10030","f__UBA10030","g__UBA9647",0,0,0.0067424790005704,0,0,0,0.0005682576035197,0,0.599960659199144,0,0,0,0,0,0,0,0.026326537404835,0,0,0,"aOTU_226"
"227","d__Bacteria","p__Actinomycetota","c__Actinomycetes","o__Mycobacteriales","f__Mycobacteriaceae","g__Mycobacterium",0,0,0.0067358687270404,0,0,0,0,0,0.0003963381131055,0,0,0,0,0,0,0,0,0.0115355850676467,0.0047608205162132,0,"aOTU_227"
"228","d__Bacteria","p__Bacteroidota","c__Bacteroidia","o__Cytophagales","f__Spirosomataceae","g__Dyadobacter",0,0,0.0081537723992192,0,0.001448879593541,0,0,0,0,0,0,0,0,0,0,0,0,0,0,0,"aOTU_228"
"229","d__Bacteria","p__Pseudomonadota","c__Alphaproteobacteria","o__UBA11222","f__UBA11222","g__UBA11222",0,0,0.0060583156902184,0,0,0,0.0008164620740226,0,0,0,0,0,0,0,0,0,0.0887254267610632,0,0.0008141693056712,0,"aOTU_229"
"230","d__Bacteria","p__Pseudomonadota","c__Gammaproteobacteria","o__Burkholderiales","f__Usitatibacteraceae","g__JAEUNB01",0,0,0.0058963639887341,0,0,0,0,0,0,0,0,0,0,0,0,0,0,0,0,0,"aOTU_230"
"231","d__Bacteria","p__Pseudomonadota","c__Alphaproteobacteria","o__Rhizobiales","f__Xanthobacteraceae","g__Ga0077548",0,0,0.0049676205577732,0,0,0,0,0,0,0,0,0,0,0,0,0,0,0,0,0,"aOTU_231"
"232","d__Bacteria","p__Pseudomonadota","c__Gammaproteobacteria","o__Nevskiales","f__Nevskiaceae","g__Panacagrimonas",0,0,0.0048585510445286,0,0.0029218498216541,0,0.0112018596555911,0,0,0,0,0,0,0,0,0,0,0,0,0,"aOTU_232"
"233","d__Bacteria","p__Pseudomonadota","c__Alphaproteobacteria","o__Rhizobiales","f__Rhizobiaceae","g__Aminobacter",0,0,0.0047990585827589,0,0,0,0,0,0,0,0,0,0,0,0,0,0,0,0,0,"aOTU_233"
"234","d__Bacteria","p__Pseudomonadota","c__Alphaproteobacteria","o__Rhodospirillales_A","f__2-12-FULL-67-15","g__",0,0,0.0044850705900853,0,0,0,0,0,0,0,0,0,0,0,0,0,0,0,0,0,"aOTU_234"
"235","d__Bacteria","p__Actinomycetota","c__Acidimicrobiia","o__Acidimicrobiales","f__JACDCH01","g__UBA9382",0,0,0.0043859164871357,0,0,0,0,0,0,0,0,0,0,0,0,0,0,0,0,0,"aOTU_235"
"236","d__Bacteria","p__Actinomycetota","c__Humimicrobiia","o__Humimicrobiales","f__Humimicrobiaceae","g__Hydromicrobium",0,0,0.0039893000753374,0,0.0104312447696509,0,0.0025473616709507,0,0.36820886043473,0,0,0,0,0,0,0,0.0048756981709155,0,0.0109935855398546,0,"aOTU_236"
"237","d__Bacteria","p__Desulfobacterota","c__JAENJC01","o__JAENJC01","f__JAENJC01","g__JAENJC01",0,0,0.0033679343635202,0,0,0,0,0,0,0.0234079306768108,0,0,0,0,0,0,0,0,0,0,"aOTU_237"
"238","d__Bacteria","p__Krumholzibacteriota","c__Krumholzibacteria","o__LZORAL124-64-63","f__LZORAL124-64-63","g__CAINDZ01",0,0,0.0033315778591053,0,0,0,0,0,0,0,0,0,0,0,0,0,0,0,0,0,"aOTU_238"
"239","d__Bacteria","p__Actinomycetota","c__Thermoleophilia","o__Solirubrobacterales","f__Solirubrobacteraceae","g__CADCVQ01",0,0,0.0031332696532062,0,0,0,0,0,0,0,0,0,0,0,0,0,0,0,0,0,"aOTU_239"
"240","d__Bacteria","p__Bacillota_A","c__Clostridia","o__Clostridiales","f__Clostridiaceae","g__Clostridium",0,0,0.0029382665840721,0,0,0,0.0007315500183243,0,0.0028880451652653,0,0,0,0,0,0,0,0,0,0,0,"aOTU_240"
"241","d__Bacteria","p__Pseudomonadota","c__Alphaproteobacteria","o__Rhodobacterales","f__Rhodobacteraceae","g__Cereibacter",0,0,0.0018773176825117,0,0,0,0,0,0,0,0,0,0,0,0,0,0,0,0,0,"aOTU_241"
"242","d__Bacteria","p__Pseudomonadota","c__Alphaproteobacteria","o__Rhodospirillales_A","f__JACZKS01","g__JACZKS01",0,0,0.0016360426986678,0,0,0,0,0,0,0,0,0,0,0,0,0,0,0,0,0,"aOTU_242"
"243","d__Bacteria","p__Actinomycetota","c__Thermoleophilia","o__Solirubrobacterales","f__JACPNS01","g__JACPNS01",0,0,0.0013914625780588,0,0,0,0,0,0,0,0,0,0,0,0,0,0.0025090169751878,0,0.0002989887280713,0,"aOTU_243"
"244","d__Bacteria","p__Chloroflexota","c__Dehalococcoidia","o__GIF9","f__AB-539-J10","g__E29-bin54",0,0,0.0013815471677639,0,0.0046357263954865,0,0,0,0,0,0,0,0,0,0,0,0,0,0,0,"aOTU_244"
"245","d__Bacteria","p__Pseudomonadota","c__Alphaproteobacteria","o__Rhizobiales","f__Hyphomicrobiaceae","g__Hyphomicrobium_C",0,0,0.0008229790544813,0,0,0,0,0,0,0,0,0,0,0,0,0,0,0,0,0,"aOTU_245"
"246","d__Bacteria","p__Actinomycetota","c__Actinomycetes","o__Mycobacteriales","f__Mycobacteriaceae","g__Antrihabitans",0,0,0.0007899276868315,0,0,0,0,0,0,0,0,0,0,0,0,0,0,0,0,0,"aOTU_246"
"247","d__Bacteria","p__Actinomycetota","c__Actinomycetes","o__Actinomycetales","f__Micrococcaceae","g__Arthrobacter_D",0,0,0.0005916194809324,0,0,0,0,0,0,0,0,0,0,0,0,0,0,0,0.0011407569932568,0,"aOTU_247"
"248","d__Bacteria","p__Pseudomonadota","c__Alphaproteobacteria","o__Rhizobiales","f__Xanthobacteraceae","g__Tardiphaga",0,0,0.0005387372926926,0,0,0,0,0,0,0,0,0,0,0,0,0.118672639115778,0,0,0,0,"aOTU_248"
"249","d__Bacteria","p__Pseudomonadota","c__Alphaproteobacteria","o__Azospirillales","f__Azospirillaceae","g__Skermanella",0,0,0.0005321270191626,0,0,0,0,0,0,0,0,0,0,0,0,0,0,0,0,0,"aOTU_249"
"250","d__Bacteria","p__Pseudomonadota","c__Gammaproteobacteria","o__Burkholderiales","f__SG8-39","g__RBG-16-66-20",0,0,0.0005222116088677,0,0.0067488191993683,0,0.0013781879809502,0,0,0,0,0,0,0,0,0,0,0,0,0,"aOTU_250"
"251","d__Bacteria","p__Actinomycetota","c__Acidimicrobiia","o__Acidimicrobiales","f__AC-14","g__CADCTB01",0,0,0.0005189064721027,0,0,0,0,0,0,0,0,0,0,0,0,0,0,0,0,0,"aOTU_251"
"252","d__Bacteria","p__Myxococcota","c__UBA796","o__UBA796","f__SXON01","g__CAJBVW01",0,0,0.0004693294206279,0.00478990531603,0,0,0,0,0,0,0,0,0,0,0,0,0.0005135251651107,0,0,0,"aOTU_252"
"253","d__Bacteria","p__Pseudomonadota","c__Alphaproteobacteria","o__Dongiales","f__Dongiaceae","g__Dongia",0,0,0.0004164472323881,0,0,0,0,0,0,0,0,0,0,0,0,0,0,0,0,0,"aOTU_253"
"254","d__Bacteria","p__Bacteroidota","c__Bacteroidia","o__Bacteroidales","f__F082","g__UBA6244",0,0,0.0003635650441484,0.0029765324135812,0,0,0,0,0,0,0,0,0,0,0,0,0,0,0,0,"aOTU_254"
"255","d__Bacteria","p__Bacteroidota","c__Bacteroidia","o__Sphingobacteriales","f__Sphingobacteriaceae","g__Pedobacter",0,0,0.0003503444970884,0,0,0,0,0,0,0,0,0,0,0,0,0,0,0,0,0,"aOTU_255"
"256","d__Bacteria","p__Actinomycetota","c__Actinomycetes","o__S36-B12","f__S36-B12","g__UBA10649",0,0,0.0002445801206089,0,0,0,0,0,0,0,0,0,0,0,0,0,0,0,0,0,"aOTU_256"
"257","d__Bacteria","p__Actinomycetota","c__Actinomycetes","o__Mycobacteriales","f__Geodermatophilaceae","g__Blastococcus",0,0,0.0002379698470789,0,0,0,0,0,0,0,0,0,0,0,0,0,0,0,0.0001379947975713,0,"aOTU_257"
"258","d__Bacteria","p__Actinomycetota","c__Actinomycetes","o__Mycobacteriales","f__Pseudonocardiaceae","g__Pseudonocardia",0,0,0.000208223616194,0,0,0,0,0,0,0,0,0,0,0,0,0,0,0,0,0,"aOTU_258"
"259","d__Bacteria","p__Bacteroidota","c__Bacteroidia","o__Bacteroidales","f__VadinHA17","g__LD21",0,0,0.0001751722485442,0,0,0,0,0,0,0,0,0,0,0,0,0,6.41906456388429e-05,0,0,0,"aOTU_259"
"260","d__Bacteria","p__Nitrospirota","c__Thermodesulfovibrionia","o__UBA6902","f__UBA6902","g__UBA6902",0,0,0.0001487311544243,0,0.0004680466145405,0,0,0,0,0,0,0,0,0,0,0,0,0,0,0,"aOTU_260"
"261","d__Bacteria","p__Pseudomonadota","c__Alphaproteobacteria","o__Rhizobiales","f__Kaistiaceae","g__JADLGL01",0,0,7.60181455946665e-05,0,0.0010531048827163,0,0,0,0,0,0,0,0,0,0,0,0,0,0,0,"aOTU_261"
"262","d__Bacteria","p__Bacteroidota","c__Bacteroidia","o__Bacteroidales","f__VadinHA17","g__SR-FBR-E99",0,0,7.60181455946665e-05,0,0,0,0,0,0,0,0,0,0,0,0,0,0,0,0,0,"aOTU_262"
"263","d__Bacteria","p__Pseudomonadota","c__Alphaproteobacteria","o__Rhizobiales","f__Hyphomicrobiaceae","g__Hyphomicrobium_A",0,0,4.29667779448115e-05,0,0,0,0,0,0,0,0,0,0,0,0,0,0,0,0,0,"aOTU_263"
"264","d__Bacteria","p__Patescibacteria","c__Microgenomatia","o__UBA1400","f__MFAQ01","g__UBA10133",0,0,0,0.0372861256953713,0,0,0,0,0,0,0,0,0,0,0,0,0,0,0,0,"aOTU_264"
"265","d__Bacteria","p__Verrucomicrobiota","c__Kiritimatiellia","o__JAAZAB01","f__JAAZAB01","g__VSJD01",0,0,0,0.0170861630051449,0,0,0,0,0.0344245766534211,0.0121611019964903,0,0,0,0,0,0,0,0,0.0005887778029712,0,"aOTU_265"
"266","d__Bacteria","p__Pseudomonadota","c__Gammaproteobacteria","o__Burkholderiales","f__Gallionellaceae","g__39-52-133",0,0,0,0.0073076760590715,0,0,0,0,0,0,0,0,0,0,0,0,0,0,0,0,"aOTU_266"
"267","d__Bacteria","p__Patescibacteria","c__ABY1","o__UBA2196","f__GWA2-42-15","g__2-02-FULL-39-13",0,0,0,0.0033269251855683,0,0,0,0,0,0,0,0,0,0,0,0,0,0,0,0,"aOTU_267"
"268","d__Bacteria","p__Patescibacteria","c__ABY1","o__UBA1558","f__GWA2-36-10","g__GWA2-36-10",0,0,0,0.0018458835720146,0,0,0,0,0,0,0,0,0,0,0,0,0,0,0,0,"aOTU_268"
"269","d__Bacteria","p__Pseudomonadota","c__Gammaproteobacteria","o__Burkholderiales","f__Sulfuriferulaceae","g__Sulfuriferula_A",0,0,0,0.0014015710879484,0,0,0.0026779956027943,0,0,0,0,0,0,0,0,0,0,0,0.0014995434669425,0,"aOTU_269"
"270","d__Bacteria","p__Patescibacteria","c__Gracilibacteria","o__Peribacterales","f__Peribacteraceae","g__GWB1-54-5",0,0,0,0.0010728520956718,0,0,0,0,0,0,0,0,0,0,0,0,0,0,0,0,"aOTU_270"
"271","d__Bacteria","p__Desulfobacterota","c__Desulfobacteria","o__Desulfobacterales","f__ETH-SRB1","g__B13-G4",0,0,0,0.0009933815700665,0,0,0,0,0,0,0,0,0,0,0,0,0,0,0,0,"aOTU_271"
"272","d__Bacteria","p__Patescibacteria","c__Microgenomatia","o__UBA1400","f__UBA12108","g__UBA12108",0,0,0,0.0001950640173948,0,0,0,0,0,0,0,0,0,0,0,0,0,0,0,0,"aOTU_272"
"273","d__Bacteria","p__Patescibacteria","c__Microgenomatia","o__UBA1406","f__GWC2-37-13","g__GWC2-37-13",0,0,0,9.75320086974449e-05,0,0,0,0,0,0.0006492818584809,0,0,0,0,0,0,0,0,0,0,"aOTU_273"
"274","d__Bacteria","p__Planctomycetota","c__Planctomycetia","o__Planctomycetales","f__Planctomycetaceae","g__SH412",0,0,0,8.66951188421732e-05,0,0,0.0011234518138552,0,0,0,0,0,0,0,0,0,0.0001618720629153,0,0.0011039583805711,0,"aOTU_274"
"275","d__Bacteria","p__Nitrospirota","c__Thermodesulfovibrionia","o__Thermodesulfovibrionales","f__SM23-35","g__0-14-3-00-41-53",0,0,0,2.52860763289672e-05,0,0,0,0,0,0.195735781860518,0,0,0,0,0,0,0.0016689567866099,0,0,0,"aOTU_275"
"276","d__Bacteria","p__Pseudomonadota","c__Gammaproteobacteria","o__Nevskiales","f__Nevskiaceae","g__Polycyclovorans",0,0,0,0,0.743688213793531,0,0,0,0,0,0,0,0,0,0,0,0,0,0,0,"aOTU_276"
"277","d__Bacteria","p__Pseudomonadota","c__Gammaproteobacteria","o__Burkholderiales","f__Rhodocyclaceae","g__Desulfobacillus",0,0,0,0,0.0007158359987091,0,0,0,0,0,0,0,0,0,0,0,0,0,0,0,"aOTU_277"
"278","d__Bacteria","p__Pseudomonadota","c__Alphaproteobacteria","o__Sphingomonadales","f__Sphingomonadaceae","g__Blastomonas",0,0,0,0,0.0006986284025863,0,0,0,0,0,0,0,0,0,0,0,0,0,0,0,"aOTU_278"
"279","d__Bacteria","p__Pseudomonadota","c__Gammaproteobacteria","o__Burkholderiales","f__Burkholderiaceae","g__Rubrivivax",0,0,0,0,0.0005127863644599,0,0,0,0,0,0,0,0,0,0,0,0,0,0,0,"aOTU_279"
"280","d__Bacteria","p__Chloroflexota","c__Dehalococcoidia","o__UBA2979","f__UBA2979","g__SHYQ01",0,0,0,0,0.0004542805376423,0,0,0,0,0,0,0,0,0,0,0,0,0,0,0,"aOTU_280"
"281","d__Bacteria","p__Pseudomonadota","c__Gammaproteobacteria","o__Burkholderiales","f__Burkholderiaceae","g__JAUXWC01",0,0,0,0,0.0003716840762528,0,0,0,0,0,0,0,0,0,0,0,0,0,0,0,"aOTU_281"
"282","d__Bacteria","p__Pseudomonadota","c__Alphaproteobacteria","o__Acetobacterales","f__Acetobacteraceae","g__Falsiroseomonas",0,0,0,0,0.0002615554610668,0,0,0,0,0,0,0,0,0,0,0,0,0,0,0,"aOTU_282"
"283","d__Bacteria","p__Pseudomonadota","c__Alphaproteobacteria","o__SMXQ01","f__SMXQ01","g__CAMAVH01",0,0,0,0,0.0002236987495966,0,0,0,0,0,0,0,0,0,0,0,0,0,0,0,"aOTU_283"
"284","d__Bacteria","p__Pseudomonadota","c__Gammaproteobacteria","o__Legionellales","f__Legionellaceae","g__Legionella",0,0,0,0,2.40906345719422e-05,0,0,0,0,0,0,0,0,0,0,0,0,0,0,0,"aOTU_284"
"285","d__Bacteria","p__Bacteroidota","c__Bacteroidia","o__Bacteroidales","f__JAAYJT01","g__JAAYJT01",0,0,0,0,0,0.27716,0,0.0002729739851989,0,0,0,0,0,0,0,0,0,0,0,0.132239325071552,"aOTU_285"
"286","d__Bacteria","p__Pseudomonadota","c__Gammaproteobacteria","o__Burkholderiales","f__Burkholderiaceae","g__Polynucleobacter",0,0,0,0,0,0,0.313586753390629,0,0,0,0,0,0,0,0,0,0.0356202265342848,0,0.255635362501014,0,"aOTU_286"
"287","d__Bacteria","p__Pseudomonadota","c__Gammaproteobacteria","o__Burkholderiales","f__Rhodocyclaceae","g__Rugosibacter",0,0,0,0,0,0,0.0721817790401967,0,0,0,0,0,0,0,0,0,0.611086573788875,0,0,0,"aOTU_287"
"288","d__Bacteria","p__Pseudomonadota","c__Gammaproteobacteria","o__Nevskiales","f__Nevskiaceae","g__Nevskia",0,0,0,0,0,0,0.031939996335767,0,0,0,0,0,0,0,0,0,0,0,0,0,"aOTU_288"
"289","d__Bacteria","p__Verrucomicrobiota","c__Verrucomicrobiae","o__Opitutales","f__Opitutaceae","g__ER46",0,0,0,0,0,0,0.014330542323246,0,0,0,0,0,0,0,0,0,0,0,0,0,"aOTU_289"
"290","d__Bacteria","p__Planctomycetota","c__Brocadiia","o__Brocadiales","f__Bathyanammoxibiaceae","g__2-12-FULL-52-36",0,0,0,0,0,0,0.00425213448151,0,0,0,0,0,0,0,0,0,0,0,0,0,"aOTU_290"
"291","d__Bacteria","p__Bacillota_A","c__Clostridia","o__Clostridiales","f__Clostridiaceae","g__JAIZZN01",0,0,0,0,0,0,0.0009666910956428,0,0,0,0,0,0,0,0,0,0,0,0,0,"aOTU_291"
"292","d__Bacteria","p__Bacteroidota","c__Ignavibacteria","o__Ignavibacteriales","f__Melioribacteraceae","g__DSXH01",0,0,0,0,0,0,0.0006792964455868,0,0,0,0,0,0,0,0,0,0,0,0,0,"aOTU_292"
"293","d__Bacteria","p__Pseudomonadota","c__Alphaproteobacteria","o__Acetobacterales","f__Acetobacteraceae","g__Humitalea",0,0,0,0,0,0,0.0005029406375979,0,0,0,0,0,0,0,0,0,0,0,0.0034130713265992,0,"aOTU_293"
"294","d__Bacteria","p__Desulfobacterota","c__Desulfobacteria","o__Desulfobacterales","f__Desulfobacteraceae","g__Desulfobacula",0,0,0,0,0,0,0.000470282154637,0,0,0,0,0,0,0,0,0,0.0003265350234671,0,0,0,"aOTU_294"
"295","d__Bacteria","p__Bacteroidota","c__Bacteroidia","o__Chitinophagales","f__Chitinophagaceae","g__JJ008",0,0,0,0,0,0,0.0004114968853074,0,0,0,0,0,0,0,0,0,0,0,0,0,"aOTU_295"
"296","d__Bacteria","p__Atribacterota","c__JS1","o__SB-45","f__34-128","g__CG2-30-33-13",0,0,0,0,0,0,0.0003723067057543,0,0.193142629009832,0,0,0,0,0,0,0,0.0012000859836827,0,0.0061821669311986,0,"aOTU_296"
"297","d__Bacteria","p__Bacillota_I","c__Bacilli_A","o__Acholeplasmatales","f__Acholeplasmataceae","g__UBA2284",0,0,0,0,0,0,0.000326584829609,0,0,0,0,0,0,0,0,0,0,0,0,0,"aOTU_297"
"298","d__Bacteria","p__Patescibacteria","c__Paceibacteria","o__UBA6257","f__UBA9933","g__UM-FILTER-39-64",0,0,0,0,0,0,0.0001436973250279,0,0.0016222211141065,0,0,0,0,0,0,0,0.0074768147681069,0,0,0,"aOTU_298"
"299","d__Bacteria","p__Desulfobacterota","c__Desulfobacteria","o__Desulfobacterales","f__Desulfatirhabdiaceae","g__RAAP-1",0,0,0,0,0,0,3.2658482960907e-05,0,7.68097118421642e-05,0.0001277448859775,0,0,0,0,0,0,0,0,0.000496781271257,0,"aOTU_299"
"300","d__Bacteria","p__Pseudomonadota","c__Gammaproteobacteria","o__Methylococcales","f__Methylomonadaceae","g__UBA4132",0,0,0,0,0,0,0,0.0025674309959252,0,0,0,0,0,0,0,0,0.0585111689486235,0,0,0,"aOTU_300"
"301","d__Bacteria","p__Zixibacteria","c__MSB-5A5","o__MSB-5A5","f__RBG-16-43-9","g__RBG-16-43-9",0,0,0,0,0,0,0,0,0.266899922903389,0,0,0,0,0,0,0,0,0,0.011002785193026,0,"aOTU_301"
"302","d__Bacteria","p__Actinomycetota","c__Geothermincolia","o__Fen-727","f__Anoxymicrobiaceae","g__JAENXM01",0,0,0,0,0,0,0,0,0.109948493919347,0,0,0,0,0,0,0,0.0021936455422665,0,0,0,"aOTU_302"
"303","d__Bacteria","p__Omnitrophota","c__Koll11","o__Gorgyraeales","f__Gorgyraeaceae","g__UBA10183",0,0,0,0,0,0,0,0,0.0532229855296723,0.0010040114592119,0,0,0,0,0,0,0,0,0,0,"aOTU_303"
"304","d__Bacteria","p__Omnitrophota","c__Koll11","o__JAHIPI01","f__JAHIPI01","g__JAHIPI01",0,0,0,0,0,0,0,0,0.0492549958159061,0,0,0,0,0,0,0,0,0,0,0,"aOTU_304"
"305","d__Bacteria","p__Desulfobacterota","c__BSN033","o__BSN033","f__UBA1163","g__UBA1163",0,0,0,0,0,0,0,0,0.0233178923210441,0,0,0,0,0,0,0,0.0103291121525807,0,0.0009429644500712,0,"aOTU_305"
"306","d__Bacteria","p__Patescibacteria","c__Paceibacteria","o__Paceibacterales","f__CG1-02-41-26","g__CG1-02-41-26",0,0,0,0,0,0,0,0,0.0200166109060679,0,0,0,0,0,0,0,0,0,0,0,"aOTU_306"
"307","d__Bacteria","p__Bacteroidota","c__Bacteroidia","o__Bacteroidales","f__FEN-979","g__FEN-979",0,0,0,0,0,0,0,0,0.0093584952908492,0,0,0,0,0,0,0,0,0,0,0,"aOTU_307"
"308","d__Bacteria","p__Actinomycetota","c__Humimicrobiia","o__Hakubellales","f__Hakubellaceae","g__Hakubella",0,0,0,0,0,0,0,0,0.0046485237606877,0,0,0,0,0,0,0,0,0,0,0,"aOTU_308"
"309","d__Bacteria","p__Planctomycetota","c__Phycisphaerae","o__FEN-1346","f__FEN-1346","g__JAPLMM01",0,0,0,0,0,0,0,0,0.0043781535750033,0,0,0,0,0,0,0,0,0,0,0,"aOTU_309"
"310","d__Bacteria","p__Planctomycetota","c__Phycisphaerae","o__Sedimentisphaerales","f__UBA12454","g__UBA12454",0,0,0,0,0,0,0,0,0.0036546060894501,0,0,0,0,0,0,0,0,0,0,0,"aOTU_310"
"311","d__Bacteria","p__Planctomycetota","c__Phycisphaerae","o__Sedimentisphaerales","f__Anaerohalosphaeraceae","g__UBA7708",0,0,0,0,0,0,0,0,0.0028342783669758,0,0,0,0,0,0,0,0,0,0,0,"aOTU_311"
"312","d__Bacteria","p__Desulfobacterota_E","c__Deferrimicrobia","o__Deferrimicrobiales","f__Deferrimicrobiaceae","g__JAKALO01",0,0,0,0,0,0,0,0,0.0026207473680546,0,0,0,0,0,0,0,0,0,0,0,"aOTU_312"
"313","d__Bacteria","p__Chloroflexota","c__Dehalococcoidia","o__SM23-28-2","f__RBG-16-64-32","g__RBG-16-64-32",0,0,0,0,0,0,0,0,0.002038529752291,0,0,0,0,0,0,0,0,0,0.0012143542186282,0,"aOTU_313"
"314","d__Bacteria","p__Omnitrophota","c__Koll11","o__Taenaricolales","f__Taenaricolaceae","g__Taenaricola",0,0,0,0,0,0,0,0,0.0007849952550269,0,0,0,0,0,0,0,0,0,0,0,"aOTU_314"
"315","d__Bacteria","p__Planctomycetota","c__Phycisphaerae","o__Sedimentisphaerales","f__SG8-4","g__Fen-1362",0,0,0,0,0,0,0,0,0.0007204750970794,0,0,0,0,0,0,0,0,0,0,0,"aOTU_315"
"316","d__Bacteria","p__Bacteroidota","c__UBA10030","o__UBA10030","f__UBA10030","g__Fen-1298",0,0,0,0,0,0,0,0,0.0006636359103162,0,0,0,0,0,0,0,0,0,0,0,"aOTU_316"
"317","d__Bacteria","p__Patescibacteria","c__Paceibacteria","o__Portnoybacterales","f__UBA2143","g__UM-FILTER-43-11-A",0,0,0,0,0,0,0,0,0.0004946545442635,0,0,0,0,0,0,0,0,0,0,0,"aOTU_317"
"318","d__Archaea","p__Thermoproteota","c__Bathyarchaeia","o__Bathyarchaeales","f__UBA233","g__Termiticorpusculum",0,0,0,0,0,0,0,0,0.0004946545442635,0,0,0,0,0,0,0,0,0,0,0,"aOTU_318"
"319","d__Bacteria","p__Schekmanbacteria","c__GWA2-38-11","o__GWA2-38-11","f__GWA2-38-11","g__2-02-FULL-38-14-A",0,0,0,0,0,0,0,0,0.0001290403158948,0,0,0,0,0,0,0,0,0,0,0,"aOTU_319"
"320","d__Bacteria","p__Planctomycetota","c__Phycisphaerae","o__Sedimentisphaerales","f__SG8-4","g__CAIYOL01",0,0,0,0,0,0,0,0,0.0001198231504737,0,0,0,0,0,0,0,0,0,0,0,"aOTU_320"
"321","d__Bacteria","p__Bacteroidota","c__Bacteroidia","o__Bacteroidales","f__FEN-979","g__QYOJ01",0,0,0,0,0,0,0,0,0.0001029250138684,0,0,0,0,0,0,0,0,0,0,0,"aOTU_321"
"322","d__Bacteria","p__Pseudomonadota","c__Gammaproteobacteria","o__Burkholderiales","f__Rhodocyclaceae","g__Sulfurisoma",0,0,0,0,0,0,0,0,0,0.0124862707971604,0,0,0,0,0,0,0,0,0,0,"aOTU_322"
"323","d__Archaea","p__Thermoplasmatota","c__E2","o__DHVEG-1","f__DHVEG-1","g__SM1-50",0,0,0,0,0,0,0,0,0,0.0046568817524541,0,0,0,0,0,0,0.000870760062579,0,0,0,"aOTU_323"
"324","d__Bacteria","p__Patescibacteria","c__Microgenomatia","o__Daviesbacterales","f__UBA10151","g__2-01-FULL-40-24",0,0,0,0,0,0,0,0,0,0.0021716630616182,0,0,0,0,0,0,0,0,0,0,"aOTU_324"
"325","d__Bacteria","p__Elusimicrobiota","c__UBA8919","o__UBA8919","f__UBA8919","g__UBA8919",0,0,0,0,0,0,0,0,0,0.0019700161754884,0,0,0,0,0,0,0.0012056677789556,0,0.0008049696524998,0,"aOTU_325"
"326","d__Bacteria","p__Actinomycetota","c__Actinomycetes","o__Propionibacteriales","f__Propionibacteriaceae","g__Arachnia",0,0,0,0,0,0,0,0,0,0.0013070096598363,0,0,0,0,0,0,0,0,0,0,"aOTU_326"
"327","d__Bacteria","p__Omnitrophota","c__Koll11","o__Velamenicoccales","f__Velamenicoccaceae","g__Phelpsiimicrobium",0,0,0,0,0,0,0,0,0,0.0010758019736456,0,0,0,0,0,0,0,0,0,0,"aOTU_327"
"328","d__Bacteria","p__Gemmatimonadota","c__Gemmatimonadetes","o__Longimicrobiales","f__UBA6960","g__UBA2982",0,0,0,0,0,0,0,0,0,0.001047296916444,0,0,0,0,0,0,0,0,0,0,"aOTU_328"
"329","d__Bacteria","p__Pseudomonadota","c__Gammaproteobacteria","o__Acidiferrobacterales","f__Sulfurifustaceae","g__Sulfuricaulis",0,0,0,0,0,0,0,0,0,0.000875210830375,0,0,0,0,0,0,0,0,0,0,"aOTU_329"
"330","d__Archaea","p__Halobacteriota","c__Methanomicrobia","o__Methanomicrobiales","f__Methanospirillaceae","g__MVRE01",0,0,0,0,0,0,0,0,0,0.0006524490870588,0,0,0,0,0,0,0,0,0,0,"aOTU_330"
"331","d__Archaea","p__Halobacteriota","c__Methanosarcinia","o__Methanosarcinales","f__Methanoperedenaceae","g__Methanoperedens",0,0,0,0,0,0,0,0,0,0.0006059964012488,0,0,0,0,0,0,0,0,0,0,"aOTU_331"
"332","d__Bacteria","p__Actinomycetota","c__Thermoleophilia","o__Gaiellales","f__Gaiellaceae","g__Gaiella",0,0,0,0,0,0,0,0,0,0.0005722126297506,0,0,0,0,0,0,0,0,0,0,"aOTU_332"
"333","d__Bacteria","p__Pseudomonadota","c__Alphaproteobacteria","o__Rhizobiales","f__Phreatobacteraceae","g__Phreatobacter",0,0,0,0,0,0,0,0,0,0.0003198900863735,0,0,0,0,0,0,0,0,0,0,"aOTU_333"
"334","d__Bacteria","p__Desulfobacterota","c__Desulfobulbia","o__Desulfobulbales","f__Desulfocapsaceae","g__CAIUQR01",0,0,0,0,0,0,0,0,0,0.0002681586862669,0,0,0,0,0,0,0.0004493345194719,0,0,0,"aOTU_334"
"335","d__Bacteria","p__Pseudomonadota","c__Alphaproteobacteria","o__Rhizobiales","f__Beijerinckiaceae","g__Methylobacterium",0,0,0,0,0,0,0,0,0,0,0,0,0,0,0,1.66199931583195,0.0148615299142103,0,0,0,"aOTU_335"
"336","d__Bacteria","p__Pseudomonadota","c__Gammaproteobacteria","o__Burkholderiales","f__Burkholderiaceae","g__Telluria",0,0,0,0,0,0,0,0,0,0,0,0,0,0,0,0.21755112373583,0,0,0,0,"aOTU_336"
"337","d__Bacteria","p__Actinomycetota","c__Actinomycetes","o__Actinomycetales","f__Microbacteriaceae","g__Agreia",0,0,0,0,0,0,0,0,0,0,0,0,0,0,0,0.0056168300136587,0,0,0,0,"aOTU_337"
"338","d__Bacteria","p__Pseudomonadota","c__Alphaproteobacteria","o__Rhizobiales","f__Rhizobiaceae","g__Aureimonas_A",0,0,0,0,0,0,0,0,0,0,0,0,0,0,0,0.0011010896230741,0,0,0,0,"aOTU_338"
"339","d__Bacteria","p__Actinomycetota","c__Actinomycetes","o__Propionibacteriales","f__Nocardioidaceae","g__Aeromicrobium",0,0,0,0,0,0,0,0,0,0,0,0,0,0,0,0.0004837156725643,0.0005637613225672,0,0,0,"aOTU_339"
"340","d__Bacteria","p__Actinomycetota","c__Thermoleophilia","o__Solirubrobacterales","f__Solirubrobacteraceae","g__Patulibacter",0,0,0,0,0,0,0,0,0,0,0,0,0,0,0,0.000197305076967,0,0,0,0,"aOTU_340"
"341","d__Bacteria","p__Actinomycetota","c__Actinomycetes","o__Actinomycetales","f__Microbacteriaceae","g__Rhodoglobus",0,0,0,0,0,0,0,0,0,0,0,0,0,0,0,0,0,0.0105414336056504,0.0006347760688284,0,"aOTU_341"
"342","d__Bacteria","p__Dependentiae","c__Babeliae","o__Babeliales","f__Babeliaceae","g__Babela",0,0,0,0,0,0,0,0,0,0,0,0,0,0,0,0,0,0.0004713649173258,0,0,"aOTU_342"
"343","d__Bacteria","p__Pseudomonadota","c__Alphaproteobacteria","o__Rhizobiales","f__Xanthobacteraceae","g__Ancylobacter",0,0,0,0,0,0,0,0,0,0,0,0,0,0,0,0,0,0.000411373018757,0,0,"aOTU_343"
"344","d__Bacteria","p__Patescibacteria","c__Microgenomatia","o__GWA2-44-7","f__UBA8517","g__GWF1-31-35",0,0,0,0,0,0,0,0,0,0,0,0,0,0,0,0,0,0,0.0046320253718132,0,"aOTU_344"
"345","d__Bacteria","p__Pseudomonadota","c__Alphaproteobacteria","o__Rhodobacterales","f__Rhodobacteraceae","g__Paracoccus",0,0,0,0,0,0,0,0,0,0,0,0,0,0,0,0,0,0,0.0028932909224136,0,"aOTU_345"
"346","d__Bacteria","p__Pseudomonadota","c__Gammaproteobacteria","o__Pseudomonadales","f__Porticoccaceae","g__JAGPUQ01",0,0,0,0,0,0,0,0,0,0,0,0,0,0,0,0,0,0,0.0019227275128281,0,"aOTU_346"
"347","d__Bacteria","p__Pseudomonadota","c__Alphaproteobacteria","o__Rhizobiales","f__Rhizobiaceae","g__Mesorhizobium",0,0,0,0,0,0,0,0,0,0,0,0,0,0,0,0,0,0,0.0014535452010853,0,"aOTU_347"
"348","d__Bacteria","p__Verrucomicrobiota","c__Verrucomicrobiae","o__Opitutales","f__Opitutaceae","g__UBA2377",0,0,0,0,0,0,0,0,0,0,0,0,0,0,0,0,0,0,0.000432383699057,0,"aOTU_348"
"349","d__Bacteria","p__Actinomycetota","c__Thermoleophilia","o__Solirubrobacterales","f__Solirubrobacteraceae","g__SYBY01",0,0,0,0,0,0,0,0,0,0,0,0,0,0,0,0,0,0,0.0002575902887999,0,"aOTU_349"
"350","d__Bacteria","p__Desulfobacterota","c__Desulfobacteria","o__Desulfobacterales","f__UBA2174_A","g__SpSt-501",0,0,0,0,0,0,0,0,0,0,0,0,0,0,0,0,0,0,0.0002161918495285,0,"aOTU_350"
"351","d__Bacteria","p__Spirochaetota","c__Spirochaetia","o__Treponematales","f__UBA12059","g__UBA12059",0,0,0,0,0,0,0,0,0,0,0,0,0,0,0,0,0,0,0.0001379947975713,0,"aOTU_351"
"352","d__Bacteria","p__Bacteroidota","c__Bacteroidia","o__Bacteroidales","f__UBA1402","g__UBA8389",0,0,0,0,0,0,0,0,0,0,0,0,0,0,0,0,0,0,0.0001379947975713,0,"aOTU_352"
"353","d__Bacteria","p__Pseudomonadota","c__Gammaproteobacteria","o__Nitrosococcales","f__Methylophagaceae","g__Methylophaga",0,0,0,0,0,0,0,0,0,0,0,0,0,0,0,0,0.0054562048793016,0,0,6.83384680180692,"aOTU_353"
"354","d__Archaea","p__Halobacteriota","c__Methanomicrobia","o__Methanomicrobiales","f__Methanocorpusculaceae","g__Methanocalculus",0,0,0,0,0,0,0,0,0,0,0,0,0,0,0,0,0,0,0,0.337112842820331,"aOTU_354"
"355","d__Bacteria","p__Chloroflexota","c__Dehalococcoidia","o__Dehalococcoidales","f__UBA5760","g__UBA5760",0,0,0,0,0,0,0,0,0,0,0,0,0,0,0,0,0,0,0,0.0031888182150977,"aOTU_355"
"356","d__Bacteria","p__Pseudomonadota","c__Gammaproteobacteria","o__Methylococcales","f__Methylomonadaceae","g__Methylobacter_C",0,0,0,0,0,0,0,0,0,0,0,0,0,0,0,0,0,0,0,0.0011703070217025,"aOTU_356"
"357","d__Bacteria","p__Bacteroidota","c__Bacteroidia","o__Cytophagales","f__Cyclobacteriaceae","g__Rhodonellum",0,0,0,0,0,0,0,0,0,0,0,0,0,0,0,0,0,0,0,0.0006173637958522,"aOTU_357"
"358","d__Bacteria","p__Pseudomonadota","c__Gammaproteobacteria","o__Pseudomonadales","f__Pseudomonadaceae","g__Halopseudomonas",0,0,0,0,0,0,0,0,0,0,0,0,0,0,0,0,0,0,0,0.0003650498966778,"aOTU_358"
"359","d__Bacteria","p__Pseudomonadota","c__Gammaproteobacteria","o__Pseudomonadales","f__Moraxellaceae","g__Agitococcus",0,0,0,0,0,0,0,0,0,0,0,0,0,0,0,0,2.92399554475475,0,0,0,"aOTU_359"
"360","d__Bacteria","p__Pseudomonadota","c__Gammaproteobacteria","o__Methylococcales","f__Methylomonadaceae","g__Methylomonas",0,0,0,0,0,0,0,0,0,0,0,0,0,0,0,0,0.0501356851415727,0,0,0,"aOTU_360"
"361","d__Bacteria","p__Pseudomonadota","c__Alphaproteobacteria","o__Sphingomonadales","f__Sphingomonadaceae","g__Sphingorhabdus_B",0,0,0,0,0,0,0,0,0,0,0,0,0,0,0,0,0.0396307464378943,0,0,0,"aOTU_361"
"362","d__Bacteria","p__Pseudomonadota","c__Gammaproteobacteria","o__Burkholderiales","f__Burkholderiaceae","g__PBB1",0,0,0,0,0,0,0,0,0,0,0,0,0,0,0,0,0.0232928316739905,0,0,0,"aOTU_362"
"363","d__Bacteria","p__UBA9089","c__CG2-30-40-21","o__CG2-30-40-21","f__CG2-30-40-21","g__CG2-30-40-21",0,0,0,0,0,0,0,0,0,0,0,0,0,0,0,0,0.0214145575646452,0,0,0,"aOTU_363"
"364","d__Bacteria","p__Patescibacteria","c__Gracilibacteria","o__JAHISY01","f__JAHISY01","g__JAHISY01",0,0,0,0,0,0,0,0,0,0,0,0,0,0,0,0,0.0163183784804484,0,0,0,"aOTU_364"
"365","d__Bacteria","p__Bacteroidota","c__Bacteroidia","o__Bacteroidales","f__UBA4417","g__UBA4417",0,0,0,0,0,0,0,0,0,0,0,0,0,0,0,0,0.0118473604668212,0,0,0,"aOTU_365"
"366","d__Bacteria","p__Patescibacteria","c__ABY1","o__BM507","f__GWC2-42-12","g__JAHITL01",0,0,0,0,0,0,0,0,0,0,0,0,0,0,0,0,0.0113087172229822,0,0,0,"aOTU_366"
"367","d__Bacteria","p__Actinomycetota","c__Actinomycetes","o__Actinomycetales","f__Micrococcaceae","g__Arthrobacter",0,0,0,0,0,0,0,0,0,0,0,0,0,0,0,0,0.0081159303268589,0,0,0,"aOTU_367"
"368","d__Bacteria","p__Pseudomonadota","c__Gammaproteobacteria","o__Burkholderiales","f__Burkholderiaceae","g__Lacisediminimonas",0,0,0,0,0,0,0,0,0,0,0,0,0,0,0,0,0.0065641912409808,0,0,0,"aOTU_368"
"369","d__Bacteria","p__Patescibacteria","c__Paceibacteria","o__UBA9973","f__UBA2103","g__1-14-0-10-45-20",0,0,0,0,0,0,0,0,0,0,0,0,0,0,0,0,0.0055706316823969,0,0,0,"aOTU_369"
"370","d__Bacteria","p__Pseudomonadota","c__Gammaproteobacteria","o__Pseudomonadales","f__Moraxellaceae","g__Acinetobacter",0,0,0,0,0,0,0,0,0,0,0,0,0,0,0,0,0.0047696440607296,0,0,0,"aOTU_370"
"371","d__Bacteria","p__Pseudomonadota","c__Alphaproteobacteria","o__Rhizobiales","f__Devosiaceae","g__Devosia",0,0,0,0,0,0,0,0,0,0,0,0,0,0,0,0,0.0022606270855418,0,0,0,"aOTU_371"
"372","d__Bacteria","p__Verrucomicrobiota","c__Lentisphaeria","o__Victivallales","f__GWF2-38-69","g__JAJXWI01",0,0,0,0,0,0,0,0,0,0,0,0,0,0,0,0,0.001752683715704,0,0,0,"aOTU_372"
"373","d__Bacteria","p__Pseudomonadota","c__Gammaproteobacteria","o__Burkholderiales","f__Burkholderiaceae","g__Noviherbaspirillum_A",0,0,0,0,0,0,0,0,0,0,0,0,0,0,0,0,0.0013117218891415,0,0,0,"aOTU_373"
"374","d__Bacteria","p__Bacteroidota","c__Bacteroidia","o__Bacteroidales","f__GWA2-32-17","g__GWA2-32-17",0,0,0,0,0,0,0,0,0,0,0,0,0,0,0,0,0.0010689137947685,0,0,0,"aOTU_374"
"375","d__Bacteria","p__Acidobacteriota","c__Aminicenantia","o__UBA2199","f__UBA2199","g__UBA2199",0,0,0,0,0,0,0,0,0,0,0,0,0,0,0,0,0.0008205239051226,0,0,0,"aOTU_375"
"376","d__Bacteria","p__Acidobacteriota","c__Thermoanaerobaculia","o__UBA5066","f__UBA5066","g__UBA5066",0,0,0,0,0,0,0,0,0,0,0,0,0,0,0,0,0.0005832976060225,0,0,0,"aOTU_376"
"377","d__Bacteria","p__Desulfobacterota","c__Syntrophia","o__Syntrophales","f__Smithellaceae","g__FEN-1160",0,0,0,0,0,0,0,0,0,0,0,0,0,0,0,0,0.0003209532281942,0,0,0,"aOTU_377"
"378","d__Bacteria","p__Verrucomicrobiota","c__Lentisphaeria","o__Victivallales","f__Victivallaceae","g__CAIPAT01",0,0,0,0,0,0,0,0,0,0,0,0,0,0,0,0,0.0002930442518295,0,0,0,"aOTU_378"
"379","d__Bacteria","p__Verrucomicrobiota","c__Verrucomicrobiae","o__Palsa-1439","f__CAIQCK01","g__CAIQCK01",0,0,0,0,0,0,0,0,0,0,0,0,0,0,0,0,0.0001172177007318,0,0,0,"aOTU_379"
"380","d__Bacteria","p__Nitrospirota","c__UBA9217","o__UBA9217","f__UBA9217","g__",0,0,0,0,0,0,0,0,0,0,0,0,0,0,0,0,5.58179527294286e-05,0,0,0,"aOTU_380"
