"","input","filtered","denoisedF","denoisedR","merged","nonchim","Percent_Merged","Percent_NoChimeras"
"DMO-GOWN-bact-2023-G1-20230321",8805,3608,3600,3602,3369,3282,0.933758314855876,0.909645232815965
"DMO-GOWN-bact-2023-G10-20230321",19145,8187,8164,8075,7499,7345,0.915964333699768,0.897154024673262
"DMO-GOWN-bact-2023-G11-20230321",22723,9493,9472,9477,8942,8462,0.94195723164437,0.8913936584852
"DMO-GOWN-bact-2023-G12-20230321",5642,2376,2370,2373,2228,2130,0.937710437710438,0.896464646464647
"DMO-GOWN-bact-2023-G13-20230321",13643,5704,5669,5666,5265,5101,0.923036465638149,0.894284712482468
"DMO-GOWN-bact-2023-G14-20230321",41585,16485,16384,16367,14724,14104,0.893175614194722,0.855565665756749
"DMO-GOWN-bact-2023-G15-20230321",42947,19852,19790,19750,18288,17784,0.92121700584324,0.895829135603466
"DMO-GOWN-bact-2023-G16-20230321",66801,27680,27553,27590,26114,25153,0.943424855491329,0.908706647398844
"DMO-GOWN-bact-2023-G17-20230321",44160,16762,16631,16652,15219,14968,0.907946545758263,0.892972199021596
"DMO-GOWN-bact-2023-G18-20230321",45984,19262,19191,19188,18334,17855,0.951822240681134,0.926954625687883
"DMO-GOWN-bact-2023-G19-20230321",21280,8549,8519,8502,8184,7985,0.957304947947128,0.934027371622412
"DMO-GOWN-bact-2023-G2-20230321",19893,7003,6982,6981,6374,6191,0.910181350849636,0.884049692988719
"DMO-GOWN-bact-2023-G20-20230321",48752,19976,19840,19805,17968,17543,0.8994793752503,0.878203844613536
"DMO-GOWN-bact-2023-G21-20230321",64206,30305,30256,30202,29106,27812,0.96043557168784,0.917736347137436
"DMO-GOWN-bact-2023-G22-20230321",67723,29244,29114,29169,27482,26643,0.939748324442621,0.911058678703324
"DMO-GOWN-bact-2023-G23-20230321",56447,26527,26473,26489,25494,23806,0.961058544124854,0.897425264824518
"DMO-GOWN-bact-2023-G24-20230321",5913,2714,2713,2711,2542,2401,0.93662490788504,0.884672070744289
"DMO-GOWN-bact-2023-G3-20230321",18820,8233,8216,8214,7919,7695,0.961860804081137,0.934653224826916
"DMO-GOWN-bact-2023-G4-20230321",22489,11090,11075,11084,10509,9878,0.94761045987376,0.890712353471596
"DMO-GOWN-bact-2023-G5-20230321",19258,7591,7571,7570,7156,6903,0.942695297062311,0.909366354893953
"DMO-GOWN-bact-2023-G6-20230321",21386,9762,9725,9707,9137,8833,0.935976234378201,0.904835074779758
"DMO-GOWN-bact-2023-G7-20230321",14422,6512,6491,6478,6172,6002,0.947788697788698,0.921683046683047
"DMO-GOWN-bact-2023-G8-20230321",19993,9199,9170,9169,8779,8537,0.954342863354713,0.928035656049571
"DMO-GOWN-bact-2023-G9-20230321",33524,12098,11972,11976,10132,9867,0.837493800628203,0.815589353612167
"DMO-GOWN-bact-2023-N1-20230321",10471,3739,3731,3736,3559,3442,0.951858785771597,0.920566996523135
"DMO-GOWN-bact-2023-N10-20230321",57365,25537,25467,25477,24430,23562,0.956651133649215,0.922661236637036
"DMO-GOWN-bact-2023-N11-20230321",44797,20204,20171,20162,18992,18403,0.940011878835874,0.910859235794892
"DMO-GOWN-bact-2023-N12-20230321",45910,17649,17457,17501,15552,15205,0.881183069862315,0.861521899257748
"DMO-GOWN-bact-2023-N13-20230321",3705,1418,1416,1412,1323,1290,0.933004231311707,0.909732016925247
"DMO-GOWN-bact-2023-N14-20230321",11816,4260,4252,4251,4044,4005,0.949295774647887,0.940140845070423
"DMO-GOWN-bact-2023-N15-20230321",44630,16738,16646,16687,15889,15455,0.949277094037519,0.92334807025929
"DMO-GOWN-bact-2023-N16-20230321",44345,18322,18276,18279,17212,16714,0.93941709420369,0.912236655386967
"DMO-GOWN-bact-2023-N17-20230321",220486,95667,95439,95217,90487,86644,0.945853847199139,0.90568325545904
"DMO-GOWN-bact-2023-N18-20230321",43814,16553,16529,16531,15852,15517,0.957651181054794,0.937413157735758
"DMO-GOWN-bact-2023-N19-20230321",47717,20904,20876,20852,19865,18808,0.95029659395331,0.899732108687333
"DMO-GOWN-bact-2023-N2-20230321",19434,8273,8255,8254,7945,7713,0.960352955397075,0.932309923848664
"DMO-GOWN-bact-2023-N20-20230321",27361,10478,10412,10408,9358,9115,0.893109372017561,0.869917923267799
"DMO-GOWN-bact-2023-N21-20230321",47597,20520,20416,20372,19056,18565,0.928654970760234,0.904727095516569
"DMO-GOWN-bact-2023-N22-20230321",40644,16487,16426,16307,15110,14536,0.916479650633833,0.881664341602475
"DMO-GOWN-bact-2023-N23-20230321",46054,19774,19706,19717,18699,18212,0.94563568322039,0.921007383432791
"DMO-GOWN-bact-2023-N24-20230321",48886,18222,18126,18028,16460,15844,0.903303698825595,0.869498408517177
"DMO-GOWN-bact-2023-N25-20230321",7173,3079,3076,3071,2851,2771,0.925949983760961,0.899967521922702
"DMO-GOWN-bact-2023-N26-20230321",8094,3301,3283,3285,2978,2876,0.902150863374735,0.871251136019388
"DMO-GOWN-bact-2023-N27-20230321",30602,12319,12294,12289,11597,11234,0.941391346700219,0.911924669210163
"DMO-GOWN-bact-2023-N28-20230321",19965,8588,8569,8544,8242,7890,0.959711224965068,0.918723800652073
"DMO-GOWN-bact-2023-N29-20230321",31639,14586,14528,14547,13818,12961,0.947346770876183,0.888591800356506
"DMO-GOWN-bact-2023-N3-20230321",49709,19017,18953,18976,17618,17180,0.926434243045696,0.90340221906715
"DMO-GOWN-bact-2023-N30-20230321",29500,12299,12226,12274,11447,11012,0.930726075290674,0.895357346125701
"DMO-GOWN-bact-2023-N31-20230321",19939,8637,8619,8600,7971,7720,0.922889892323724,0.893828875767049
"DMO-GOWN-bact-2023-N32-20230321",16144,6658,6620,6637,6218,5896,0.933914088314809,0.885551216581556
"DMO-GOWN-bact-2023-N33-20230321",12156,5972,5964,5959,5625,5323,0.941895512391159,0.891326188881447
"DMO-GOWN-bact-2023-N34-20230321",19168,8505,8483,8481,8066,7860,0.94838330393886,0.924162257495591
"DMO-GOWN-bact-2023-N35-20230321",43582,18004,17812,17886,16053,15681,0.891635192179516,0.870973117085092
"DMO-GOWN-bact-2023-N36-20230321",41818,18540,18504,18500,17743,17124,0.957011866235167,0.923624595469256
"DMO-GOWN-bact-2023-N37-20230321",4011,1737,1735,1737,1696,1652,0.976396085204375,0.951065054691998
"DMO-GOWN-bact-2023-N4-20230321",41306,19795,19786,19686,18674,17968,0.943369537762061,0.907703965647891
"DMO-GOWN-bact-2023-N5-20230321",46757,23770,23734,23735,22507,21389,0.946865797223391,0.899831720656289
"DMO-GOWN-bact-2023-N6-20230321",46482,15565,15530,15486,14723,14161,0.945904272406039,0.909797622871828
"DMO-GOWN-bact-2023-N7-20230321",50853,23050,22976,22963,21880,21249,0.949240780911063,0.921865509761388
"DMO-GOWN-bact-2023-N8-20230321",27676,11790,11767,11771,11358,10992,0.963358778625954,0.932315521628499
"DMO-GOWN-bact-2023-N9-20230321",53661,21852,21802,21811,21092,20406,0.965220574775764,0.93382756727073
"DMO-GOWN-bact-2023-S1-20230321",10127,4097,4053,4055,3465,3387,0.845740785940932,0.826702465218452
"DMO-GOWN-bact-2023-S10-20230321",36976,16166,16114,16035,15286,14826,0.945564765557343,0.917109983916863
"DMO-GOWN-bact-2023-S11-20230321",37488,16210,16090,16057,14427,13984,0.890006169031462,0.862677359654534
"DMO-GOWN-bact-2023-S12-20230321",6739,2696,2689,2692,2574,2526,0.954747774480712,0.936943620178042
"DMO-GOWN-bact-2023-S13-20230321",10744,4728,4726,4712,4501,4344,0.951988155668359,0.918781725888325
"DMO-GOWN-bact-2023-S14-20230321",34464,13538,13465,13422,12059,11688,0.890751957453095,0.863347614123209
"DMO-GOWN-bact-2023-S15-20230321",32716,15666,15644,15633,14717,14211,0.939422954168262,0.907123707391804
"DMO-GOWN-bact-2023-S2-20230321",33569,13513,13439,13429,12249,11741,0.906460445496929,0.868867016946644
"DMO-GOWN-bact-2023-S3-20230321",23152,9641,9628,9624,8994,8806,0.932890778964838,0.913390727102998
"DMO-GOWN-bact-2023-S4-20230321",44305,20491,20404,20381,18403,17252,0.898101605582939,0.841930603679664
"DMO-GOWN-bact-2023-S5-20230321",29927,12646,12616,12583,11781,11216,0.931598924561126,0.886920765459434
"DMO-GOWN-bact-2023-S6-20230321",30191,12683,12594,12570,10983,10585,0.865962311755894,0.834581723566979
"DMO-GOWN-bact-2023-S7-20230321",14579,6316,6287,6260,5964,5877,0.944268524382521,0.930493983533882
"DMO-GOWN-bact-2023-S8-20230321",38785,17942,17879,17915,17088,15825,0.952402184817746,0.882008694682867
"DMO-GOWN-bact-2023-S9-20230321",57018,25691,25598,25524,24321,23701,0.946673932505547,0.922540967654042
"MDI-bact-GOWN-C1-20200316",57111,43500,43333,43213,39724,31579,0.913195402298851,0.725954022988506
"MDI-bact-GOWN-C10-20200316",28354,21819,21745,21685,20926,17853,0.959072368119529,0.818231816306888
"MDI-bact-GOWN-C11-20200316",39774,30589,30283,30456,27779,24112,0.908136911961816,0.788257216646507
"MDI-bact-GOWN-C12-20200316",49529,37083,36812,36737,32050,26007,0.864277431707251,0.701318663538549
"MDI-bact-GOWN-C13-20200316",40532,30702,30609,30480,28343,23744,0.923164614683083,0.773369813041496
"MDI-bact-GOWN-C14-20200316",22661,17419,17261,17236,14714,11773,0.844709799644067,0.675871175153568
"MDI-bact-GOWN-C15-20200316",38414,29268,29137,28954,25439,21039,0.869174525078584,0.718839688396884
"MDI-bact-GOWN-C16-20200316",29490,23173,22853,23056,21771,20238,0.939498554352048,0.873343977905321
"MDI-bact-GOWN-C17-20200316",22920,17605,17565,17508,16700,13969,0.948594149389378,0.793467764839534
"MDI-bact-GOWN-C18-20200316",38913,29700,29582,29554,26449,22597,0.890538720538721,0.760841750841751
"MDI-bact-GOWN-C19-20200316",24834,19630,19543,19582,18811,15388,0.958278145695364,0.783902190524707
"MDI-bact-GOWN-C2-20200316",30525,23333,23249,23137,20870,17951,0.894441349162131,0.769339561993743
"MDI-bact-GOWN-C20-20200316",31349,23914,23621,23646,21130,17835,0.883582838504642,0.74579744082964
"MDI-bact-GOWN-C21-20200316",30663,22888,22766,22683,20604,15225,0.900209716882209,0.665195735756728
"MDI-bact-GOWN-C22-20200316",38478,29433,29277,29167,26384,22140,0.896408792851561,0.752216899398634
"MDI-bact-GOWN-C23-20200316",26644,20211,20136,19994,18139,15332,0.897481569442383,0.758596803720746
"MDI-bact-GOWN-C24-20200316",52186,38347,37935,37633,32952,25208,0.859311028242105,0.657365634860615
"MDI-bact-GOWN-C3-20200316",44345,33935,33864,33850,32433,26427,0.955738912627081,0.778753499336968
"MDI-bact-GOWN-C4-20200316",37689,29242,28985,29059,25990,19446,0.888790096436632,0.665002393817112
"MDI-bact-GOWN-C5-20200316",33266,25255,25177,25095,22323,18504,0.883904177390616,0.732686596713522
"MDI-bact-GOWN-C6-20200316",43811,33571,33420,33377,30847,25856,0.918858538619642,0.770188555598582
"MDI-bact-GOWN-C7-20200316",28759,22140,22075,22065,20667,17890,0.933468834688347,0.808039747064137
"MDI-bact-GOWN-C8-20200316",27644,20869,20805,20730,19274,15967,0.923570846710432,0.765106138291245
"MDI-bact-GOWN-C9-20200316",33730,25740,25697,25622,24499,21114,0.951787101787102,0.82027972027972
"MDI-bact-GOWN-E1-20200316",35879,26743,26678,26496,24864,19340,0.929738623191115,0.723179897543282
"MDI-bact-GOWN-E10-20200316",32902,25290,25185,25155,22498,17173,0.889600632661131,0.679043100039541
"MDI-bact-GOWN-E11-20200316",28278,21251,21121,21045,18373,14307,0.864571079008047,0.673238906404405
"MDI-bact-GOWN-E12-20200316",42912,31056,30884,30732,25753,18978,0.829243946419371,0.611089644513138
"MDI-bact-GOWN-E13-20200316",37416,24578,24235,24086,18682,14828,0.760110668077142,0.603303767597038
"MDI-bact-GOWN-E14-20200316",23330,14760,14579,14516,11711,9783,0.793428184281843,0.662804878048781
"MDI-bact-GOWN-E15-20200316",29026,18482,18285,18199,15314,13828,0.828589979439455,0.74818742560329
"MDI-bact-GOWN-E16-20200316",24445,16286,16199,16110,14219,12325,0.873081174014491,0.75678496868476
"MDI-bact-GOWN-E17-20200316",19718,11698,11626,11648,10469,8105,0.89493930586425,0.692853479227218
"MDI-bact-GOWN-E18-20200316",28747,18526,18412,18427,16094,12142,0.868725035085825,0.655403217100291
"MDI-bact-GOWN-E19-20200316",23464,15706,15535,15501,13070,9803,0.832166051190628,0.624156373360499
"MDI-bact-GOWN-E2-20200316",19175,14848,14806,14775,14101,9685,0.949690193965517,0.652276400862069
"MDI-bact-GOWN-E20-20200316",20644,12863,12817,12784,11856,9127,0.921713441654357,0.709554536266812
"MDI-bact-GOWN-E21-20200316",27072,17082,16960,16948,15360,13655,0.899192132068844,0.799379463763025
"MDI-bact-GOWN-E22-20200316",29034,18323,18165,18081,14831,13580,0.809419854827266,0.741145009005076
"MDI-bact-GOWN-E23-20200316",19573,12373,12305,12321,10707,7780,0.865351976076942,0.628788491069264
"MDI-bact-GOWN-E24-20200316",40361,25656,25451,25408,21833,17748,0.850990021827253,0.69176800748363
"MDI-bact-GOWN-E3-20200316",41289,30173,26874,29962,23910,19128,0.792430318496669,0.633944254797335
"MDI-bact-GOWN-E4-20200316",33785,25818,25615,25489,21326,15041,0.826012859245488,0.58257804632427
"MDI-bact-GOWN-E5-20200316",26772,19784,19668,19630,17189,14348,0.868833400727861,0.725232511120097
"MDI-bact-GOWN-E6-20200316",40868,30518,30333,30308,26809,22361,0.878465168097516,0.732715118946196
"MDI-bact-GOWN-E7-20200316",29646,21754,21722,21594,20804,18933,0.956329870368668,0.870322699273697
"MDI-bact-GOWN-E8-20200316",25605,19606,19539,19496,17317,13597,0.883250025502397,0.693512190145874
"MDI-bact-GOWN-E9-20200316",23589,18078,17981,18013,16700,13219,0.923774753844452,0.731220267728731
