"","20GWC20082-GOWN113","22GWC22040-GOWN3026","22GWC22042-GOWN983","22GWC22050-GOWN117","21GWC21030-GOWN265","21GWC21030-GOWN265-ST","AOB-NOB-GOWN983","21GWO10014-01-GOWN246"
"OTU_1",0,0,0,0,0,0,0,0
"OTU_2",5.21,10.06,3.76,10.69,15.96,1.28,2.05,1.03
"OTU_3",92.25,22.58,41.11,77.58,69.84,38.8,42.94,19.66
"OTU_4",0.24,1.57,0.98,1.36,0.19,0,0.18,0
"OTU_5",1.4,2.57,1.7,2.32,1.5,0,0,0
"OTU_6",0,0,0,0,0,0,0,0
"OTU_7",0,0,0,0,0,0,0,0
"OTU_8",0,0,0,0,0,0,0,0
"OTU_9",10.48,9.5,3.73,43.28,3.8,0.2,1.82,3.1
"OTU_10",0.79,1,0.77,1.24,1,0,0,1.06
"OTU_11",1.96,19.23,4.68,0.81,0.66,1.65,2.04,0.74
"OTU_12",1.85,3.58,2.27,3.93,1.48,0,0.26,0
"OTU_13",1.76,1.16,1.17,2.26,3.22,0.65,0,1.26
"OTU_14",5.45,2.37,0.66,2.69,1.62,0,0,0.46
"OTU_15",6.9,3.02,4.94,5.88,7.08,0,0.91,3.57
"OTU_16",0.74,0.57,0.59,0.53,0,0,0.07,0
"OTU_17",4.11,4.5,1.71,2.06,9.88,0,1.24,1.31
"OTU_18",0.85,0.52,0.44,0,0.85,0.4,0,0.21
"OTU_19",0.07,0.06,0.06,0.13,0.07,0,0,0
"OTU_20",1.29,0.61,0.2,0,0.52,0,0,0
"OTU_21",1.35,0.49,0.78,2.26,0.58,0,0,0
"OTU_22",0.78,0.66,1.06,0.67,0,0,0.39,0
"OTU_23",1.23,0.67,0.72,2,2.04,0.52,0,0.45
"OTU_24",0.65,0.13,0,1.07,0,0,0,0
"OTU_25",3.05,3.25,1.91,2.28,1.03,0,0,0.3
"OTU_26",0.01,0,0,0,0.13,0,0,0
"OTU_27",0.06,0.2,0,0.19,0,0,0,0
"OTU_28",1.12,1.9,0.88,1.91,1.49,0,0,0.07
"OTU_29",0.32,0,0,0.39,0,0,0,0
"OTU_30",0.55,1.95,0.45,1.76,0,0,0,0
"OTU_31",0.19,0,0,0.32,0,0,0,0
"OTU_32",0,0,0,0,0,0,0,0
"OTU_33",0,0,0,0,0,0,0,0
"OTU_34",0,0,0,0,0,0,0,0
"OTU_35",0,0,0,0,0,0,0,0
"OTU_36",0,0,0,0,0,0,0,0
"OTU_37",0,0,0,0,0,0,0,0
"OTU_38",0,0,0,0,0,0,0,0
"OTU_39",0,0,0,0,0,0,0,0
"OTU_40",0,0,0,0,0,0,0,0
"OTU_41",0,0,0,0,0,0,0,0
"OTU_42",0,0,0,0,0,0,0,0
"OTU_43",0,0,0,0,0,0,0,0
"OTU_44",0,0,0,0,0,0,0,0
"OTU_45",0.42,0.41,0,0,0.3,0,0,0
"OTU_46",0.55,0,0.43,0,0,0,0,0
"OTU_47",0,0,0,0,0,0,0,0
"OTU_48",3.54,3.01,1.27,6.9,0.9,0,0.67,0
"OTU_49",1.09,1.08,0.56,1.01,0,0,0,0
"OTU_50",0,0.3,0.37,0.73,0,0,0,0
"OTU_51",15.33,8.74,2.92,38.72,0.52,0,0.9,2.23
"OTU_52",10.55,41.43,4.65,29.59,0.59,0,2.57,2.17
"OTU_53",2.06,1.51,0.84,3.62,0,0,0,0.13
"OTU_54",9.82,17.1,3.51,19.86,0,0,2.22,0.32
"OTU_55",2.89,0.67,0,8.02,0,0,0,0
"OTU_56",2.59,0,0,1.86,0,0,0,0
"OTU_57",0.22,0.46,0,0.46,0.57,0.07,0,0
"OTU_58",0.13,0.13,0,0.95,0,0,0,0
"OTU_59",0,0,0,0,0,0,0,0
"OTU_60",2.13,0.26,0,0.35,0,0,0,5.07
"OTU_61",6.75,43.02,17.66,8.23,5.08,47.34,26.49,0.69
"OTU_62",2.94,48.42,17.96,6.14,4.62,6.68,19.25,0
"OTU_63",1,1.73,1.29,0.45,1.29,0,0,0
"OTU_64",0.71,1.16,0.71,1.32,0.14,0,0.14,0
"OTU_65",0.78,0,0,0.13,0,0,0,0
"OTU_66",2.65,3.89,1.42,2.6,1.72,0.51,1.67,0.14
"OTU_67",0,0,0,0.13,0.58,0,0,0.06
"OTU_68",0,0,0,0,0,0,0,0
"OTU_69",0,0,0,0,0,0,0,0
"OTU_70",10.98,5.92,1.7,18.41,0.4,0,0,0.41
"OTU_71",4.97,1.55,3.21,3.44,1.96,0,0,0.98
"OTU_72",0.25,0,0,0.77,0,0,0,0
"OTU_73",0,0,0,0,0,0,0,0
"OTU_74",0,0,0,0,0,0,0,0
"OTU_75",0,0,0.06,0.13,0,0,0,0
"OTU_76",0,0,0,0.07,0,0,0,0
"OTU_77",0,0,0,0,0,0,0,0
"OTU_78",0,0,0,0,0,0,0,0
"OTU_79",5.98,5.5,2.42,4.17,0,0,0.26,0
"OTU_80",0,0.56,0,0,0,0,0,0
"OTU_81",2.06,4.22,3.3,2.9,0.71,0,2.45,0
"OTU_82",1.5,1.64,2.31,1.07,1.19,0,0,0
"OTU_83",0.83,0.6,0.19,1.57,0.39,0,0,0
"OTU_84",0,0.33,0,0.13,0,0,0,0
"OTU_85",0,0,0,0,0,0,0,0
"OTU_86",0.33,0,0.19,0,0.45,0,0,0.58
"OTU_87",2.7,2.69,2.92,3.19,1.81,0,0.58,2.61
"OTU_88",0.06,0,0,0,0,0,0,0
"OTU_89",0,2.91,0.2,0.67,0,0,0,0
"OTU_90",0.07,0,0,0,0,0,0,0
"OTU_91",0.66,0,0,0.59,0,0,0,0
"OTU_92",0.4,0,0,0.32,0,0,0,0
"OTU_93",0.52,0.51,0.53,0.49,0,0,0,0
"OTU_94",1.75,4.33,1.38,1.57,1.42,0.42,0,0
"OTU_95",1.23,0,0,0.99,6.71,0,0,0
"OTU_96",0.39,0,0,0.46,0.44,0,0,0
"OTU_97",0,0,0,0,0,0,0,0
"OTU_98",0.92,0.87,0,0,0,0,0,0
"OTU_99",1.11,2.32,0.26,3.55,0.25,0,0,0
"OTU_100",0.13,0.21,0,0.45,0,0,0,0
"OTU_101",0.2,0,0,0,0,0,0,0
"OTU_102",0,0,0,0.26,0,0,0,0
"OTU_103",0,0,0,0,0.83,0,0,0.44
"OTU_104",0.4,0.39,0,0.26,0,0,0,0
"OTU_105",0.6,1.42,0.6,1.12,0.4,0,0,0.66
"OTU_106",0.06,0,0,0,0,0,0,0
"OTU_107",0.41,1.05,0,1.12,0,0,0,0
"OTU_108",2.08,0.73,0.32,1.62,0.16,0,0,0.38
"OTU_109",1.98,3.23,0,1.96,0,0,0,0
"OTU_110",0.26,0.15,0,1.11,0,0,0,0
"OTU_111",0.57,0,0,0.67,0,0,0,0
"OTU_112",0.2,0,0,0,0,0,0,0
"OTU_113",0.13,0,0,0,0.27,0,0,0.13
"OTU_114",0,0,0,0,0,0,0,0
"OTU_115",0,0.06,0,0,0,0,0,0
"OTU_116",0,0,0,0,0,0,0,0
"OTU_117",0,1.52,0,2.12,0,0,0,0
"OTU_118",0,0,0,0,0,0,0,0
"OTU_119",0.47,0,0.06,0,0,0,0,0
"OTU_120",0.37,0,0,0,0,0,0,0
"OTU_121",0.41,0.95,0.12,0.53,0,0,0,0
"OTU_122",4.24,8.23,1.7,6.58,0,0,0.3,0
"OTU_123",3.33,5.98,0,5.61,0,0,0,0
"OTU_124",1.26,0.56,0.48,0.69,0,0,0,0
"OTU_125",0.42,0.8,0.48,0.24,0,0,0,0
"OTU_126",1.49,2.25,0,3.55,0,0,0,0
"OTU_127",3.03,0.9,0.26,2.76,0,0,0,0
"OTU_128",0.84,0.32,0,1.41,0,0,0,0
"OTU_129",0.67,0.59,0,2.83,0,0,0,0
"OTU_130",7.5,0.67,0.45,5.22,0,0,0,0.06
"OTU_131",0.4,0.54,0,0,0,0,0,0
"OTU_132",0.2,0,0,0.16,0,0,0,0
"OTU_133",0.76,0,0,0.39,0,0,0,0
"OTU_134",0,0,0,0,0,0,0,0
"OTU_135",0,0,0,0,0,0,0,0
"OTU_136",0,0,0,0,0,0,0,0
"OTU_137",0,0,0,0,0,0,0,0
"OTU_138",0,0.06,0,0,0,0,0,0
"OTU_139",0,0,0,0,0,0,0,0
"OTU_140",0.91,5.85,0.38,2.1,0,0,0,0
"OTU_141",12.81,35.35,3.91,61.17,0.58,0,0.72,0
"OTU_142",11.39,11.71,3.21,20.1,0,0,0.58,2.17
"OTU_143",0.59,0.53,0,0.63,0,0,0,0
"OTU_144",4.65,10.1,1.22,14.92,0.46,0,0.71,0
"OTU_145",1.38,0.54,0.59,1.73,0,0,0,0
"OTU_146",0.27,5.32,0,1.02,0,0,0,0
"OTU_147",0.34,1.7,0,0.07,0,0,0,0
"OTU_148",0,0,0,0,0,0,0,0
"OTU_149",0,0,0,0,0,0,0,0
"OTU_150",3.69,4.09,0,6.68,0,0,0,0.44
"OTU_151",0,1.05,0,0,0,0,0,0
"OTU_152",0.37,3.06,0.71,0.63,0,0,0,0
"OTU_153",0.16,0.57,0,0.11,0,0,0,0
"OTU_154",1.15,0.89,0.71,0.74,0,0,0,0
"OTU_155",1.99,1.15,1.38,3.26,0,0,0,0.4
"OTU_156",1.14,2.37,0.34,4.23,0,0,0.2,0
"OTU_157",0.32,0,0,0.26,0,0,0,0
"OTU_158",0,0,0,0,0,0,0,0
"OTU_159",0,0,0,0,0,0,0,0
"OTU_160",0,0,0,0,0,0,0,0
"OTU_161",0,0,0,0,0,0,0,0
"OTU_162",1.26,0,0,0.57,0,0,0,0
"OTU_163",0.71,0.46,0,1.44,0,0,0,0
"OTU_164",0.19,0,0,0.62,0,0,0,0
"OTU_165",0,0,0,0.03,0,0,0,0
"OTU_166",0,0,0,0,0,0,0,0
"OTU_167",0,0.32,0,0,0,0,0,0
"OTU_168",0,0,0,0,0,0,0,0
"OTU_169",0.45,2.01,2.19,13.21,0,0,0.58,0
"OTU_170",0.26,2.88,0,1.79,0,0,0,0
"OTU_171",0,0,0,0,0,0,0,0.23
"OTU_172",29.62,8.11,21.56,7.59,19.45,6.35,31.32,0.13
"OTU_173",1.96,0.51,0,0.07,0,0,0,0
"OTU_174",0.84,5.19,2.09,1.54,1.23,0.41,0.36,0.39
"OTU_175",0.13,0,0,0,0.06,0,0,0
"OTU_176",0.39,6.52,2.73,0.78,0.33,0.62,0.67,0
"OTU_177",4.48,7.03,4.45,4.51,3.22,1.17,4.6,0
"OTU_178",0.59,2.94,0.53,0.33,0.72,0,1.14,0
"OTU_179",0.19,0,0.45,0.46,0,0,0,0
"OTU_180",0,0,0,0,0,0,0,0
"OTU_181",0,0,0,0,0,0,0,0
"OTU_182",0,0,0,0,0,0,0,0
"OTU_183",1.04,1.67,1.03,1.89,0.76,0,0,0
"OTU_184",0.26,0,0,0.53,0,0,0,0
"OTU_185",0.13,0,0,0,0,0,0,0
"OTU_186",0.06,0,0,0.07,0,0,0,0
"OTU_187",6,1.42,2.75,3.09,7.88,1.24,0.77,3.93
"OTU_188",0,0,0.39,0,0.13,0,0,0
"OTU_189",0,0,0,0,0,0,0,0
"OTU_190",0.19,0,0.26,0.26,0.8,0,0,0.52
"OTU_191",0.32,0.08,0,0,0,0,0,0
"OTU_192",0.54,0,0,0.58,0,0,0,0
"OTU_193",11.14,0,1.95,10.19,0,0,0,0
"OTU_194",0.58,0,0,0,0,0,0,0
"OTU_195",0.33,0,0,0,0,0,0,0
"OTU_196",0.72,0,0.52,0.89,0,0,0,0
"OTU_197",0.38,0.13,0,1.52,0,0,0,0
"OTU_198",0.32,0,0,0.85,0,0,0,0
"OTU_199",0,0,0,0,0,0,0,0
"OTU_200",0,0,0,0,0,0,0,0
"OTU_201",0,0,0,0,0,0,0,0
"OTU_202",0,0,0,0,0,0,0,0
"OTU_203",0,0,0,0,0,0,0,0
"OTU_204",3.83,1.84,0.52,2.89,3.05,0,0,0.53
"OTU_205",0,0,0,0,0,0,0,0
"OTU_206",0,0,0,0,0,0,0,0
"OTU_207",0,0,0,0,0,0,0,0
"OTU_208",0.33,0,0,0.38,0,0,0,0
"OTU_209",0.27,0,0,0,0,0,0,0
"OTU_210",2.15,0,0,0,0.07,0,0,1.07
"OTU_211",1.31,0,1.1,0,0.42,0,0,0.26
"OTU_212",2.59,0,1.17,0.79,1.3,0,0,1.86
"OTU_213",2.56,0,2.1,8.65,13.48,0,0,2.72
"OTU_214",0,0,0,0,0,0,0,0
"OTU_215",0,0,0,0,0,0,0,0
"OTU_216",0.37,0,0,0,0,0,0,0
"OTU_217",0.42,0.13,0,0,0,0,0,0
"OTU_218",0.98,0.96,0,1.43,0,0,0,0
"OTU_219",0,0,0,0,0,0,0,0
"OTU_220",0,0,0,0,0,0,0,0
"OTU_221",0,0,0,0,0,0,0,0
"OTU_222",0,0,0,0.06,0,0,0,0
"OTU_223",0,0.13,0,0,0,0,0,0
"OTU_224",0,0,0,0,0,0,0,0
"OTU_225",0,0,0,0,0,0,0,0
"OTU_226",1.03,0.81,0,0.74,0,0,0,0
"OTU_227",0.89,0,0,2.54,0,0,0,0
"OTU_228",0.9,0.53,2.47,1.51,0.79,0,0.61,0
"OTU_229",0.13,1.21,3.11,1.12,0,0,1.06,0
"OTU_230",0.07,0.34,0.82,0.39,0,0,0.07,0
"OTU_231",1.16,1.28,0.32,0.88,0,0,0,0
"OTU_232",0,0,0,0,0,0,0,0
"OTU_233",0,0,0,0,0,0,0,0
"OTU_234",0,0,0,0,0,0,0,0
"OTU_235",0.84,0,0,2.82,0,0,0,0
"OTU_236",1,1.47,3.62,1.57,0,0,0.71,0
"OTU_237",0.64,0.39,0,0.54,0,0,0,0
"OTU_238",0,0,0,0,0,0,0,0
"OTU_239",1.1,0,0,0,0.57,0,0,0
"OTU_240",0,0,0,0,0,0,0,0
"OTU_241",1.8,0.4,0,1.15,0.79,0,0,0.07
"OTU_242",0.67,0.99,0,0.78,0.52,0,0,0
"OTU_243",0.65,0,0.46,0,0,0,0,0.79
"OTU_244",0,0,0,0,0,0,0,0
"OTU_245",0,0,0,0,0,0,0,0
"OTU_246",0.51,0,0,0,0.25,0,0,0
"OTU_247",0,0,0,0,0,0,0,0
"OTU_248",0,0,0,0,0,0,0,0
"OTU_249",0,0,0,0,0,0,0,0
"OTU_250",0.34,0,0,0,0,0,0,0
"OTU_251",1.78,0,2.28,0,0,0,0,0
"OTU_252",1.04,2.44,0,3.32,0.59,0,0,0
"OTU_253",0,0,0,0,0,0,0,0
"OTU_254",0.38,0,0,0,0,0,0,0
"OTU_255",0.45,0,0,0,0.91,0,0,0
"OTU_256",0,0,0,0,0,0,0,0
"OTU_257",0,0,0,0,0,0,0,0
"OTU_258",0,0,0,0,0,0,0,0
"OTU_259",0,0.13,0,0.13,0,0,0,0
"OTU_260",0.72,1.04,0,2.54,0,0,0,0
"OTU_261",0,0,0,0,0,0,0,0
"OTU_262",0,0,0,0,0,0,0,0
"OTU_263",0.06,0,0,0,0.13,0,0,0.78
"OTU_264",0.48,0,0,0,0,0,0,0
"OTU_265",0.8,0,0,0,0,0,0,0
"OTU_266",0.39,0,0,0.99,0.39,0,0,0
"OTU_267",0,0,0,0,0,0,0,0
"OTU_268",1.16,1.67,0.19,0.82,0,0,0,0
"OTU_269",0,0,0,0.39,0,0,0,0
"OTU_270",0,0,0,0,0,0,0,0
"OTU_271",0,0,0,0,0,0,0,0
"OTU_272",0.46,0,0,0,0,0,0,0
"OTU_273",0.75,0.94,0,0.32,0,0,0,0
"OTU_274",0.32,0.33,0,0,0,0,0,0
"OTU_275",0,0.13,0,0,0,0,0,0
"OTU_276",0.4,0,0,0,0,0,0,0
"OTU_277",0,0,0,0,0,0,0,0
"OTU_278",0,0,0,0,0,0,0,0
"OTU_279",2.62,1.5,0.5,3.67,0.33,0,0,0
"OTU_280",0.48,2.89,0.77,1.89,0.91,0,0,0
"OTU_281",0.26,0,0,0,0,0,0,0
"OTU_282",0,0.39,0,0,0,0,0,0
"OTU_283",0,0,0,0,0,0,0,0
"OTU_284",12.26,14.6,0.48,34.7,1.62,0,0,0
"OTU_285",2.23,5.08,0,2.75,0,0,0,0
"OTU_286",0.6,0.97,0,0,0,0,0,0
"OTU_287",0.66,1.72,0,3.92,0,0,0,0
"OTU_288",0.47,0.45,0,1.3,0,0,0,0
"OTU_289",0,0,0,0,0,0,0,0
"OTU_290",0,0,0,0,0,0,0,0
"OTU_291",8.2,2.69,0.97,19.25,0,0,0,0
"OTU_292",3.12,0,0,1.68,0,0,0,0
"OTU_293",2.72,1.26,0,7.73,0,0,0,0
"OTU_294",11.1,8.73,1,41.6,0,0,0,0
"OTU_295",2.88,0,0,1.66,0,0,0,0
"OTU_296",1.87,0,0,0.37,0,0,0,0
"OTU_297",0.13,0,0,0.77,0,0,0,0
"OTU_298",1.9,0,0,2.43,0,0,0,0
"OTU_299",0.38,0,0,0,0,0,0,0
"OTU_300",1.18,0,0,0.7,0,0,0,0.52
"OTU_301",0,0,0,0,0,0,0,0
"OTU_302",3.61,0.57,0,3.83,0,0,0,0
"OTU_303",1.48,0,0,2.27,0.45,0,0,0
"OTU_304",0,0,0,0,0,0,0,0
"OTU_305",5.65,10.28,0,27.31,0,0,0,0
"OTU_306",4.85,5.61,0,3.49,0,0,0,0
"OTU_307",0.64,0,0,0,0,0,0,0.39
"OTU_308",0.6,0,0,0,0,0,0,0
"OTU_309",0.7,0.82,0,1.08,0,0,0,0
"OTU_310",0,0,0,0,0,0,0,0
"OTU_311",0.39,1.06,0,2.29,0,0,0,0
"OTU_312",1.6,12.24,0,7.75,0,0,0,0
"OTU_313",0.92,2.24,0,9.19,0,0,0,0
"OTU_314",0.13,3.25,0.25,2.96,0,0,0,0
"OTU_315",0.07,0.73,0,1.76,0,0,0,0
"OTU_316",0.71,0,0,3.05,0,0,0,0
"OTU_317",0.46,0.51,0,0.06,0,0,0,0
"OTU_318",0.13,2.69,0,0.68,0,0,0,0
"OTU_319",0,0.62,0,1.01,0,0,0,0
"OTU_320",0,0,0,0,0,0,0,0
"OTU_321",0,0.97,0.07,0.21,0,0,0,0
"OTU_322",2.26,2.43,0,9.76,0,0,0,0
"OTU_323",2.31,1.28,0,2.57,0,0,0,0
"OTU_324",2.1,5.09,0.34,2.34,0,0,0,0
"OTU_325",1.34,0.73,0,1.55,0,0,0,0
"OTU_326",0.77,0.36,0,0.4,0,0,0,0
"OTU_327",1.25,0,0,0.41,0,0,0,0
"OTU_328",1.09,1.14,0,0.65,0,0,0,0
"OTU_329",2.11,3.33,0,11.96,0,0,0,0
"OTU_330",2.12,5.89,0,19.09,0,0,0,0
"OTU_331",1.64,2.25,0,11.21,0,0,0,0
"OTU_332",0.77,6.3,0,2.09,0,0,0,0
"OTU_333",1.57,1.58,0,3.06,0,0,0,0
"OTU_334",0.79,4.18,0,0.96,0,0,0,0
"OTU_335",0.45,0,0,0,0,0,0,0
"OTU_336",1.25,25.77,0,1.15,0,0,0,0
"OTU_337",0.07,3.35,0,1.23,0,0,0,0
"OTU_338",0.38,2.41,0,0.45,0,0,0,0
"OTU_339",0.32,0.67,0,1.44,0,0,0,0
"OTU_340",8.23,1.7,0,5.67,0,0,0,0.48
"OTU_341",1.45,0,0,0.44,0,0,0,0
"OTU_342",0.39,0,0,0,0,0,0,0
"OTU_343",1.34,13.24,0,8.39,0,0,0,0
"OTU_344",3.48,7.94,0.65,5.84,0,0,0,0
"OTU_345",0.79,7.04,0,0.57,0,0,0,0
"OTU_346",0.9,0,0,1.65,0,0,0,0
"OTU_347",1.99,0,0,0.59,0,0,0,0
"OTU_348",0.93,0,0,0.37,0,0,0,0
"OTU_349",0.78,0.7,0,4.46,0,0,0,0
"OTU_350",0.09,0,0,0.51,0,0,0,0
"OTU_351",0.13,0,0,0.72,0,0,0,0
"OTU_352",1.25,3.32,0,2.65,0,0,0,0
"OTU_353",1.44,3.42,0,4.9,0,0,0,0
"OTU_354",0.39,0.39,0,2.56,0,0,0,0
"OTU_355",0.95,1.55,0,2.25,0,0,0,0
"OTU_356",0.37,0,0,0.77,0,0,0,0
"OTU_357",0.86,0.82,0,3.68,0,0,0,0
"OTU_358",0,0,0,0,0,0,0,0
"OTU_359",0.68,0.7,0,0.06,0,0,0,0
"OTU_360",0.65,0,0,0.47,0,0,0,0
"OTU_361",0.51,0,0,0,0,0,0,0
"OTU_362",1.7,0,0,1.87,0,0,0,0
"OTU_363",0,0,0,0,0,0,0,0
"OTU_364",0.73,0,0,0,0,0,0,0
"OTU_365",0.58,0,0,1.49,0,0.48,0,0
"OTU_366",0.46,1.44,0,1.25,0,0,0,0
"OTU_367",0,0.25,0,0,0,0,0,0.15
"OTU_368",0.58,0,0.13,0,0,0,0,0
"OTU_369",0.59,0.6,0.26,0,0.74,0,0,0
"OTU_370",1.03,0.48,0,1.44,0,0,0,0
"OTU_371",2.29,2.46,1.97,0.85,6.63,0.54,2.49,0
"OTU_372",8.74,45.23,64.39,5.42,21.83,12.41,40.61,0.8
"OTU_373",0.57,0,0.98,0.63,9.39,0,0.86,0
"OTU_374",0.35,2.43,0,5.09,0,0,0,0
"OTU_375",0,0,0,0,0,0,0,0
"OTU_376",3.07,1.24,0,0.99,0,0,0,0
"OTU_377",1.32,0,0,0,0,0,0,0
"OTU_378",0.33,1.53,1.1,0.33,0.52,0,0.96,0
"OTU_379",0,0,0,0,0,0,0,0
"OTU_380",0.13,0,0.81,0,1.21,1.19,0.06,0
"OTU_381",2.26,3.62,2.54,0.65,1.14,0.21,2.15,0
"OTU_382",0.9,0.87,1.38,0.55,0.39,0,0.45,0
"OTU_383",0.53,5.74,4.77,1.04,0.52,0,5.87,0
"OTU_384",0.9,1.21,1.56,0.71,0,0,1.29,0
"OTU_385",0.79,14.26,7.52,1.1,0.43,0,26.04,0
"OTU_386",2.75,8.28,8.41,9.62,1.77,16.38,12.64,0
"OTU_387",0.71,2.37,2.03,0,0,0,0,0
"OTU_388",0,0,0,0,0,0,0,0
"OTU_389",2.73,0,0,3.02,0,0,0,0
"OTU_390",0.78,0,0,0.64,0,0,0,0
"OTU_391",0.19,0.39,0,1.68,0,0,0,0
"OTU_392",0.79,0,0,0,0,0,0,0
"OTU_393",0.52,0,0,1.64,0,0,0,0
"OTU_394",0.61,0,0,0,0,0,0,0
"OTU_395",1.05,0,0,0,0.13,0,0,0.52
"OTU_396",0.07,0.06,0,0.32,0.07,0.39,0,0.07
"OTU_397",0.47,0,0.97,0.52,0.29,0,0,0.65
"OTU_398",0,0,0,0,0,0,0,0
"OTU_399",0.32,0,0,0,0.07,0,0,0
"OTU_400",0,0,0,0,0,0,0,0
"OTU_401",1.37,0,0,1.07,2.52,0,0,0
"OTU_402",0.45,0,0,0,0,0,0,0.21
"OTU_403",3.85,0,0,5.15,0,0,0,0
"OTU_404",1.18,0,0,0.77,0,0,0,0
"OTU_405",3.97,0,0.45,3.52,0,0,0,0
"OTU_406",0.63,0,0,0.67,0,0,0,0
"OTU_407",0,0,0,0,0,0,0,0
"OTU_408",0,0,0,0,0,0,0,0
"OTU_409",0.14,0,0,0,0,0,0,0
"OTU_410",0.45,0,0,0,0,0,0,0
"OTU_411",0.41,0,0,0,0,0,0,0
"OTU_412",1.77,0.9,0,6.72,0,0,0,0
"OTU_413",0.32,0,0,0,0,0,0,0
"OTU_414",0.26,0,0,0,0,0,0,0
"OTU_415",0.26,0,0,0.53,0,0,0,0
"OTU_416",0.48,0,0,0.13,0,0,0,0
"OTU_417",0,0,0,0,0,0,0,0
"OTU_418",0,0,0,0,0,0,0,0
"OTU_419",3.72,0,0.87,0,10.46,0,0,0.79
"OTU_420",2.42,0,0.67,1.11,0,0,0,0.29
"OTU_421",0.82,0,0,1.12,0,0,0,0
"OTU_422",1.43,0,0,0,0,0,0,0
"OTU_423",0.52,0,0,1.34,0,0,0,0
"OTU_424",1.23,0,0,0,0,0,0,0
"OTU_425",0.38,0,0,0,0,0,0,0
"OTU_426",2.42,0,0,5.11,0,0,0,0
"OTU_427",4.25,0,0.15,0,0,0,0,0
"OTU_428",0,0,0,0,0,0,0,0
"OTU_429",1.42,0,1.35,0,0.72,0,0,0.02
"OTU_430",0.39,0,0.82,0,0,0,0,0
"OTU_431",0.18,0,0,0,0,0,0,0
"OTU_432",0.72,0,0,0,0,0,0,0
"OTU_433",0.07,0,0,0,0,0,0,0
"OTU_434",0.26,0,0.2,1.23,0,0,0,0
"OTU_435",0.75,0,1.42,0.49,2.65,0,0,1.89
"OTU_436",0.43,0,0.13,0,0,0,0,0
"OTU_437",0,0,0.26,0,0,0,0,0
"OTU_438",2.3,1.89,1.74,0,0,0,0.51,0
"OTU_439",0.72,0,0,1.52,0,0,0,0
"OTU_440",0.46,0,0,0,0,0,0,0
"OTU_441",0.19,0,0,0,0,0,0,0
"OTU_442",1.81,1.75,0,0.45,0,0,0,0
"OTU_443",0.7,1.29,0,2.41,0,0,0,0
"OTU_444",0.77,8.17,0,0,0,0,0,0
"OTU_445",0.34,0.2,0,0,0,0,0,0
"OTU_446",0,0,0,0,0,0,0,0
"OTU_447",0.45,1.05,0,0.38,0,0,0,0
"OTU_448",0.06,0,0,0.22,0,0,0,0
"OTU_449",0.39,2.25,3.74,1.67,0,0,7.02,0
"OTU_450",0.38,2.18,4.02,0.85,0,0,0.58,0
"OTU_451",0,1.69,0.81,0.25,0,0,0.07,0
"OTU_452",0.36,1.09,0.16,1.44,0,0,0,0
"OTU_453",0.6,0,0,0.51,0,0,0,0
"OTU_454",0.53,0,0.91,0.58,0.32,0,0,0
"OTU_455",0.67,0,0,0,0,0,0,0
"OTU_456",0.77,0.91,0,1.13,0,0,0,0
"OTU_457",0.35,0,0,0,0,0,0,0
"OTU_458",0.13,0,0,0,0,0,0,0
"OTU_459",0.39,0,0,0,0.38,0,0,0
"OTU_460",0.61,0,0,0,0.13,0,0,0
"OTU_461",0.07,0,0,0,0,0,0,0
"OTU_462",0,0,0,0,0,0,0,0
"OTU_463",0.36,0,0.71,0,0,0,0,0
"OTU_464",0.64,0,0,1.7,0,0,0,0
"OTU_465",1.29,0,0,0,0,0,0,0
"OTU_466",0.2,0,0,0,0,0,0,0
"OTU_467",0.19,0,0,0,0,0,0,0
"OTU_468",0.57,0,0,0,0,0,0,0
"OTU_469",0.4,0,0,0.13,0,0,0,0
"OTU_470",0.95,0,0,0,0,0,0,0
"OTU_471",0.39,0,0,0,0,0,0,0
"OTU_472",0.13,0,0,0,0,0,0,0
"OTU_473",0.07,0.38,0,2.02,0.85,0,0,0.45
"OTU_474",0.58,0,0,0,0,0,0,0
"OTU_475",0.07,0,0,1.55,0,0,0,0
"OTU_476",4.85,0,0,0,5.71,0,0,5.05
"OTU_477",1.12,0,0,0.07,0,0,0,0
"OTU_478",0.39,1.53,0,0.59,0,0,0,0
"OTU_479",0.97,0,0,0,0,0,0,0
"OTU_480",0.96,0,0,0,0.07,0,0,0
"OTU_481",0.07,0,0,0,0,0,0,0
"OTU_482",0.45,6.15,0,1.31,0,0,0,0
"OTU_483",0,0,0,0,0,0,0,0
"OTU_484",0.3,0,0,0,1.61,0,0,1.45
"OTU_485",0.8,0,0,0,0,0,0,0
"OTU_486",0.13,0,0,0,0,0,0,0
"OTU_487",0.98,0,0,0,0,0,0,0
"OTU_488",1.14,1.02,0,0.66,0,0,0,0
"OTU_489",0.77,2.57,0,1.23,0,0,0,0
"OTU_490",0.71,0,0,0,7.33,0,0,0
"OTU_491",0.34,0,0,0.17,0,0,0,0
"OTU_492",3.22,1.17,0,23.32,0,0,0,0
"OTU_493",0.89,0,0,2.6,0,0,0,0
"OTU_494",0.59,0,0,1.61,0,0,0,0
"OTU_495",0.36,0,0,0,0,0,0,0
"OTU_496",0,0,0,0.08,0,0,0,0
"OTU_497",0.79,0,0,1.91,0,0,0,0
"OTU_498",1.92,0,0,2.21,0,0,0,0
"OTU_499",1.18,0,0,0,0,0,0,0
"OTU_500",0.41,0,0,0,0,0,0,0
"OTU_501",7.78,0,0,5.23,0,0,0,0
"OTU_502",0.91,0,0,0,0,0,0,0
"OTU_503",0.72,0,0,1.76,0,0,0,0
"OTU_504",1.75,0,0,6.08,0,0,0,0
"OTU_505",0.42,0,0,2.04,0,0,0,0
"OTU_506",6.12,1.29,0,70.85,0,0,0,0
"OTU_507",0.58,0,0,1.84,0,0,0,0
"OTU_508",0.87,0,0,6.6,0,0,0,0
"OTU_509",11.58,0,0,3.52,0,0,0,0
"OTU_510",5.05,0,0,0,0,0,0,0
"OTU_511",0.98,0,0,0,0,0,0,0
"OTU_512",2.62,0,0,4.63,0,0,0,0
"OTU_513",1.22,0,0,0,0,0,0,0
"OTU_514",0.39,0,0,0,0,0,0,0
"OTU_515",0.85,0,0,0,0,0,0,0
"OTU_516",8.16,0,0,2.22,0,0,0,0
"OTU_517",1.68,0,0,0,0,0,0,0
"OTU_518",0.39,0,0,0,0,0,0,0
"OTU_519",1.85,0,0,0,0,0,0,0
"OTU_520",0.51,0,0,0.6,0,0,0,0
"OTU_521",1.11,0,0,0,0,0,0,0
"OTU_522",7.3,6.83,0,74.47,0,0,0,0
"OTU_523",0.58,0,0,5,0,0,0,0
"OTU_524",1.04,0,0,0,0,0,0,0
"OTU_525",0.65,0,0,1.83,0,0,0,0
"OTU_526",1.36,3.81,0,10.25,0,0,0,0
"OTU_527",2.21,7.72,0,52.55,0,0,0,0
"OTU_528",6.05,8.23,2.1,22.73,0,0,0,0
"OTU_529",5.91,31.48,0,35.36,0,0,0,0
"OTU_530",0.45,2.34,0,2.35,0,0,0,0
"OTU_531",6.65,2.05,0,37.52,0,0,0,0
"OTU_532",1.42,0,0,0,0,0,0,0
"OTU_533",14.11,7.42,0.77,110.2,0,0,0.51,0
"OTU_534",0.9,0,0,2.21,0,0,0,0
"OTU_535",1.81,3.18,0,1.61,0,0,0,0
"OTU_536",1.83,0.51,0,0,0,0,0,0
"OTU_537",0.82,1.58,0,0.79,0,0,0,0
"OTU_538",3.56,0.79,0,1.78,0,0,0,0
"OTU_539",0.49,0,0,0,0,0,0,0
"OTU_540",0.96,0.62,0.89,5.3,0,0,0,0
"OTU_541",0.45,0,0,0,0,0,0,0
"OTU_542",1.53,1.36,0,1.77,0,0,0,0
"OTU_543",0.17,0,0,5.63,0,0,0,0
"OTU_544",1.28,0,0,11.4,0,0,0,0
"OTU_545",0.84,0.22,0,1.4,0,0,0,0
"OTU_546",0.53,0,0,0.36,0,0,0,0
"OTU_547",0,0,0,0,0,0,0,0
"OTU_548",1.09,3.75,0,0,0,0,0,0
"OTU_549",1.24,16.73,0,0.24,0,0,0,0
"OTU_550",1.91,4.31,0,4.03,0,0,0,0
"OTU_551",1.05,4.24,0,0,0,0,0,0
"OTU_552",0.64,0,0,0,0,0,0,0
"OTU_553",0.84,0,0,3.32,0,0,0,0
"OTU_554",0.9,0,0,0,0,0,0,0
"OTU_555",0.08,0,0,0.08,0,0,0,0
"OTU_556",0.61,0,0,0,0,0,0,0
"OTU_557",0.57,0,0,0,0,0,0,0
"OTU_558",0.41,0,0,1.27,0,0,0,0
"OTU_559",0.37,0,0,0.99,0,0,0,0
"OTU_560",0.48,1.01,0,1.32,0,0,0,0
"OTU_561",1.22,1.45,0,0,0,0,0,0
"OTU_562",2.33,0,0,0,0,0,0,0
"OTU_563",0.41,0,0,0,0,0,0,0
"OTU_564",0.41,0,0,17.41,0,0,0,0
"OTU_565",1.1,0,0,2.3,0,0,0,0.57
"OTU_566",0.4,0,0,0,0,0,0,0
"OTU_567",0.92,0,0,0.38,0,0,0,0
"OTU_568",0.74,0,0,0,0,0,0,0
"OTU_569",0.46,0.41,0,0,0,0,0,0
"OTU_570",0.46,0,0,0,0,0,0,0
"OTU_571",2.53,0,0,0.92,0,0,0,0
"OTU_572",0.43,0,0,0,0,0,0,0
"OTU_573",0.79,0,0,0.51,0,0,0,0
"OTU_574",0.52,0,0,0,0,0,0,0
"OTU_575",0.52,1.83,0,0,0,0,0,0
"OTU_576",0,0,0,0,0,0,0,0
"OTU_577",11.82,0,0,0,0.42,0,0,0
"OTU_578",3.35,0,0,0,0,0,0,0
"OTU_579",132.8,4.39,1.26,0,0.08,0,0,0
"OTU_580",0.93,1.74,0,4.81,0,0,0,0
"OTU_581",0,0,0,0,0,0,0,0
"OTU_582",1.05,0,0,0,0,0,0,0
"OTU_583",7.82,18.77,42.88,0.94,7.93,2.47,29.45,0.72
"OTU_584",0,0,0,0,0,0,0,0
"OTU_585",1.21,0,0.07,1.58,83.65,0,0,0
"OTU_586",0.96,0,0,5.59,0,0,0,0
"OTU_587",1.9,0.84,0,0,0,0,0,0
"OTU_588",4.46,0,0,0.9,0,0,0,0
"OTU_589",1.51,0,0,0,0,0,0,0
"OTU_590",1.55,0,0,0,0,0,0,0
"OTU_591",1.23,5.09,9.08,2.93,5.61,0,0,0
"OTU_592",0,0,0,0,0,0,0,0
"OTU_593",0,0,0,0,0,0,0,0
"OTU_594",1.52,0,0.01,0,0.04,0.12,0,0
"OTU_595",0.97,0,0.96,0,0,0,1.9,0
"OTU_596",0.58,0,0,0,0,0,0,0
"OTU_597",1.67,72.65,15.98,0.52,1.66,0,94.09,0
"OTU_598",2.04,23.73,11.12,0,0,0,7.32,0
"OTU_599",0,0,1.1,0.47,0.5,0.65,0,0
"OTU_600",1.57,14.83,0.84,0.26,0,0,1.83,0
"OTU_601",9.81,0,0,0,0,0,0,0
"OTU_602",0.51,0,0,1.7,0,0,0,0
"OTU_603",0.46,0,0,0.98,0,0,0,0
"OTU_604",0.78,0,0,4.51,0,0,0,0
"OTU_605",1.52,0,0,0,0,0,0,0
"OTU_606",1.71,0,0,0,0.23,0,0,0.72
"OTU_607",1.36,0,0,0,0,0,0,0
"OTU_608",0.07,0.9,0.97,0,1.3,0,0.9,0.48
"OTU_609",0.13,0,0,0,0,0,0,0
"OTU_610",0.28,0,0,0,0,0,0,0
"OTU_611",2.77,0,0,0,0,0,0,0
"OTU_612",0.81,0,0,1.42,0,0,0,0
"OTU_613",1.44,0,0,0,0,0,0,0
"OTU_614",1.09,0,0,1.21,0,0,0,0
"OTU_615",0.35,0,0,0.38,0,0,0,0
"OTU_616",0.56,0,0,0,0,0,0,0
"OTU_617",0.36,0,0,0,0,0,0,0
"OTU_618",0.38,0,0,0,0,0,0,0
"OTU_619",0.71,0,0,0,0,0,0,0
"OTU_620",0.39,0,0,3.25,0,0,0,0
"OTU_621",0.25,0,0,11.83,0,0,0,0
"OTU_622",0.84,0,0,0,0,0,0,0
"OTU_623",0.45,0,0,0,0.39,0,0,0
"OTU_624",1.42,0,0,0,0,0,0,0
"OTU_625",0.45,0,0,0,0,0,0,0
"OTU_626",2.03,0,0,0,2.86,0,0,2.19
"OTU_627",2.39,0,0.5,0,0,0,0,0
"OTU_628",1.67,0,0.59,0,0,0,0,4.4
"OTU_629",1.61,0,0,1.02,0,0,0,0
"OTU_630",0.51,0,0,0.41,0,0,0,0
"OTU_631",0.4,0,0,0.68,0,0,0,0
"OTU_632",1.23,0,3.27,0,0,0,0,0.66
"OTU_633",0.38,0,0,0,0,0,0,0
"OTU_634",3.45,0,0,0,2.67,0,0,3.43
"OTU_635",10.42,0,0,0,1.55,0,0,1.61
"OTU_636",0.39,0,0,0,0,0,0,0
"OTU_637",2.57,0,0,0,0,0,0,0
"OTU_638",2.15,0,0,0,0,0,0,0
"OTU_639",1.13,0,0.58,0,0,0,0,0
"OTU_640",0.86,0,0,0,0,0,0,0
"OTU_641",2.64,0,0,0,0,0,0,0
"OTU_642",0.49,0,0,0,0,0,0,0
"OTU_643",0.58,0,0.91,12.84,0,0,0,0
"OTU_644",1.71,0,0.63,0,0,0,0,0
"OTU_645",0.6,0,1.62,0.39,0.77,0,0,0.87
"OTU_646",0.46,0,0.39,0,1.9,0,0,5.88
"OTU_647",0.47,0,0,0,0,0,0,0
"OTU_648",0.9,0,0.9,0,0,0,0,0
"OTU_649",1.89,0,0.83,0,0,0,0,0
"OTU_650",0.84,0,0,0,0,0,0,0
"OTU_651",0.64,0,0,0,0,0,0,0
"OTU_652",0.47,0,0,0,0,0,0,0
"OTU_653",1.41,0,0,0.51,0,0,0,0
"OTU_654",0.49,0,0,0,0,0,0,0
"OTU_655",0.46,0.84,0,0,0,0,0,0
"OTU_656",1.28,0,0,0,0,0,0,0
"OTU_657",3.42,0,0,0,0,0,0,0
"OTU_658",0.35,0.14,1.01,0,0,0,3.74,0
"OTU_659",0.35,5.74,6.47,1.61,0,0,1.93,0
"OTU_660",1.44,0,0.39,0,1.81,0,0,0
"OTU_661",0.39,0,0,0,0,0,0,0
"OTU_662",0.39,0,0,0,0,0,0,0
"OTU_663",0.69,0,0,0,0,0,0,0
"OTU_664",0.15,0,0,0,0,0,0,0.34
"OTU_665",1.04,0,0,0,0,0,0,0
"OTU_666",0.52,0,0,0,0,0,0,0
"OTU_667",1.18,0,0,0,0,0,0,0
"OTU_668",7.12,0,0,0,0,0,0,0
"OTU_669",0.15,0,0,0,0,0,0,0
"OTU_670",0.83,0,0,0,0,0,0,0
"OTU_671",1.37,0,0,2.19,0,0,0,0
"OTU_672",1.97,0,0,0,0,0,0,0
"OTU_673",1.81,0,0,0,0,0,0,0
"OTU_674",1.3,0,0,0,0,0,0,0
"OTU_675",0.45,0,0,0,1.15,0,0,0
"OTU_676",0.65,0,0,0,0,0,0,0
"OTU_677",0.62,0,0,0,0.55,0,0,7.94
"OTU_678",0.43,0,0,0,0,0,0,0.42
"OTU_679",2.59,0,0,0,0,0,0,0
"OTU_680",0.58,0,0,0.54,0,0,0,0
"OTU_681",0.59,0,0,0,0,0,0,1.05
"OTU_682",1.5,0,0,0,0,0,0,0
"OTU_683",0.7,0,0,0,0.55,0,0,0.56
"OTU_684",0.96,0,0,0,0,0,0,0
"OTU_685",0.19,4.99,0,0.57,0,0,0,0
"OTU_686",0.44,0,0,0.94,0,0,0,0
"OTU_687",1.09,0,0,5.59,0,0,0,0
"OTU_688",1.3,0,0,0,0,0,0,0
"OTU_689",0.72,0,0,14.71,0,0,0,0
"OTU_690",8.39,0,0,0,0,0,0,0
"OTU_691",1.45,0,0,3.9,0,0,0,0
"OTU_692",558.64,0,0.52,0,0,0,0,1578.9
"OTU_693",156.94,0,1.44,0,1.33,0,0,0
"OTU_694",55.08,0,0,0,0,0,0,0
"OTU_695",23.96,0,0,0,0,0,0,0
"OTU_696",148.38,0,0,0,8.65,0,0,0
"OTU_697",1.74,0,0,0,0,0,0,0
"OTU_698",42.52,0,0,0,0,0,0,0
"OTU_699",19.11,0,0,0,2.34,0,0,0
"OTU_700",6.28,34.3,251.59,1.84,0,12.23,30.4,0
"OTU_701",14.69,0,42.31,0,1.18,4.41,6.91,0
"OTU_702",8.56,0,0,0,19.02,1.59,0,0
"OTU_703",1.65,0,0,0,0,0,0,0
"OTU_704",1.65,0,0,0,0,0,0,0
"OTU_705",0.77,0,0,0,0,0,0,0
"OTU_706",0.71,0,2.65,0,4.68,16.69,1.3,0
"OTU_707",13.47,0,0.58,0,0.86,0.74,0,0
"OTU_708",0.96,0,0,0,0,0,0,0
"OTU_709",50.79,0,10.76,0,0.74,0,0,0
"OTU_710",1.77,20.41,0,0,0,0,0,0
"OTU_711",2.37,0,0,0,0,0,0,0
"OTU_712",0.73,0,0,0,0,0,0,0
"OTU_713",2.99,0,0,0,3.91,0,0,6.61
"OTU_714",0.58,0,0,0,0,0,0,0.51
"OTU_715",0.82,0,0,0,0,0,0,0
"OTU_716",2.76,0,0,0,0,0,0,0
"OTU_717",1.08,0,0,0,0,0,0,0
"OTU_718",3.23,0,0,0,0,0,0,0
"OTU_719",2.37,0,0,0,5.82,0,0,5.62
"OTU_720",3.77,0,0.61,0,0,0,0,0
"OTU_721",33.26,0,0,237.4,0,0,0,0
"OTU_722",0.95,0,0,0,0,0,0,1.4
"OTU_723",1.72,0,0,0,0,0,0,0
"OTU_724",0.58,0,0,0,0,0,0,0
"OTU_725",2.37,0,0,0,0,0,0,0
"OTU_726",6.43,0,0,0,0,0,0,0
"OTU_727",1.23,0,0,0,0,0,0,0
"OTU_728",0.53,0,0,4.12,0,0,0,0
"OTU_729",0,1.1,0,0.36,0,0,0,0
"OTU_730",0,0,0,0,0,0,0,0
"OTU_731",0,0.45,0,0.85,0,0,0.5,0
"OTU_732",0,0,0,0,0,0,0,0
"OTU_733",0,0.25,0,0.18,0,0,0,0
"OTU_734",0,1.1,0,0.43,0.24,0,0,0
"OTU_735",0,0.3,0,0,0,0,0,0
"OTU_736",0,1.21,0,0.48,0,0,0,0
"OTU_737",0,0,0,0,0,0,0,0
"OTU_738",0,0.88,0,1.49,0,0,0,0
"OTU_739",0,0,0,0,0,0,0,0
"OTU_740",0,0.65,0.32,0,0.06,0,0,0
"OTU_741",0,0.78,0,0,0,0,0,0
"OTU_742",0,0.52,0,0.91,0,0,0,0
"OTU_743",0,0.58,0,0,0,0,0,0
"OTU_744",0,0.58,0,0.51,0,0,0,0
"OTU_745",0,0.38,0,0,0,0,0,0
"OTU_746",0,0,0,0,0,0,0,0
"OTU_747",0,0,0,0,0,0,0,0
"OTU_748",0,0,0,0,0,0,0,0
"OTU_749",0,0,0,0.13,0,0,0,0
"OTU_750",0,0,0,0,0,0,0,0
"OTU_751",0,0.75,0,0.3,0,0,0,0
"OTU_752",0,0.64,0,0,0,0,0,0
"OTU_753",0,0.31,0,0,0,0,0,0
"OTU_754",0,0.32,0,0,0,0,0,0
"OTU_755",0,1.95,0,0,0,0,0,0
"OTU_756",0,0.57,0,0.59,0,0,0,0
"OTU_757",0,0,0,0.33,0,0,0,0
"OTU_758",0,0,0,0,0,0,0,0
"OTU_759",0,0.13,0,0.13,0,0,0,0
"OTU_760",0,0.58,0.45,0.46,0,0,0,0
"OTU_761",0,0,0,0,0,0,0,0
"OTU_762",0,0,0,0,0,0,0,0
"OTU_763",0,0,0,0,0,0,0,0
"OTU_764",0,0,0,0,0,0,0,0
"OTU_765",0,0,0,0,0,0,0,0
"OTU_766",0,0,0,0,0,0,0,0
"OTU_767",0,0,0,0,0,0,0,0
"OTU_768",0,0,0,0,0,0,0,0
"OTU_769",0,1.02,0,0,0,0,0,0
"OTU_770",0,0.62,0,0.56,0,0,0,0
"OTU_771",0,0.45,0,0.02,0,0,0,0
"OTU_772",0,0.39,0,0.42,0,0,0,0
"OTU_773",0,0.19,0,0.06,0,0,0,0
"OTU_774",0,1.36,0,1.29,0,0,0,0
"OTU_775",0,0,0,0,0,0,0,0
"OTU_776",0,0,0,0.07,0,0,0,0
"OTU_777",0,0.52,0,0.48,0,0,0,0
"OTU_778",0,0.34,0.06,0,0,0,0,0
"OTU_779",0,0,0,0,0,0,0,0
"OTU_780",0,0,0,0,0,0,0,0
"OTU_781",0,0,0,0,0,0,0,0
"OTU_782",0,0.52,0,0.85,0,0,0,0
"OTU_783",0,0,0,0,0,0,0,0
"OTU_784",0,1.01,0,0,0,0,0,0
"OTU_785",0,0.07,0,0,0.41,0,0,0
"OTU_786",0,0,0,0,0,0,0,0
"OTU_787",0,0,0,0,0,0,0,0
"OTU_788",0,0.6,0.6,0.13,0.13,0,0,0
"OTU_789",0,2.79,0.67,0,0,0,0,0
"OTU_790",0,0.19,0,0.43,0.07,0,0,0
"OTU_791",0,1.27,0,2.37,0,0,0,0
"OTU_792",0,0.47,0,0.32,0,0,0,0
"OTU_793",0,0.51,0,0.74,0,0,0,0
"OTU_794",0,0.26,0,0,0,0,0,0
"OTU_795",0,0,0,0,0,0,0,0
"OTU_796",0,0,0,0,0,0,0,0
"OTU_797",0,0.66,0,1.68,0,0,0,0
"OTU_798",0,0.33,0,0.63,0,0,0,0
"OTU_799",0,0,0,0,0,0,0,0
"OTU_800",0,0,0,0,0,0,0,0
"OTU_801",0,0,0,0,0,0,0,0
"OTU_802",0,0,0,0,0,0,0,0
"OTU_803",0,0.13,0,0.62,0,0,0,0
"OTU_804",0,0.92,0.06,0.82,0.47,0,0.14,0
"OTU_805",0,1.11,0,0.84,0.04,0,0,0
"OTU_806",0,0,0,0,0,0,0,0
"OTU_807",0,0.46,0,0,0,0,0,0
"OTU_808",0,1.1,0.45,0.45,0,0,0,0
"OTU_809",0,0,0,0,0,0,0,0
"OTU_810",0,0,0,0,0,0,0,0
"OTU_811",0,0,0,0,0,0,0,0
"OTU_812",0,0,0,0,0,0,0,0
"OTU_813",0,0.46,0,0.33,0,0,0,0
"OTU_814",0,0,0,0,0,0,0,0
"OTU_815",0,0,0,0,0,0,0,0
"OTU_816",0,0.45,0,0,0,0,0.06,0
"OTU_817",0,0,0,0,0,0,0,0
"OTU_818",0,0,0,0,0,0,0,0
"OTU_819",0,0.45,0,0.45,1.35,0,0,0
"OTU_820",0,1.57,0,2.05,0,0,0,0
"OTU_821",0,0,0,0,0,0,0,0
"OTU_822",0,0.9,0,0.17,0,0,0,0
"OTU_823",0,0,0,0,0,0,0,0
"OTU_824",0,1.06,0,0,0,0,0,0
"OTU_825",0,1.07,0,0.49,0,0,0,0
"OTU_826",0,0.3,0,0,0,0,0,0
"OTU_827",0,1.88,0,0.83,0,0,0,0
"OTU_828",0,0.19,0,0,0,0,0,0
"OTU_829",0,0.44,0,0.12,0,0,0,0
"OTU_830",0,0.36,0,0.36,0,0,0,0
"OTU_831",0,1.49,0,0,0,0,0,0
"OTU_832",0,0.8,0,0,0,0,0,0
"OTU_833",0,0.12,0,0.72,0,0,0,0
"OTU_834",0,0,0,0,0,0,0,0
"OTU_835",0,0.73,0,0,0,0,0,0
"OTU_836",0,0.07,0,0,0,0,0,0
"OTU_837",0,0.27,0.66,0,0,0,0.33,0
"OTU_838",0,0.35,0,0,0,0,0,0
"OTU_839",0,1.25,0.06,0.29,0.36,0,0.6,0
"OTU_840",0,0.22,0,0,0,0,0,0
"OTU_841",0,45.46,26.96,2.88,0,1.7,6.73,0
"OTU_842",0,0.13,0,0,0,0,0,0
"OTU_843",0,2.81,1.45,0,1.5,4.18,0.41,0
"OTU_844",0,0.68,0.13,0,0,0,0.14,0
"OTU_845",0,0.53,0,0,0,0,0,0
"OTU_846",0,0.29,0.32,0,0,0,0,0
"OTU_847",0,0.13,0,0,0,0,0,0
"OTU_848",0,23.14,26.65,1.76,1.88,1.43,7.22,0
"OTU_849",0,1.85,1.08,0,0,0,0,0
"OTU_850",0,0.74,0.46,0.07,0,0,1.29,0
"OTU_851",0,1.63,0.62,0,0.65,0,0.39,0
"OTU_852",0,0.27,0,0,0,0,0,0
"OTU_853",0,0.55,0,0,0,0,0,0
"OTU_854",0,1.03,0,0,0,0,0,0
"OTU_855",0,0.84,0,0,0,0,0,0
"OTU_856",0,0,0,0,0,0,0,0
"OTU_857",0,0,0,0,0,0,0,0
"OTU_858",0,0,0,0,0,0,0,0
"OTU_859",0,0.31,0,0,0,0,0,0
"OTU_860",0,0.69,0,0.25,0,0,0,0
"OTU_861",0,0.23,0,0.36,0,0,0,0
"OTU_862",0,0.82,0,1.91,0,0,0,0
"OTU_863",0,0.39,0,0.45,0,0,0,0
"OTU_864",0,0.22,0,0.33,0,0,0,0
"OTU_865",0,0,0,0,0,0,0,0
"OTU_866",0,0,0,0,0,0,0,0
"OTU_867",0,0,0,0,0,0,0,0
"OTU_868",0,0,0,0,0,0,0,0
"OTU_869",0,1.56,0,0,0,0,0,0
"OTU_870",0,0.39,0,0,0,0,0,0
"OTU_871",0,0.07,0,1.52,0,0,0,0
"OTU_872",0,1.64,0,0.83,0,0,0,0
"OTU_873",0,3.91,0,0,0,0,0,0
"OTU_874",0,0.66,0,0,0,0,0,0
"OTU_875",0,0.37,0,0,0,0,0,0
"OTU_876",0,0.55,0,0,0,0,0,0
"OTU_877",0,0.47,0,0,0,0,0,0
"OTU_878",0,0,0,0,0,0,0,0
"OTU_879",0,2.35,0,0,0,0,0,0
"OTU_880",0,0.49,0,0,0,0,0,0
"OTU_881",0,0.98,0,0,0,0,0,0
"OTU_882",0,0.53,0,0.3,0,0,0,0
"OTU_883",0,0.8,0,0.6,0,0,0,0
"OTU_884",0,0,0,0,0,0,0,0
"OTU_885",0,0,0,0,0,0,0,0
"OTU_886",0,2.12,0,0,0,0,0,0
"OTU_887",0,0.85,0,1.16,0,0,0,0
"OTU_888",0,0,0,0,0,0,0,0
"OTU_889",0,0.7,0,0,0,0,0,0
"OTU_890",0,0.36,0,0.45,0,0,0,0
"OTU_891",0,0.59,0,0,0,0,0,0
"OTU_892",0,0.36,0,0,0,0,0,0
"OTU_893",0,1.01,0,0,0,0,0,0
"OTU_894",0,1.26,0,0,0,0,0,0
"OTU_895",0,0.38,0,0,0,0,0,0
"OTU_896",0,0.49,0,2.38,0,0,0,0
"OTU_897",0,0,0,0,0,0,0,0
"OTU_898",0,1.83,0,1.34,0,0,0,0
"OTU_899",0,0,0,0,0,0,0,0
"OTU_900",0,0.9,0,5.32,0,0,0,0
"OTU_901",0,4.72,0,1.04,0,0,0,0
"OTU_902",0,0.07,0,0,0,0,0,0
"OTU_903",0,2.64,0,2.86,0,0,0,0
"OTU_904",0,1.26,0,0.46,0,0,0,0
"OTU_905",0,0.19,0,1.15,0,0,0,0
"OTU_906",0,0.64,0,0,0.57,0,0,0
"OTU_907",0,1.31,0,0,1.56,0,0,0
"OTU_908",0,1.16,0,0,0,0,0,0
"OTU_909",0,0.67,0,0,0,0,0,0
"OTU_910",0,12.28,0.2,0,0.45,0,0,0
"OTU_911",0,1.7,0,0,0,0,0,0
"OTU_912",0,0.36,0,0.58,0,0,0,0
"OTU_913",0,0,0,0,0,0,0,0
"OTU_914",0,1.37,0.93,1.46,0.45,0,0,0
"OTU_915",0,3.8,0,0,0,0,0,0
"OTU_916",0,0.4,0,0.59,0,0,0,0
"OTU_917",0,0.52,0,0,0,0,0,0
"OTU_918",0,1.06,0,1.96,0,0,0,0
"OTU_919",0,0.4,0,2.56,0,0,0,0
"OTU_920",0,0.7,0,0,0,0,0,0
"OTU_921",0,0.52,0,0,0,0,0,0
"OTU_922",0,0.4,0,0,0,0,0,0
"OTU_923",0,1.29,0,6.71,0,0,0,0
"OTU_924",0,0.03,0,0,0,0,0,0
"OTU_925",0,0.63,0,0.45,0,0,0,0
"OTU_926",0,3.69,0,2.21,0,0,0,0
"OTU_927",0,0.5,0,0,0,0,0,0
"OTU_928",0,0.16,0,0,0,0,0,0
"OTU_929",0,0.07,2.11,0,0,0,0,0
"OTU_930",0,0.14,0.85,0,0,0,0.2,0
"OTU_931",0,0.97,0.39,1.2,0,0,0,0
"OTU_932",0,0.62,0,2.53,0,0,0,0
"OTU_933",0,0.55,1,0,0,0,0.84,0
"OTU_934",0,0.57,0.46,0,0,0,0,0
"OTU_935",0,2.33,0.2,0,0.06,0,1.25,0
"OTU_936",0,0.13,0,0,0,0,0,0
"OTU_937",0,2.59,0,0,0.41,1.43,0,0
"OTU_938",0,0.07,0,0,0,0,0,0
"OTU_939",0,0.9,0,0,0,0,0,0
"OTU_940",0,0,0,0,0,0,0,0
"OTU_941",0,1.76,0,0,0,0,0,0
"OTU_942",0,0.41,0,0,0,0,0,0
"OTU_943",0,1.05,0,0,0,0,0,0
"OTU_944",0,0.47,0,0.38,0,0,0,0
"OTU_945",0,0.46,0,0,0,0,0,0
"OTU_946",0,0.45,0,0,0,0,0,0
"OTU_947",0,0.32,0,0,0,0,0,0
"OTU_948",0,0.91,0,0,0,0,0,0
"OTU_949",0,0.64,0,0,0,0,0,0
"OTU_950",0,0.69,0,0.26,0,0,0,0
"OTU_951",0,0.52,0,0,0,0,0,0
"OTU_952",0,0,0,0,0,0,0,0
"OTU_953",0,0.47,0,0,0,0,0,0
"OTU_954",0,0.06,0,0,0,0,0,0
"OTU_955",0,2.83,2.4,2.86,0,0,0,0
"OTU_956",0,0.07,0,0,0,0,0,0
"OTU_957",0,0,0,0,0,0,0,0
"OTU_958",0,0.51,0,0,0,0,0,0
"OTU_959",0,1.56,0,0.54,0,0,0,0
"OTU_960",0,2.38,0,0,0,0,0,0
"OTU_961",0,0,0,0,0,0,0,0
"OTU_962",0,0,0,0,0,0,0,0
"OTU_963",0,0,0,0,0,0,0,0
"OTU_964",0,0.26,0.14,0,0,0,0,0
"OTU_965",0,0.2,0,0,0,0,0,0
"OTU_966",0,0.39,0,1.83,0.25,0,0,0
"OTU_967",0,0.39,0,0,0,0,0,0
"OTU_968",0,0.22,0,0,0,0,0,0
"OTU_969",0,2.16,0,1.74,0,0,0,0
"OTU_970",0,0.36,0,0,0,0,0,0
"OTU_971",0,3.52,0,0,0,0,0,0
"OTU_972",0,1.04,0,0,0,0,0,0
"OTU_973",0,2.16,0,0,0,0,0,0
"OTU_974",0,0.48,0,0,0,0,0,0
"OTU_975",0,0.66,0,0,0,0,0,0
"OTU_976",0,0.46,0,0,0,0,0,0
"OTU_977",0,0.46,0,0,0,0,0,0
"OTU_978",0,5.71,0,0,0,0,0,0
"OTU_979",0,0.61,0,0,0,0,0,0
"OTU_980",0,1.12,0,0,0,0,0,0
"OTU_981",0,1.73,0,0,0,0,0,0
"OTU_982",0,0,0,0,0,0,0,0
"OTU_983",0,0,0,0,0,0,0,0
"OTU_984",0,0.37,0,0,0,0,0,0
"OTU_985",0,0.3,0,0,0,0,0,0
"OTU_986",0,0.61,0,0,0,0,0,0
"OTU_987",0,7.14,1.04,0,0,0,1.66,0
"OTU_988",0,6.27,2.87,0,0,0,2.76,0
"OTU_989",0,0,0,0,0,0,0.41,0
"OTU_990",0,3.96,0.9,0,0,0,0.92,0
"OTU_991",0,1.28,1.67,0,0,0,3.53,0
"OTU_992",0,0.42,0,0,0,0,0,0
"OTU_993",0,3.81,2.82,0,0,0,1.29,0
"OTU_994",0,0.49,0,0,0,0,0,0
"OTU_995",0,3.81,0,0,0,0,0,0
"OTU_996",0,4.76,0,0,0,0,0,0
"OTU_997",0,1.23,0.82,0.37,0.76,0,0,0
"OTU_998",0,0.45,0,0,1.79,0,0,0
"OTU_999",0,0,0.05,0,0,0,0,0
"OTU_1000",0,2.12,0,0,0,0,0,0
"OTU_1001",0,126.5,31.75,0.74,0,8.09,0,0
"OTU_1002",0,4.38,2.55,0,0,0,0.42,0
"OTU_1003",0,3.14,6.71,1.02,0,0,3.1,0
"OTU_1004",0,2.2,3.02,0,0,0,0,0
"OTU_1005",0,0.73,0,0,0,0,0,0
"OTU_1006",0,18.3,12.16,0.78,0,0,3.8,0
"OTU_1007",0,18.9,9.21,0,0,0,0,0
"OTU_1008",0,0.51,3.04,0,0,0,0,0
"OTU_1009",0,4.56,1.94,0,0,0,0,0
"OTU_1010",0,3.38,0.58,0,0,0,0,0
"OTU_1011",0,16.63,17.21,0,0,1.04,0,0
"OTU_1012",0,3.56,4.79,0,0,0.44,0,0
"OTU_1013",0,0.45,0.37,0,0,0,0,0
"OTU_1014",0,0.45,5.72,0.81,0,0,25.44,0
"OTU_1015",0,0.6,0.71,0,0,0,0,0
"OTU_1016",0,0.4,0,0,0,0,0,0
"OTU_1017",0,10.77,3.52,0,1.93,0,3.32,0
"OTU_1018",0,5.62,1.95,0,0,0,0,0
"OTU_1019",0,2.7,0,0,0,2.73,0,0
"OTU_1020",0,1.8,0,0,0,0,0,0
"OTU_1021",0,1.38,0,0,0,0,0,0
"OTU_1022",0,10.66,0,0,0,0,0,0
"OTU_1023",0,2.46,38.96,0,0,0,5.5,0
"OTU_1024",0,0.37,6.22,1.23,0,0,26.12,0
"OTU_1025",0,0.35,0,0,0,0,0,0
"OTU_1026",0,1.39,0,0,0,0,0,0
"OTU_1027",0,0.79,0,0,0,0,0,0
"OTU_1028",0,1,0,0,0,0,0,0
"OTU_1029",0,0.89,0,0,0,0,0.56,0
"OTU_1030",0,0.38,0,0,3.57,0,0,0
"OTU_1031",0,1.22,0.38,0,0,0,0,0
"OTU_1032",0,0.68,0,0,0,0,0,0
"OTU_1033",0,1.56,0,0,0,0,0,0
"OTU_1034",0,1.94,14.11,0,0,14.01,0,0
"OTU_1035",0,0.81,0,0,0,0,0,0
"OTU_1036",0,0.72,0.85,15.11,5.37,0,0,0
"OTU_1037",0,1.06,0.41,0,0.3,0,2.03,0
"OTU_1038",0,2,0,0.57,0,0,0,0
"OTU_1039",0,10.72,1,0,0,0,0,0
"OTU_1040",0,8.18,0,0,0,0,0,0
"OTU_1041",0,0.35,1.3,0,0,0,0,0
"OTU_1042",0,0.66,0.56,0,0,0,0,0
"OTU_1043",0,4.84,9.85,0,0,0,0,0
"OTU_1044",0,9.28,3.33,0,0,0,4.04,0
"OTU_1045",0,0.98,0.49,0,0,0,0,0
"OTU_1046",0,3.56,0.76,0,0,0,0,0
"OTU_1047",0,1.28,0.7,0,0,0,0,0
"OTU_1048",0,1.1,0.73,0,0,0,2.45,0
"OTU_1049",0,0.53,0,0,0,0,0,0
"OTU_1050",0,0.7,0,0,0.88,0,0,0
"OTU_1051",0,1.43,0.12,0,0,0,0,0
"OTU_1052",0,6.22,0,0,0,0,0,0
"OTU_1053",0,3.62,0,0,0,0,0,0
"OTU_1054",0,1.5,0,0,0,0,0,0
"OTU_1055",0,1.37,0,0,0,0,0,0
"OTU_1056",0,1.54,0,0,0,0,0,0
"OTU_1057",0,1.42,0,0,0,0,0,0
"OTU_1058",0,0.39,0,0,0,0,0,0
"OTU_1059",0,0.39,0,0,0,0,0,0
"OTU_1060",0,0,0,0,0,0,0,0
"OTU_1061",0,0.64,0,0,0,0,0,0
"OTU_1062",0,3.47,0,0,0,0,0,0
"OTU_1063",0,7.13,0,0,0,0,0,0
"OTU_1064",0,0.59,0,1.12,0,0,0,0
"OTU_1065",0,1.08,0,0.59,0,0,0,0
"OTU_1066",0,0.43,0,0,0,0,0,0
"OTU_1067",0,1.07,0,0,0,0,0,0
"OTU_1068",0,0.64,0,4.38,0,0,0,0
"OTU_1069",0,1.57,0,0,0,0,0,0
"OTU_1070",0,0.86,0,0,0,0,0,0
"OTU_1071",0,0.6,0,0.62,0,0,0,0
"OTU_1072",0,4.61,0,3.42,0,0,0,0
"OTU_1073",0,0.39,0,0,0,0,0,0
"OTU_1074",0,4.84,0,0,0,0,0,0
"OTU_1075",0,0.39,0,0,0,0,0,0
"OTU_1076",0,1.27,0,0,0,0,0,0
"OTU_1077",0,0.61,0,0,0,0,0,0
"OTU_1078",0,0.55,0,0,0,0,0,0
"OTU_1079",0,0.53,0,0,0,0,0,0
"OTU_1080",0,2.8,0,0,0,0,0,0
"OTU_1081",0,0.69,0,0,0,0,0,0
"OTU_1082",0,0.43,0,0,0,0,0,0
"OTU_1083",0,0.84,0,2.14,0,0,0,0
"OTU_1084",0,1.11,0,0,0,0,0,0
"OTU_1085",0,0.49,0,0,0,0,0,0
"OTU_1086",0,0.61,0,0,0,0,0,0
"OTU_1087",0,9.06,0,0,0,0,0,0
"OTU_1088",0,0.83,0,0,0,0,0,0
"OTU_1089",0,1.26,0,0,0,0,0,0
"OTU_1090",0,13.77,0,2.03,0,0,0,0
"OTU_1091",0,3.78,0,1.06,0,0,0,0
"OTU_1092",0,6.11,0,1.04,0,0,0,0
"OTU_1093",0,2.3,0,1.08,0,0,0,0
"OTU_1094",0,1.06,0,0,0,0,0,0
"OTU_1095",0,1.24,0,5.69,0,0,0,0
"OTU_1096",0,0.49,0,0,0,0,0,0
"OTU_1097",0,0.68,0,0,0,0,0,0
"OTU_1098",0,7.69,0,0,0,0,0,0
"OTU_1099",0,1.46,0,0,0,0,0,0
"OTU_1100",0,0.79,0,0,0,0,0,0
"OTU_1101",0,4.09,0,0,0,0,0,0
"OTU_1102",0,3.77,0,0,0,0,0,0
"OTU_1103",0,8.97,0,0,0,0,0,0
"OTU_1104",0,1.48,0,0,0,0,0,0
"OTU_1105",0,0.59,0,0,0,0,0,0
"OTU_1106",0,1.86,0,0,0,0,0,0
"OTU_1107",0,2.41,0,0,0,0,0,0
"OTU_1108",0,0.6,0,0,0,0,0,0
"OTU_1109",0,0.39,0,0,0,0,0,0
"OTU_1110",0,1.19,0,0,0,0,0,0
"OTU_1111",0,0.5,0,0,0,0,0,0
"OTU_1112",0,4.95,0,0,0,0,0,0
"OTU_1113",0,0.43,0,0,0,0,0,0
"OTU_1114",0,1.04,0,0,0,0,0,0
"OTU_1115",0,3.07,0,0,0,0,0,0
"OTU_1116",0,0.46,0,0,0,0,0,0
"OTU_1117",0,0.81,0,0,0,0,0,0
"OTU_1118",0,0.53,0,0,0,0,0,0
"OTU_1119",0,0.66,0,0,0,0,0,0
"OTU_1120",0,0.44,0,0,0,0,0,0
"OTU_1121",0,0.43,0,0.94,0,0,0,0
"OTU_1122",0,3.16,0,0,0,0,0,0
"OTU_1123",0,0.85,0,0,0,0,0,0
"OTU_1124",0,1.62,0,7.63,0,0,0,0
"OTU_1125",0,2.68,0,0,0,0,0,0
"OTU_1126",0,1.27,0,0,0,0,0,0
"OTU_1127",0,0.77,0,0,0,0,0,0
"OTU_1128",0,1.34,0,0,0,0,0,0
"OTU_1129",0,0.93,0,0,0,0,0,0
"OTU_1130",0,1.07,0,0,0,0,0,0
"OTU_1131",0,1.16,0,0,0,0,0,0
"OTU_1132",0,0.46,0,0,0,0,0,0
"OTU_1133",0,2.08,0,0,0,0,0,0
"OTU_1134",0,5.66,0,0,0,0,0,0
"OTU_1135",0,2.51,0,0,0,0,0,0
"OTU_1136",0,0.47,0,0,0,0,0,0
"OTU_1137",0,3.65,0,0,0,0,0,0
"OTU_1138",0,0.58,0,0,0,0,0,0
"OTU_1139",0,0.48,0,0,0,0,0,0
"OTU_1140",0,4.18,0,0,0,0,0,0
"OTU_1141",0,1.17,0,0,0,0,0,0
"OTU_1142",0,0.89,0,0,0,0,0,0
"OTU_1143",0,0.67,0,0,0,0,0,0
"OTU_1144",0,0.37,0,0,0,0,0,0
"OTU_1145",0,2.82,0,0,0,0,0,0
"OTU_1146",0,0.37,0,0,0,0,0,0
"OTU_1147",0,1.43,0,0,0,0,0,0
"OTU_1148",0,0.4,0,0,0,0,0,0
"OTU_1149",0,0.78,0,0,0,0,0,0
"OTU_1150",0,1.49,0,0,0,0,0,0
"OTU_1151",0,0.39,0,0,0,0,0,0
"OTU_1152",0,4.31,0,0,0,0,0,0
"OTU_1153",0,0.42,0,0,0,0,0,0
"OTU_1154",0,0.52,0,0,0,0,0,0
"OTU_1155",0,0.59,0,0,0,0,0,0
"OTU_1156",0,0.59,0,0,0,0,0,0
"OTU_1157",0,1.1,0,0,0,0,0,0
"OTU_1158",0,0.59,0.45,0,0,0,0,0
"OTU_1159",0,1.43,0,0,0,0,0,0
"OTU_1160",0,3.07,0,0,0,0,0,0
"OTU_1161",0,4.1,0,0,0,0,0,0
"OTU_1162",0,0.58,0,0,0,0,0,0
"OTU_1163",0,1.23,0,0.48,0,0,0,0
"OTU_1164",0,0.8,0,0.55,0,0,0,0
"OTU_1165",0,0.39,0,4.98,0,0,0,0
"OTU_1166",0,1,0,0.39,0,0,0,0
"OTU_1167",0,0.63,0,0,0,0,0,0
"OTU_1168",0,3.32,0,0,0,0,0,0
"OTU_1169",0,1.23,0,2.22,0,0,0,0
"OTU_1170",0,0.45,0,0.97,0,0,0,0
"OTU_1171",0,0.58,0,2.25,0,0,0,0
"OTU_1172",0,0.75,0,1.07,0,0,0,0
"OTU_1173",0,0.4,0,1.41,0,0,0,0
"OTU_1174",0,0.08,0,0,0,0,0,0
"OTU_1175",0,2.1,0,0,0,0,0,0
"OTU_1176",0,1.03,0,0,0,0,0,0
"OTU_1177",0,0.41,0,0,0,0,0,0
"OTU_1178",0,0.37,0,0,0,0,0,0
"OTU_1179",0,1.33,0,0,0,0,0,0
"OTU_1180",0,3.6,0,0,0,0,0,0
"OTU_1181",0,0.47,0,0,0,0,0,0
"OTU_1182",0,0.54,0,0,0,0,0,0
"OTU_1183",0,1.52,0,1.09,0,0,0,0
"OTU_1184",0,1.38,0,0,0,0,0,0
"OTU_1185",0,0.85,0,0,0,0,0,0
"OTU_1186",0,103.36,1.04,0,0,0,0,0
"OTU_1187",0,3.05,0,0,0,0,0,0
"OTU_1188",0,6.29,0,0,0,0,0,0
"OTU_1189",0,0.71,0,0,0,0,0,0
"OTU_1190",0,1.34,0,0,0,0,0,0
"OTU_1191",0,1.42,0,0,0,0,0,0
"OTU_1192",0,1.81,0,0,0,0,0,0
"OTU_1193",0,3.42,0,0,0,0,0,0
"OTU_1194",0,0.91,0,0,0,0,0,0
"OTU_1195",0,0.38,0,0,0,0,0,0
"OTU_1196",0,0.78,0,0,0,0,0,0
"OTU_1197",0,0.61,0,3.78,0,0,0,0
"OTU_1198",0,1.02,0,0,0,0,0,0
"OTU_1199",0,8.42,0,0,0,0,0,0
"OTU_1200",0,7.16,0,1.2,0,0,0,0
"OTU_1201",0,2.38,0,0,0,0,0,0
"OTU_1202",0,0.61,0,0.99,0,0,0,0
"OTU_1203",0,0.42,0,0,0,0,0,0
"OTU_1204",0,0.39,0,0,0,0,0,0
"OTU_1205",0,0.97,0,0,1.3,0,0,0
"OTU_1206",0,9.66,20.1,0.51,0,0,2.88,0
"OTU_1207",0,0.44,0.39,0,0,0,0.77,0
"OTU_1208",0,1.48,0,0,0,0,0,0
"OTU_1209",0,3.87,0.97,0.63,0,0,0,0
"OTU_1210",0,0.44,0,0.39,0,0,0,0
"OTU_1211",0,1.77,0,0,0.45,0,0,0
"OTU_1212",0,2.18,0,0,0,0,0,0
"OTU_1213",0,3.93,0,0,0,0,0,0
"OTU_1214",0,3.86,0,0,0,0,0,0
"OTU_1215",0,1.19,0,0,0,9.28,0,0
"OTU_1216",0,1.48,0,0,0,0,0,0
"OTU_1217",0,0.53,0,0,0,0,0,0
"OTU_1218",0,0.39,0,0,0,0,0,0
"OTU_1219",0,0.8,0,0,0,0,0,0
"OTU_1220",0,0.81,0,0,0,0,0,0
"OTU_1221",0,0.76,0,0,0,0,0,0
"OTU_1222",0,0.72,0,0,0,0,0,0
"OTU_1223",0,0,0,0,0,0,0,0
"OTU_1224",0,1.37,0,0,0,0,0,0
"OTU_1225",0,0.27,0,0,0,0,0,0
"OTU_1226",0,1.19,0,0,0,0,0,0
"OTU_1227",0,0.03,0,0,0,0,0,0
"OTU_1228",0,1.49,0,0,0,0,0,0
"OTU_1229",0,1.55,0,0,0,0,0,0
"OTU_1230",0,0.4,0,0,0,0,0,0
"OTU_1231",0,1.34,0,0,0,0,0,0
"OTU_1232",0,53.07,25.23,0.45,0,0,0,0
"OTU_1233",0,0,0,0,0,0,0,0
"OTU_1234",0,0.85,0,0,0,0,0,0
"OTU_1235",0,0.75,0,0,0,0,0,0
"OTU_1236",0,0.89,0,0,0,0,0,0
"OTU_1237",0,2.24,0,0.35,0,0,0,0
"OTU_1238",0,0.58,0,0,0,0,0,0
"OTU_1239",0,0.36,0,0,0,0,0,0
"OTU_1240",0,2.68,0,0,0,0,0,0
"OTU_1241",0,21.29,0,0,0,0,0,0
"OTU_1242",0,2.34,0,2.01,0,0,0,0
"OTU_1243",0,1,0,0,0,0,0,0
"OTU_1244",0,0.59,0,0,0,0,0,0
"OTU_1245",0,1.38,0,0,0,0,0,0
"OTU_1246",0,0.71,0,0,0,0,0,0
"OTU_1247",0,0.38,0,0,0,0,0,0
"OTU_1248",0,0.36,0,0,0,0,0,0
"OTU_1249",0,0.83,0.38,0,0,0,0,0
"OTU_1250",0,2.19,0,0,0,0,0,0
"OTU_1251",0,0.88,0,0,0,0,0,0
"OTU_1252",0,0.64,0,0,0,0,0,0
"OTU_1253",0,0.18,0,0,0,0,0,0
"OTU_1254",0,1.98,0,0,0,0,0,0
"OTU_1255",0,0.63,0,0,0,0,0,0
"OTU_1256",0,0.52,0,0,0,0,0,0
"OTU_1257",0,5.51,0,0,0,0,0,0
"OTU_1258",0,1.46,0,0,0,0,0,0
"OTU_1259",0,1.34,0,0,0,0,0,0
"OTU_1260",0,0.5,0,0,0,0,0,0
"OTU_1261",0,2.66,0,0,0,0,0,0
"OTU_1262",0,1.22,0,0,0,0,0,0
"OTU_1263",0,48.97,2.71,0,0,0,0,0
"OTU_1264",0,8.95,0,0,0,0,0,0
"OTU_1265",0,3.78,2.34,0,0,0,10.37,0
"OTU_1266",0,38.62,0,0,0,0,0,0
"OTU_1267",0,3.72,0,0,0,0,0,0
"OTU_1268",0,1.26,0,0,0,0,0,0
"OTU_1269",0,2.61,0,0,0,0,0,0
"OTU_1270",0,2.3,0,0,0,0,0,0
"OTU_1271",0,6.54,0,0,0,0,0,0
"OTU_1272",0,6.98,0,0,0,0,0,0
"OTU_1273",0,0.93,0,0,0,0,0,0
"OTU_1274",0,0.69,0,0,0,0,0,0
"OTU_1275",0,0.46,0,0,0,0,0,0
"OTU_1276",0,1.14,0,0,0,0,0,0
"OTU_1277",0,1.37,0,0,0,0,0,0
"OTU_1278",0,5.01,0.81,0,0,0,0,0
"OTU_1279",0,0.92,0,0,0,0,0,0
"OTU_1280",0,0.67,0,0,0,0,0,0
"OTU_1281",0,0.64,0.86,0,0,0,0,0
"OTU_1282",0,104.66,29.19,0.56,0,6.99,0,0
"OTU_1283",0,43.31,13.2,0,0,3.02,0,0
"OTU_1284",0,17.19,5.37,0,0,0,0,0
"OTU_1285",0,0.79,0,0,0,0,0,0
"OTU_1286",0,0.5,0.5,0,0,0,0,0
"OTU_1287",0,1.77,1.42,0,0,0,0,0
"OTU_1288",0,10.18,3.9,0,0,0,0.54,0
"OTU_1289",0,11.64,9.01,0,0,0,0.93,0
"OTU_1290",0,4.36,4.03,0,0,0,0,0
"OTU_1291",0,0.9,0,0,0,0,0,0
"OTU_1292",0,0.66,0,0,0,0,0,0
"OTU_1293",0,2.29,0,0,0,0,0,0
"OTU_1294",0,0.54,0,0,0,0,0,0
"OTU_1295",0,3.77,3.45,0,0,0,0,0
"OTU_1296",0,2.86,3.19,0,0,0,0,0
"OTU_1297",0,1.58,3.32,0,0,0,0,0
"OTU_1298",0,0.67,0.62,0,0,0,0,0
"OTU_1299",0,4.33,2.73,0,0,0,0,0
"OTU_1300",0,1.69,11.85,0.53,2.59,0,0.92,0
"OTU_1301",0,63.7,0,0,0,0,0,0
"OTU_1302",0,13.61,0,0,0,0,0,0
"OTU_1303",0,21.5,3.17,0,28.88,0,0,0
"OTU_1304",0,8.04,0,0,0,0,0,0
"OTU_1305",0,8.95,0,0,0,0,0,0
"OTU_1306",0,8.11,0,0,0,0,0,0
"OTU_1307",0,6.67,0,0,0,0,0,0
"OTU_1308",0,2.35,0,0,0,0,0,0
"OTU_1309",0,0.63,0,0,0,0,0,0
"OTU_1310",0,39.13,0,0,0,83.54,0,0
"OTU_1311",0,0.66,0,0,0,0,0,0
"OTU_1312",0,1.76,0,0,0,0,0,0
"OTU_1313",0,0.74,0,0,0,0,1.07,0
"OTU_1314",0,0.89,0,0,0,0,0,0
"OTU_1315",0,0.96,0,0,0,0,0,0
"OTU_1316",0,0.46,0,0,0,0,0,0
"OTU_1317",0,0.79,4.88,0,0,0,159.21,0
"OTU_1318",0,0.66,0,0,0,0,0,0
"OTU_1319",0,0.64,0,0,0,0,0,0
"OTU_1320",0,0.52,0,0,0,0,0,0
"OTU_1321",0,4.46,0,0,0,154.68,0,0
"OTU_1322",0,4.01,0,5.05,0,0,0,0
"OTU_1323",0,1.43,0,0,0,0,0,0
"OTU_1324",0,93.6,20.76,0,0,0,0,0
"OTU_1325",0,1.34,0,0,0,0,0,0
"OTU_1326",0,11.34,0,0,0,0,0,0
"OTU_1327",0,4.54,0,0,0,0,0,0
"OTU_1328",0,2.66,0,0,0,0,0,0
"OTU_1329",0,44.35,0,0,0,2189.34,0,0
"OTU_1330",0,9.59,0,0,0,0,0,0
"OTU_1331",0,4.19,0,0,0,0,0,0
"OTU_1332",0,0.52,0,0,0,0,0,0
"OTU_1333",0,16.87,0,0,0,0,0,0
"OTU_1334",0,5.52,0,0,0,0,0,0
"OTU_1335",0,0.53,0,0,0,0,0,0
"OTU_1336",0,5.96,0,0,0,0,0,0
"OTU_1337",0,1.02,0,0,0,0,0,0
"OTU_1338",0,26.26,0,0,0,0,0,0
"OTU_1339",0,0.93,0,0,0,0,0,0
"OTU_1340",0,2.68,0,0,0,0,0,0
"OTU_1341",0,0.93,0,0,0,0,0,0
"OTU_1342",0,3.33,0,0,0,0,0,0
"OTU_1343",0,11.67,0,0,0,0,0,0
"OTU_1344",0,2.15,0,0,0,0,0,0
"OTU_1345",0,2.03,0,0,0,0,0,0
"OTU_1346",0,12.15,24.44,0,0,0,0,0
"OTU_1347",0,1.71,0,0,0,0,0,0
"OTU_1348",0,0.44,0.64,0,0,0,1.9,0
"OTU_1349",0,6.34,0,0,0,0,0,0
"OTU_1350",0,0.6,0,0,0,0,0,0
"OTU_1351",0,6.18,0,0,0,59.24,0,0
"OTU_1352",0,2.32,0,0,0,0,0,0
"OTU_1353",0,1.62,0,0,0,0,0,0
"OTU_1354",0,0.86,0,0,0,0,0,0
"OTU_1355",0,2.83,0,0,0,0,0,0
"OTU_1356",0,3.39,0,1.03,0,0,0,0
"OTU_1357",0,0.69,0,0,0,0,0,0
"OTU_1358",0,0.72,0,0,0,0,0,0
"OTU_1359",0,0,0,0,0.06,0,0,0
"OTU_1360",0,0,0.2,0.25,0,0,0,0
"OTU_1361",0,0,0,0,0,0,0,0
"OTU_1362",0,0,0,0,0,0,0,0
"OTU_1363",0,0,0,0,0,0,0,0
"OTU_1364",0,0,0,0,0,0,0,0
"OTU_1365",0,0,0.13,0,1.15,0,0,0.13
"OTU_1366",0,0,0,0,0,0,0,0
"OTU_1367",0,0,0.26,1.02,0.39,0,0,0
"OTU_1368",0,0,0.32,0,0.96,0,0,0
"OTU_1369",0,0,0,0,0,0,0,0
"OTU_1370",0,0,0,0,0,0,0,0
"OTU_1371",0,0,0,0,0,0,0,0
"OTU_1372",0,0,0.13,0,0,0,0,0
"OTU_1373",0,0,0,0,0,0,0,0
"OTU_1374",0,0,0,0,0,0,0,0
"OTU_1375",0,0,0.61,0,0.74,0,0,0
"OTU_1376",0,0,0,0,0,0,0,0
"OTU_1377",0,0,0,0,0,0,0,0
"OTU_1378",0,0,0.52,0,0,0,0,0
"OTU_1379",0,0,0,0,0,0,0,0
"OTU_1380",0,0,0.13,0,19.61,0,0,2.82
"OTU_1381",0,0,0,0,0,0,0,0
"OTU_1382",0,0,0.13,0.1,0,0,0,0
"OTU_1383",0,0,0,0,0,0,0,0
"OTU_1384",0,0,0,0,0,0,0,0
"OTU_1385",0,0,0,0,0,0,0,0
"OTU_1386",0,0,0,0,0,0,0,0
"OTU_1387",0,0,0,0,0,0,0,0
"OTU_1388",0,0,0,0.94,0.06,0,0.13,0
"OTU_1389",0,0,0,0.32,0,0,0,0
"OTU_1390",0,0,0,0,0,0,0,0
"OTU_1391",0,0,0,0,0,0,0,0
"OTU_1392",0,0,0,0,0,0,0,0
"OTU_1393",0,0,0.18,0,0.5,0,0,0
"OTU_1394",0,0,0.06,0,0,0,0.18,0
"OTU_1395",0,0,0.43,0,0,0,0,0
"OTU_1396",0,0,0.06,0,0.85,0,0,0
"OTU_1397",0,0,0,0,0,0,0,0
"OTU_1398",0,0,0,0,0,0,0,0
"OTU_1399",0,0,0.33,0,0,0,0,0
"OTU_1400",0,0,0,0,0,0,0,0
"OTU_1401",0,0,4.07,0,0,0,0.73,0
"OTU_1402",0,0,0.65,0,0,0,0,0
"OTU_1403",0,0,0.5,0,0,0,0,0
"OTU_1404",0,0,0.2,0,15.78,0,0,6.39
"OTU_1405",0,0,0.42,0,0,0,0,0
"OTU_1406",0,0,0.56,0,0,0,0,0
"OTU_1407",0,0,0,0,0,0,0,0
"OTU_1408",0,0,0.45,0.46,0,0,0,0
"OTU_1409",0,0,0.32,0,0,0,0,0
"OTU_1410",0,0,0,0,0,0,0,0
"OTU_1411",0,0,0,0,0,0,0,0
"OTU_1412",0,0,0.13,0.95,2.17,0,0,0.38
"OTU_1413",0,0,0.26,0,0,0,0,0
"OTU_1414",0,0,0.06,0,0,0,0,0
"OTU_1415",0,0,0.58,0,0,0,0,0
"OTU_1416",0,0,0.08,0,0,0,0,0
"OTU_1417",0,0,2.03,0,0,0,0,0
"OTU_1418",0,0,0.06,0,0,0,0,0
"OTU_1419",0,0,0.9,0,0,0,0,0
"OTU_1420",0,0,0.39,0,0.06,0,0.64,0
"OTU_1421",0,0,0,0,0,0,0,0
"OTU_1422",0,0,0,0,0,0,0,0
"OTU_1423",0,0,0.71,0,0,0,0,0
"OTU_1424",0,0,0,0,0,0,0,0
"OTU_1425",0,0,0.76,0,0,0,0,0
"OTU_1426",0,0,0.06,0,0,0,0,0
"OTU_1427",0,0,0,0,0,0,0,0
"OTU_1428",0,0,1.7,0,0,0,0,0
"OTU_1429",0,0,0.91,0,0,0,0,0
"OTU_1430",0,0,0.18,0,0.1,0,0,0
"OTU_1431",0,0,0.59,0,0,0,7.78,0
"OTU_1432",0,0,2.61,0,0,0,0.87,0
"OTU_1433",0,0,0.07,0,0,0,0,0
"OTU_1434",0,0,0.37,0.04,1.86,0,0,0
"OTU_1435",0,0,1.62,0,0.42,0,0,0
"OTU_1436",0,0,0.85,0,0,7.54,0,0
"OTU_1437",0,0,0,0,2,0,0.37,0
"OTU_1438",0,0,1.01,0,0.96,0,0.92,0
"OTU_1439",0,0,0.86,0,0,0,94.8,0
"OTU_1440",0,0,0.69,0,0,0,0.77,0
"OTU_1441",0,0,0.65,7.48,7.71,0,0,0
"OTU_1442",0,0,0.38,0,0,0,0,0
"OTU_1443",0,0,0,0,0,0,0,0
"OTU_1444",0,0,2.66,0,0,0,0,0
"OTU_1445",0,0,0.45,0,0,0,0,0
"OTU_1446",0,0,1.7,0,0,0,0,0
"OTU_1447",0,0,1.58,0,0,0,0,0
"OTU_1448",0,0,0.72,0,0,0,0.43,0
"OTU_1449",0,0,2.07,0,0,0,1.55,0
"OTU_1450",0,0,0.1,0,0,0,0.24,0
"OTU_1451",0,0,0.36,0,0,0,0,0
"OTU_1452",0,0,0.38,0,0,0,2.14,0
"OTU_1453",0,0,0.85,0,0,0,0.1,0
"OTU_1454",0,0,0.58,0,0,0,2.6,0
"OTU_1455",0,0,0.74,0,0,0,0,0
"OTU_1456",0,0,0,0,0,0,0,0
"OTU_1457",0,0,2.01,0,0,0,0.65,0
"OTU_1458",0,0,27.44,0,0,0,8.39,0
"OTU_1459",0,0,3.63,0,0,0,2.42,0
"OTU_1460",0,0,0.71,0,0,0,7.78,0
"OTU_1461",0,0,0.85,0.61,0,0,0,0
"OTU_1462",0,0,0.69,0,0,0,0,0
"OTU_1463",0,0,0.39,0,0,0,0,0
"OTU_1464",0,0,0.16,0,1.25,0,0,0
"OTU_1465",0,0,0.63,0,0,0,0,0
"OTU_1466",0,0,0.89,0,0,0,0,0
"OTU_1467",0,0,0.38,0,0,0,0,0
"OTU_1468",0,0,0.45,0,0,0,0,0
"OTU_1469",0,0,0.49,0,0,0,0,0
"OTU_1470",0,0,0.41,0,0,0,0,0
"OTU_1471",0,0,0.71,0,0,0,4.86,0
"OTU_1472",0,0,0.98,0,0,0,0,0
"OTU_1473",0,0,0.14,0,0,0,0,0
"OTU_1474",0,0,0.6,0,5.82,0,0,0.91
"OTU_1475",0,0,0.96,0,0,0,0,0
"OTU_1476",0,0,0.56,0,0,0,0,0
"OTU_1477",0,0,0.42,0,0,0,0,0
"OTU_1478",0,0,0.93,0,0,0,0,0
"OTU_1479",0,0,0.35,0,0,0,0,0
"OTU_1480",0,0,0.45,0,0,0,0,0
"OTU_1481",0,0,0.71,0,0,0,0,0
"OTU_1482",0,0,0.36,0,0,0,0,0
"OTU_1483",0,0,1.32,0,0,0,0,0
"OTU_1484",0,0,0.52,0,0,0,0,0
"OTU_1485",0,0,1.42,0,0,0,0,0
"OTU_1486",0,0,0.39,0,0,0,0,0
"OTU_1487",0,0,1.41,0,0,0,0,0
"OTU_1488",0,0,1.35,0,0,0,0,0
"OTU_1489",0,0,1.71,0,0.83,0,0,0
"OTU_1490",0,0,1.07,0,0.93,0,0,0
"OTU_1491",0,0,14.62,0,0,0,0,0
"OTU_1492",0,0,145.54,0,0,0,15.15,0
"OTU_1493",0,0,1.67,0,0,0,0,0
"OTU_1494",0,0,57.11,0,0,0,7.98,0
"OTU_1495",0,0,1.09,0,0,0,25.75,0
"OTU_1496",0,0,7.9,1.07,0,0,0.68,0
"OTU_1497",0,0,0.7,0,0,0,0,0
"OTU_1498",0,0,3.94,0,0,0,0,0
"OTU_1499",0,0,7.62,0,0,0,1.36,0
"OTU_1500",0,0,1.52,0,0,0,7.79,0
"OTU_1501",0,0,1.79,0,0,0,0,0
"OTU_1502",0,0,1.49,0,17.87,1.74,0,0
"OTU_1503",0,0,9.74,0,0.95,0,0,0
"OTU_1504",0,0,32.15,0,0,0,0.53,0
"OTU_1505",0,0,3.16,0,10.23,0,0,0
"OTU_1506",0,0,0.51,0,0,0,0,0
"OTU_1507",0,0,12.43,0,0,0,0,0
"OTU_1508",0,0,20.57,0,0,0,0,0
"OTU_1509",0,0,64.48,0,0,0,0,0
"OTU_1510",0,0,0.59,0,0,0,0,0
"OTU_1511",0,0,1.24,0,0,0,0,0
"OTU_1512",0,0,5.41,0,0,0,11.57,0
"OTU_1513",0,0,3.39,0,0,0,5.4,0
"OTU_1514",0,0,2.08,0,0,0,0,0
"OTU_1515",0,0,10.31,0,0,0,0,0
"OTU_1516",0,0,4.26,0,0,0,0,0
"OTU_1517",0,0,0.5,0,0,0,0,0
"OTU_1518",0,0,1.4,0,0,0,0,0
"OTU_1519",0,0,0.47,0,0,0,1.51,0
"OTU_1520",0,0,0.62,0,0,0,1.05,0
"OTU_1521",0,0,3.65,0,0,0,3.21,0
"OTU_1522",0,0,2.54,0,0,0,0,0
"OTU_1523",0,0,2.72,0,0,0,0,0
"OTU_1524",0,0,0.45,0,0,0,0,0
"OTU_1525",0,0,0.91,0,0,0,0,0
"OTU_1526",0,0,1.28,0,0,0,14.81,0
"OTU_1527",0,0,2.6,0,0,0,0,0
"OTU_1528",0,0,19.24,0,0,0,17.78,0
"OTU_1529",0,0,0.5,0,0,0,0,0
"OTU_1530",0,0,8.58,0,0,0,2.69,0
"OTU_1531",0,0,3.28,0,0,0,0.73,0
"OTU_1532",0,0,1.77,0,0,0,0,0
"OTU_1533",0,0,20.79,0,0,0,8.54,0
"OTU_1534",0,0,5.82,0,0,0,1.37,0
"OTU_1535",0,0,1.51,0,0,0,0,0
"OTU_1536",0,0,0.59,0,0,0,0,0
"OTU_1537",0,0,0.58,0,0,0,0,0
"OTU_1538",0,0,7.37,0,0,0,0,0
"OTU_1539",0,0,3.08,0,0,0,0,0
"OTU_1540",0,0,0.69,0,0,0,0,0
"OTU_1541",0,0,3.91,0,0,0,0,0
"OTU_1542",0,0,1.19,0,0,0,0,0
"OTU_1543",0,0,3.21,0,0,0,0,0
"OTU_1544",0,0,1.14,0,0,0,0,0
"OTU_1545",0,0,0.45,0,0,0,0,0
"OTU_1546",0,0,0.61,0,0,0,0,0
"OTU_1547",0,0,0.71,0,0,0,0,0
"OTU_1548",0,0,0.98,0,0,0,0,0
"OTU_1549",0,0,0,0.49,0,0,0,0
"OTU_1550",0,0,0,0.67,0,0,0,0.47
"OTU_1551",0,0,0,0,0,0,0,0
"OTU_1552",0,0,0,0,0,0,0,0
"OTU_1553",0,0,0,0,0,0,0,0
"OTU_1554",0,0,0,0,0,0,0,0
"OTU_1555",0,0,0,0,0,0,0,0
"OTU_1556",0,0,0,0,0,0,0,0
"OTU_1557",0,0,0,0,0,0,0,0
"OTU_1558",0,0,0,0,0,0,0,0
"OTU_1559",0,0,0,0,0,0,0,0
"OTU_1560",0,0,0,0,0,0,0,0
"OTU_1561",0,0,0,0,0,0,0,0
"OTU_1562",0,0,0,0.4,0,0,0,0
"OTU_1563",0,0,0,0.13,0,0,0,0
"OTU_1564",0,0,0,0,0,0,0,0
"OTU_1565",0,0,0,0,0,0,0,0
"OTU_1566",0,0,0,0.13,0,0,0,0
"OTU_1567",0,0,0,0.32,0,0,0,0
"OTU_1568",0,0,0,0,0,0,0,0
"OTU_1569",0,0,0,0.13,0,0,0,0
"OTU_1570",0,0,0,1.1,0,0,0,0.45
"OTU_1571",0,0,0,0.13,0,0,0,0
"OTU_1572",0,0,0,0.2,0,0,0,0
"OTU_1573",0,0,0,0.07,0,0,0,0
"OTU_1574",0,0,0,0,0,0,0,0
"OTU_1575",0,0,0,0,0,0,0,0
"OTU_1576",0,0,0,0,0,0,0,0
"OTU_1577",0,0,0,0.13,0,0,0,0
"OTU_1578",0,0,0,0,0,0,0,0
"OTU_1579",0,0,0,0,0,0,0,0
"OTU_1580",0,0,0,0,0,0,0,0
"OTU_1581",0,0,0,0,0,0,0,0
"OTU_1582",0,0,0,0.26,0,0,0,0
"OTU_1583",0,0,0,0,0,0,0,0
"OTU_1584",0,0,0,0,0,0,0,0
"OTU_1585",0,0,0,0,0,0,0,0
"OTU_1586",0,0,0,0,0,0,0,0
"OTU_1587",0,0,0,0,0,0,0,0
"OTU_1588",0,0,0,0,0,0,0,0
"OTU_1589",0,0,0,0.2,0,0,0,0
"OTU_1590",0,0,0,0,0,0,0,0
"OTU_1591",0,0,0,0.55,0,0,0,0
"OTU_1592",0,0,0,0.35,0,0,0,0
"OTU_1593",0,0,0,0,0,0,0,0
"OTU_1594",0,0,0,0,0,0,0,0
"OTU_1595",0,0,0,0.39,0,0,0,0
"OTU_1596",0,0,0,0.72,0,0,0,0
"OTU_1597",0,0,0,0,0,0,0,0
"OTU_1598",0,0,0,0,0,0,0,0
"OTU_1599",0,0,0,1.61,0,0,0,0
"OTU_1600",0,0,0,0,0,0,0,0
"OTU_1601",0,0,0,0.59,0,0,0,0
"OTU_1602",0,0,0,0,0,0,0,0
"OTU_1603",0,0,0,0,0,0,0,0
"OTU_1604",0,0,0,0,0,0,0,0
"OTU_1605",0,0,0,0,0,0,0,0
"OTU_1606",0,0,0,0,0,0,0,0
"OTU_1607",0,0,0,0,0,0,0,0
"OTU_1608",0,0,0,0,0,0,0,0
"OTU_1609",0,0,0,1.07,0,0,0,0
"OTU_1610",0,0,0,0.38,0,0,0,0
"OTU_1611",0,0,0,0.13,0,0,0,0
"OTU_1612",0,0,0,0,0,0,0,0
"OTU_1613",0,0,0,0.67,0,0,0,0
"OTU_1614",0,0,0,1.03,0,0,0,0
"OTU_1615",0,0,0,0.71,0,0,0,0
"OTU_1616",0,0,0,0,0,0,0,0
"OTU_1617",0,0,0,0.65,0,0,0,0
"OTU_1618",0,0,0,0,0,0,0,0
"OTU_1619",0,0,0,0,0,0,0,0
"OTU_1620",0,0,0,0.07,0,0,0,0
"OTU_1621",0,0,0,0.39,0,0,0,0
"OTU_1622",0,0,0,0.45,0,0,0,0
"OTU_1623",0,0,0,0,0,0,0,0
"OTU_1624",0,0,0,0.2,0,0,0,0
"OTU_1625",0,0,0,0.39,0,0,0,0
"OTU_1626",0,0,0,0,0,0,0,0
"OTU_1627",0,0,0,0.73,0,0,0,0
"OTU_1628",0,0,0,0,0,0,0,0
"OTU_1629",0,0,0,0.66,0,0,0,0
"OTU_1630",0,0,0,0,0,0,0,0
"OTU_1631",0,0,0,0.47,0,0,0,0
"OTU_1632",0,0,0,0.93,0,0,0,0
"OTU_1633",0,0,0,0,0,0,0,0
"OTU_1634",0,0,0,0.77,0,0,0,0
"OTU_1635",0,0,0,0.49,0,0,0,0
"OTU_1636",0,0,0,0.15,0,0,0,0
"OTU_1637",0,0,0,0.25,0,0,0,0
"OTU_1638",0,0,0,0,0,0,0,0
"OTU_1639",0,0,0,0.2,0,0,0,0
"OTU_1640",0,0,0,0.48,0,0,0,0
"OTU_1641",0,0,0,0.45,0,0,0,0
"OTU_1642",0,0,0,0.92,0,0,0,0
"OTU_1643",0,0,0,0,0,0,0,0
"OTU_1644",0,0,0,0,0,0,0,0
"OTU_1645",0,0,0,0,0,0,0,0
"OTU_1646",0,0,0,0,0,0,0,0
"OTU_1647",0,0,0,0,0,0,0,0
"OTU_1648",0,0,0,0,0,0,0,0
"OTU_1649",0,0,0,0,0,0,0,0
"OTU_1650",0,0,0,0,0,0,0,0
"OTU_1651",0,0,0,0.63,0,0,0,0
"OTU_1652",0,0,0,0.38,0,0,0,0
"OTU_1653",0,0,0,0,0,0,0,0
"OTU_1654",0,0,0,0.95,0,0,0,0
"OTU_1655",0,0,0,0.41,0,0,0,0
"OTU_1656",0,0,0,0.53,0,0,0,0
"OTU_1657",0,0,0,0.38,0,0,0,0
"OTU_1658",0,0,0,2.65,0,0,0,0
"OTU_1659",0,0,0,1.33,0,0,0,0
"OTU_1660",0,0,0,0.21,0,0,0,0
"OTU_1661",0,0,0,0,0,0,0,0
"OTU_1662",0,0,0,0,0,0,0,0
"OTU_1663",0,0,0,0.32,0,0,0,0
"OTU_1664",0,0,0,0,0,0,0,0
"OTU_1665",0,0,0,0,0,0,0,0
"OTU_1666",0,0,0,1.51,0,0,0,0
"OTU_1667",0,0,0,0,0,0,0,0
"OTU_1668",0,0,0,0.72,0,0,0,0
"OTU_1669",0,0,0,0.14,0,0,0,0
"OTU_1670",0,0,0,0.39,0,0,0,0
"OTU_1671",0,0,0,0,0,0,0,0
"OTU_1672",0,0,0,2.68,0,0,0,0
"OTU_1673",0,0,0,3.25,0,0,0,0
"OTU_1674",0,0,0,0.08,0,0,0,0
"OTU_1675",0,0,0,8.46,0,0,0,0
"OTU_1676",0,0,0,0.3,0,0,0,0
"OTU_1677",0,0,0,0,0,0,0,0
"OTU_1678",0,0,0,0,0,0,0,0
"OTU_1679",0,0,0,0.93,0,0,0,0
"OTU_1680",0,0,0,0.69,0,0,0,0
"OTU_1681",0,0,0,0.93,0,0,0,0
"OTU_1682",0,0,0,0.58,0,0,0,0
"OTU_1683",0,0,0,0,0,0,0,0
"OTU_1684",0,0,0,1.16,0,0,0,0
"OTU_1685",0,0,0,1.14,0,0,0,0
"OTU_1686",0,0,0,5.16,0,0,0,0
"OTU_1687",0,0,0,0.61,0,0,0,0
"OTU_1688",0,0,0,0,0,0,0,0
"OTU_1689",0,0,0,1.91,0,0,0,0
"OTU_1690",0,0,0,0.41,0,0,0,0
"OTU_1691",0,0,0,0.52,0,0,0,0
"OTU_1692",0,0,0,0.9,0,0,0,0
"OTU_1693",0,0,0,0.08,0,0,0,0
"OTU_1694",0,0,0,0.15,0,0,0,0
"OTU_1695",0,0,0,0.62,0,0,0,0
"OTU_1696",0,0,0,1.08,0,0,0,0
"OTU_1697",0,0,0,0,0,0,0,0
"OTU_1698",0,0,0,0,0,0,0,0
"OTU_1699",0,0,0,0,0,0,0,0
"OTU_1700",0,0,0,0,0,0,0,0
"OTU_1701",0,0,0,0,0,0,0,0
"OTU_1702",0,0,0,0.35,0,0,0,0
"OTU_1703",0,0,0,0,0,0,0,0
"OTU_1704",0,0,0,0,0,0,0,0
"OTU_1705",0,0,0,0.45,0,0,0,0
"OTU_1706",0,0,0,1.32,0,0,0,0
"OTU_1707",0,0,0,0.32,0,0,0,0
"OTU_1708",0,0,0,1.83,0,0,0,0
"OTU_1709",0,0,0,0,0,0,0,0
"OTU_1710",0,0,0,0,0,0,0,0
"OTU_1711",0,0,0,0,0,0,0,0
"OTU_1712",0,0,0,0,0,0,0,0
"OTU_1713",0,0,0,4.34,0,0,0,0
"OTU_1714",0,0,0,1.09,0,0,0,0
"OTU_1715",0,0,0,0.66,0,0,0,0
"OTU_1716",0,0,0,1.13,0,0,0,0
"OTU_1717",0,0,0,0.45,0,0,0,0
"OTU_1718",0,0,0,0,0,0,0,0
"OTU_1719",0,0,0,0,0,0,0,0
"OTU_1720",0,0,0,0.22,0.4,0,0,0
"OTU_1721",0,0,0,1.05,0.89,0,0,0
"OTU_1722",0,0,0,0,0,0,0,0
"OTU_1723",0,0,0,0,0,0,0,0
"OTU_1724",0,0,0,0.39,0,0,0,0
"OTU_1725",0,0,0,0.45,0,0,0,0
"OTU_1726",0,0,0,0,0,0,0,0
"OTU_1727",0,0,0,0.09,0,0,0,0
"OTU_1728",0,0,0,0,0,0,0,0
"OTU_1729",0,0,0,0.84,0,0,0,0
"OTU_1730",0,0,0,0,0,0,0,0
"OTU_1731",0,0,0,0.67,0,0,0,0
"OTU_1732",0,0,0,0,0,0,0,0
"OTU_1733",0,0,0,0.45,0,0,0,0
"OTU_1734",0,0,0,0.32,0,0,0,0
"OTU_1735",0,0,0,0,0,0,0,0
"OTU_1736",0,0,0,0.6,0,0,0,0
"OTU_1737",0,0,0,0,0,0,0,0
"OTU_1738",0,0,0,0,0,0,0,0
"OTU_1739",0,0,0,1.55,0,0,0,0
"OTU_1740",0,0,0,0,0,0,0,0
"OTU_1741",0,0,0,2.79,0,0,0,0
"OTU_1742",0,0,0,1.08,0,0,0,0
"OTU_1743",0,0,0,2.81,0,0,0,0
"OTU_1744",0,0,0,0.29,0,0,0,0
"OTU_1745",0,0,0,0.91,0,0,0,0
"OTU_1746",0,0,0,1.57,0,0,0,0
"OTU_1747",0,0,0,0.15,0,0,0,0
"OTU_1748",0,0,0,0.42,0,0,0,0
"OTU_1749",0,0,0,0.39,0,0,0,0
"OTU_1750",0,0,0,0.56,0,0,0,0
"OTU_1751",0,0,0,0.76,0,0,0,0
"OTU_1752",0,0,0,0,0,0,0,0
"OTU_1753",0,0,0,0.67,0,0,0,0
"OTU_1754",0,0,0,2.63,0,0,0,0
"OTU_1755",0,0,0,0,0,0,0,0
"OTU_1756",0,0,0,1.1,0,0,0,0
"OTU_1757",0,0,0,0.45,0,0,0,0
"OTU_1758",0,0,0,0,0,0,0,0
"OTU_1759",0,0,0,0.15,0,0,0,0
"OTU_1760",0,0,0,0.61,0,0,0,0
"OTU_1761",0,0,0,0.42,0,0,0,0
"OTU_1762",0,0,0,0.98,0,0,0,0
"OTU_1763",0,0,0,1.19,0,0,0,0
"OTU_1764",0,0,0,1.36,0,0,0,0
"OTU_1765",0,0,0,0.65,0,0,0,0
"OTU_1766",0,0,0,2.49,0,0,0,0
"OTU_1767",0,0,0,0.48,0,0,0,0
"OTU_1768",0,0,0,3.97,0,0,0,0
"OTU_1769",0,0,0,1.27,0,0,0,0
"OTU_1770",0,0,0,0.78,0,0,0,0
"OTU_1771",0,0,0,1.65,0,0,0,0
"OTU_1772",0,0,0,4.54,0,0,0,0
"OTU_1773",0,0,0,8.28,0,0,0,0
"OTU_1774",0,0,0,1.67,0,0,0,0
"OTU_1775",0,0,0,3.78,0,0,0,0
"OTU_1776",0,0,0,0.75,0,0,0,0
"OTU_1777",0,0,0,0.36,0,0,0,0
"OTU_1778",0,0,0,4.41,0,0,0,0
"OTU_1779",0,0,0,7.78,0,0,0,0
"OTU_1780",0,0,0,0.04,0,0,0,0
"OTU_1781",0,0,0,1.17,0,0,0,0
"OTU_1782",0,0,0,1.01,0,0,0,0
"OTU_1783",0,0,0,0.47,0,0,0,0
"OTU_1784",0,0,0,0.52,0,0,0,0
"OTU_1785",0,0,0,0.43,0,0,0,0
"OTU_1786",0,0,0,0.86,0,0,0,0
"OTU_1787",0,0,0,1.72,0,0,0,0
"OTU_1788",0,0,0,0.4,0,0,0,0
"OTU_1789",0,0,0,0.13,0,0,0,0
"OTU_1790",0,0,0,2.93,0,0,0,0
"OTU_1791",0,0,0,2.56,0,0,0,0
"OTU_1792",0,0,0,0.54,0,0,0,0
"OTU_1793",0,0,0,1.08,0,0,0,0
"OTU_1794",0,0,0,2.76,0,0,0,0
"OTU_1795",0,0,0,0.41,0,0,0,0
"OTU_1796",0,0,0,0.69,0,0,0,0
"OTU_1797",0,0,0,0.69,0,0,0,0
"OTU_1798",0,0,0,2.19,0,0,0,0
"OTU_1799",0,0,0,1.12,0,0,0,0
"OTU_1800",0,0,0,2.12,0,0,0,0
"OTU_1801",0,0,0,0.63,0,0,0,0
"OTU_1802",0,0,0,0.67,0,0,0,0
"OTU_1803",0,0,0,0.63,0,0,0,0
"OTU_1804",0,0,0,0,0,0,0,0
"OTU_1805",0,0,0,0.58,0,0,0,0
"OTU_1806",0,0,0,0.18,0,0,0,0
"OTU_1807",0,0,0,0,0,0,0,0
"OTU_1808",0,0,0,1.81,0,0,0,0
"OTU_1809",0,0,0,0.65,0,0,0,0
"OTU_1810",0,0,0,4.58,0,0,0,0
"OTU_1811",0,0,0,3.11,0,0,0,0
"OTU_1812",0,0,0,0,0,0,0,0
"OTU_1813",0,0,0,0,0,0,0,0
"OTU_1814",0,0,0,0.13,0,0,0,0
"OTU_1815",0,0,0,0.46,0,0,0,0
"OTU_1816",0,0,0,1.04,0,0,0,0
"OTU_1817",0,0,0,2.91,0,0,0,0
"OTU_1818",0,0,0,9.71,0,0,0,0
"OTU_1819",0,0,0,0.46,0,0,0,0
"OTU_1820",0,0,0,0,0,0,0,0
"OTU_1821",0,0,0,2.19,0,0,0,0
"OTU_1822",0,0,0,0.61,0,0,0,0
"OTU_1823",0,0,0,0.89,0,0,0,0
"OTU_1824",0,0,0,5.24,0,0,0,0
"OTU_1825",0,0,0,4.48,0,0,0,0
"OTU_1826",0,0,0,0.48,0,0,0,0
"OTU_1827",0,0,0,2.14,0,0,0,0
"OTU_1828",0,0,0,3.06,0,0,0,0
"OTU_1829",0,0,0,1.56,0,0,0,0
"OTU_1830",0,0,0,5.29,0,0,0,0
"OTU_1831",0,0,0,0.69,0,0,0,0
"OTU_1832",0,0,0,0.62,0,0,0,0
"OTU_1833",0,0,0,1.11,0,0,0,0
"OTU_1834",0,0,0,0.6,0,0,0,0
"OTU_1835",0,0,0,1.03,0,0,0,0
"OTU_1836",0,0,0,1.77,0,0,0,0
"OTU_1837",0,0,0,0.74,0,0,0,0
"OTU_1838",0,0,0,1.28,0,0,0,0
"OTU_1839",0,0,0,2.59,0,0,0,0
"OTU_1840",0,0,0,0.55,0,0,0,0
"OTU_1841",0,0,0,1.13,0,0,0,0
"OTU_1842",0,0,0,0.53,0,0,0,0
"OTU_1843",0,0,0,0.94,0,0,0,0
"OTU_1844",0,0,0,0.78,0,0,0,0
"OTU_1845",0,0,0,9.76,0,0,0,0
"OTU_1846",0,0,0,0.58,0,0,0,0
"OTU_1847",0,0,0,1.1,0,0,0,0
"OTU_1848",0,0,0,1.66,0,0,0,0
"OTU_1849",0,0,0,0.41,0,0,0,0
"OTU_1850",0,0,0,1.4,0,0,0,0
"OTU_1851",0,0,0,1.11,0,0,0,0
"OTU_1852",0,0,0,0.45,0,0,0,0
"OTU_1853",0,0,0,0.74,0,0,0,0
"OTU_1854",0,0,0,0.38,0,0,0,0
"OTU_1855",0,0,0,0,0,0,0,0
"OTU_1856",0,0,0,0.65,0,0,0,0
"OTU_1857",0,0,0,0.12,0,0,0,0
"OTU_1858",0,0,0,0.2,0,0,0,0
"OTU_1859",0,0,0,0.4,0,0,0,0
"OTU_1860",0,0,0,0,0,0,0,0
"OTU_1861",0,0,0,0.38,0,0,0,0
"OTU_1862",0,0,0,0.14,0,0,0,0
"OTU_1863",0,0,0,0.5,0,0,0,0
"OTU_1864",0,0,0,0.56,0,0,0,0
"OTU_1865",0,0,0,0.42,0,0,0,0
"OTU_1866",0,0,0,1.09,0,0,0,0
"OTU_1867",0,0,0,1.95,0,0,0,0
"OTU_1868",0,0,0,2.24,0,0,0,0
"OTU_1869",0,0,0,1.41,0,0,0,0
"OTU_1870",0,0,0,0.69,0,0,0,0
"OTU_1871",0,0,0,0.45,0,0,0,0
"OTU_1872",0,0,0,1.31,0,0,0,0
"OTU_1873",0,0,0,0.55,0,0,0,0
"OTU_1874",0,0,0,0.98,0,0,0,0
"OTU_1875",0,0,0,0.46,0,0,0,0
"OTU_1876",0,0,0,1.82,0,0,0,0
"OTU_1877",0,0,0,0.51,0,0,0,0
"OTU_1878",0,0,0,0.53,0,0,0,0
"OTU_1879",0,0,0,1.23,0,0,0,0
"OTU_1880",0,0,0,0.67,0,0,0,0
"OTU_1881",0,0,0,0.63,0,0,0,0
"OTU_1882",0,0,0,0.88,0,0,0,0
"OTU_1883",0,0,0,0.39,0,0,0,0
"OTU_1884",0,0,0,0,0,0,0,0
"OTU_1885",0,0,0,0.7,0,0,0,0
"OTU_1886",0,0,0,0.77,0,0,0,0
"OTU_1887",0,0,0,1.48,0,0,0,0
"OTU_1888",0,0,0,0.58,0,0,0,0
"OTU_1889",0,0,0,1.87,0,0,0,0
"OTU_1890",0,0,0,2.3,0,0,0,0
"OTU_1891",0,0,0,0,0,0,0,0
"OTU_1892",0,0,0,7.34,0,0,0,0
"OTU_1893",0,0,0,0.84,0,0,0,0
"OTU_1894",0,0,0,0.39,0,0,0,0
"OTU_1895",0,0,0,0,0,0,0,0
"OTU_1896",0,0,0,0,0,0,0,0
"OTU_1897",0,0,0,0,0,0,0,0
"OTU_1898",0,0,0,0.47,0,0,0,0
"OTU_1899",0,0,0,8.19,0,0,0,0
"OTU_1900",0,0,0,0.92,0,0,0,0
"OTU_1901",0,0,0,2.11,0,0,0,0
"OTU_1902",0,0,0,0.7,0,0,0,0
"OTU_1903",0,0,0,0,0,0,0,0
"OTU_1904",0,0,0,0.39,0,0,0,0
"OTU_1905",0,0,0,0.61,0,0,0,0
"OTU_1906",0,0,0,0.59,0,0,0,0
"OTU_1907",0,0,0,0.96,0,0,0,0
"OTU_1908",0,0,0,16.04,0,0,0,0
"OTU_1909",0,0,0,0.36,0,0,0,0
"OTU_1910",0,0,0,1.01,0,0,0,0
"OTU_1911",0,0,0,10.7,0,0,0,0
"OTU_1912",0,0,0,1.36,0,0,0,0
"OTU_1913",0,0,0,0.49,0,0,0,0
"OTU_1914",0,0,0,1.18,0,0,0,0
"OTU_1915",0,0,0,0.63,0,0,0,0
"OTU_1916",0,0,0,0.71,0,0,0,0
"OTU_1917",0,0,0,1.11,0,0,0,0
"OTU_1918",0,0,0,4.49,0,0,0,0
"OTU_1919",0,0,0,0,0,0,0,0
"OTU_1920",0,0,0,1.67,0,0,0,0
"OTU_1921",0,0,0,1.16,0,0,0,0
"OTU_1922",0,0,0,2.78,0,0,0,0
"OTU_1923",0,0,0,1.05,0,0,0,0
"OTU_1924",0,0,0,0.53,0,0,0,0
"OTU_1925",0,0,0,0.51,0,0,0,0
"OTU_1926",0,0,0,0.41,0,0,0,0
"OTU_1927",0,0,0,0.43,0,0,0,0
"OTU_1928",0,0,0,0.52,0,0,0,0
"OTU_1929",0,0,0,0.64,0,0,0,0
"OTU_1930",0,0,0,0.38,0,0,0,0
"OTU_1931",0,0,0,0.38,0,0,0,0
"OTU_1932",0,0,0,0.59,0,0,0,0
"OTU_1933",0,0,0,5.59,0,0,0,0
"OTU_1934",0,0,0,0.53,0,0,0,0
"OTU_1935",0,0,0,0,0,0,0,0
"OTU_1936",0,0,0,3.74,0,0,0,0
"OTU_1937",0,0,0,0.41,0,0,0,0
"OTU_1938",0,0,0,0.45,0,0,0,0
"OTU_1939",0,0,0,1.81,0,0,0,0
"OTU_1940",0,0,0,0,0,0,0,0
"OTU_1941",0,0,0,1.32,0,0,0,0
"OTU_1942",0,0,0,3.05,0,0,0,0
"OTU_1943",0,0,0,1.33,0,0,0,0
"OTU_1944",0,0,0,0.63,0,0,0,0
"OTU_1945",0,0,0,0.37,0,0,0,0
"OTU_1946",0,0,0,1.31,0,0,0,0
"OTU_1947",0,0,0,0.47,0,0,0,0
"OTU_1948",0,0,0,0.83,0,0,0,0
"OTU_1949",0,0,0,1.34,0,0,0,0
"OTU_1950",0,0,0,0.45,0,0,0,0
"OTU_1951",0,0,0,0.36,0,0,0,0
"OTU_1952",0,0,0,0.4,0,0,0,0
"OTU_1953",0,0,0,3.71,0,0,0,0
"OTU_1954",0,0,0,4.44,0,0,0,0
"OTU_1955",0,0,0,2.22,0,0,0,0
"OTU_1956",0,0,0,0.36,0,0,0,0
"OTU_1957",0,0,0,1.9,0,0,0,0
"OTU_1958",0,0,0,10.78,0,0,0,0
"OTU_1959",0,0,0,0.45,0,0,0,0
"OTU_1960",0,0,0,0.17,0,0,0,0
"OTU_1961",0,0,0,1.1,0,0,0,0
"OTU_1962",0,0,0,0.61,0,0,0,0
"OTU_1963",0,0,0,0.61,0,0,0,0
"OTU_1964",0,0,0,0,0,0,0,0
"OTU_1965",0,0,0,0.79,0,0,0,0
"OTU_1966",0,0,0,0.52,0,0,0,0
"OTU_1967",0,0,0,0,0,0,0,0
"OTU_1968",0,0,0,0.97,0,0,0,0
"OTU_1969",0,0,0,0.04,0,0,0,0
"OTU_1970",0,0,0,0.37,0,0,0,0
"OTU_1971",0,0,0,0.48,0,0,0,0
"OTU_1972",0,0,0,0.47,0,0,0,0
"OTU_1973",0,0,0,0.64,0,0,0,0
"OTU_1974",0,0,0,2.66,0,0,0,0
"OTU_1975",0,0,0,2.48,0,0,0,0
"OTU_1976",0,0,0,1.95,0,0,0,0
"OTU_1977",0,0,0,0.55,0,0,0,0
"OTU_1978",0,0,0,3.12,0,0,0,0
"OTU_1979",0,0,0,0.43,0,0,0,0
"OTU_1980",0,0,0,0.69,0,0,0,0
"OTU_1981",0,0,0,3.45,0,0,0,0
"OTU_1982",0,0,0,0.41,0,0,0,0
"OTU_1983",0,0,0,2.78,0,0,0,0
"OTU_1984",0,0,0,0.39,0,0,0,0
"OTU_1985",0,0,0,0,0,0,0,0
"OTU_1986",0,0,0,0.39,0,0,0,0
"OTU_1987",0,0,0,0.08,0,0,0,0
"OTU_1988",0,0,0,3.93,0,0,0,0
"OTU_1989",0,0,0,1.77,0,0,0,0
"OTU_1990",0,0,0,0.45,0,0,0,0
"OTU_1991",0,0,0,0.64,0,0,0,0
"OTU_1992",0,0,0,0.64,0,0,0,0
"OTU_1993",0,0,0,0.92,0,0,0,0
"OTU_1994",0,0,0,0.54,0,0,0,0
"OTU_1995",0,0,0,1.93,0,0,0,0
"OTU_1996",0,0,0,1.77,0,0,0,0
"OTU_1997",0,0,0,1.39,0,0,0,0
"OTU_1998",0,0,0,1.77,0,0,0,0
"OTU_1999",0,0,0,1.22,0,0,0,0
"OTU_2000",0,0,0,4.37,0,0,0,0
"OTU_2001",0,0,0,0.64,0,0,0,0
"OTU_2002",0,0,0,2.62,0,0,0,0
"OTU_2003",0,0,0,1.63,0,0,0,0
"OTU_2004",0,0,0,0.38,0,0,0,0
"OTU_2005",0,0,0,0.65,0,0,0,0
"OTU_2006",0,0,0,0,0,0,0,0
"OTU_2007",0,0,0,1,0,0,0,0
"OTU_2008",0,0,0,0.5,0,0,0,0
"OTU_2009",0,0,0,0.38,0,0,0,0
"OTU_2010",0,0,0,0.46,0,0,0,0
"OTU_2011",0,0,0,0.42,0,0,0,0
"OTU_2012",0,0,0,0.66,0,0,0,0
"OTU_2013",0,0,0,0,0,0,0,0
"OTU_2014",0,0,0,0.8,0,0,0,0.78
"OTU_2015",0,0,0,0.45,0,0,0,0
"OTU_2016",0,0,0,0.64,0,0,0,0
"OTU_2017",0,0,0,0.52,0,0,0,0
"OTU_2018",0,0,0,0,0,0,0,0
"OTU_2019",0,0,0,0.63,0,0,0,0
"OTU_2020",0,0,0,0.57,0,0,0,0
"OTU_2021",0,0,0,0,0,0,0,0
"OTU_2022",0,0,0,1.64,0,0,0,0
"OTU_2023",0,0,0,0.84,0,0,0,0
"OTU_2024",0,0,0,0.45,0,0,0,0
"OTU_2025",0,0,0,0.43,0,0,0,0
"OTU_2026",0,0,0,0.45,0,0,0,0
"OTU_2027",0,0,0,0.58,0,0,0,0
"OTU_2028",0,0,0,0.52,0,0,0,0
"OTU_2029",0,0,0,0.65,0,0,0,0
"OTU_2030",0,0,0,0.91,0,0,0,0
"OTU_2031",0,0,0,0.38,0,0,0,0
"OTU_2032",0,0,0,0.37,0,0,0,0
"OTU_2033",0,0,0,0.39,0,0,0,0
"OTU_2034",0,0,0,0.09,0,0,0,0
"OTU_2035",0,0,0,3.37,0,0,0,0
"OTU_2036",0,0,0,6.88,0,0,0,0
"OTU_2037",0,0,0,0.97,0,0,0,0
"OTU_2038",0,0,0,2.19,0,0,0,0
"OTU_2039",0,0,0,3.02,0,0,0,0
"OTU_2040",0,0,0,3.45,0,0,0,0
"OTU_2041",0,0,0,17.1,0,0,0,0
"OTU_2042",0,0,0,103.16,0,0,0,0
"OTU_2043",0,0,0,1.97,0,0,0,0
"OTU_2044",0,0,0,9.78,0,0,0,0
"OTU_2045",0,0,0,2.13,0,0,0,0
"OTU_2046",0,0,0,1.96,0,0,0,0
"OTU_2047",0,0,0,4.82,0,0,0,0
"OTU_2048",0,0,0,1.54,0,0,0,0
"OTU_2049",0,0,0,4.88,0,0,0,0
"OTU_2050",0,0,0,1.35,0,0,0,0
"OTU_2051",0,0,0,2.41,0,0,0,0
"OTU_2052",0,0,0,2.36,0,0,0,0
"OTU_2053",0,0,0,2.35,0,0,0,0
"OTU_2054",0,0,0,4.72,0,0,0,0
"OTU_2055",0,0,0,35.3,0,0,0,0
"OTU_2056",0,0,0,1.99,0,0,0,0
"OTU_2057",0,0,0,2.32,0,0,0,0
"OTU_2058",0,0,0,10.85,0,0,0,0
"OTU_2059",0,0,0,6.8,0,0,0,0
"OTU_2060",0,0,0,7.28,0,0,0,0
"OTU_2061",0,0,0,3.18,0,0,0,0
"OTU_2062",0,0,0,8.75,0,0,0,0
"OTU_2063",0,0,0,3.33,0,0,0,0
"OTU_2064",0,0,0,5.16,0,0,0,0
"OTU_2065",0,0,0,3.57,0,0,0,0
"OTU_2066",0,0,0,4,0,0,0,0
"OTU_2067",0,0,0,2.68,0,0,0,0
"OTU_2068",0,0,0,3.72,0,0,0,0
"OTU_2069",0,0,0,0.7,0,0,0,0
"OTU_2070",0,0,0,40.28,0,0,0,0
"OTU_2071",0,0,0,12.08,0,0,0,0
"OTU_2072",0,0,0,5.94,0,0,0,0
"OTU_2073",0,0,0,2.39,0,0,0,0
"OTU_2074",0,0,0,3.37,0,0,0,0
"OTU_2075",0,0,0,13,0,0,0,0
"OTU_2076",0,0,0,11.11,0,0,0,0
"OTU_2077",0,0,0,11.33,0,0,0,0
"OTU_2078",0,0,0,2.74,0,0,0,0
"OTU_2079",0,0,0,3.88,0,0,0,0
"OTU_2080",0,0,0,1.23,0,0,0,0
"OTU_2081",0,0,0,2.97,0,0,0,0
"OTU_2082",0,0,0,10.35,0,0,0,0
"OTU_2083",0,0,0,3.82,0,0,0,0
"OTU_2084",0,0,0,5.5,0,0,0,0
"OTU_2085",0,0,0,0.61,0,0,0,0
"OTU_2086",0,0,0,1.94,0,0,0,0
"OTU_2087",0,0,0,21.86,0,0,0,0
"OTU_2088",0,0,0,25.67,0,0,0,0
"OTU_2089",0,0,0,21.49,0,0,0,0
"OTU_2090",0,0,0,3.12,0,0,0,0
"OTU_2091",0,0,0,2.4,0,0,0,0
"OTU_2092",0,0,0,2.12,0,0,0,0
"OTU_2093",0,0,0,2.43,0,0,0,0
"OTU_2094",0,0,0,3.85,0,0,0,0
"OTU_2095",0,0,0,3.11,0,0,0,0
"OTU_2096",0,0,0,2.93,0,0,0,0
"OTU_2097",0,0,0,5.38,0,0,0,0
"OTU_2098",0,0,0,1.07,0,0,0,0
"OTU_2099",0,0,0,2.05,0,0,0,0
"OTU_2100",0,0,0,3.65,0,0,0,0
"OTU_2101",0,0,0,2.71,0,0,0,0
"OTU_2102",0,0,0,3.18,0,0,0,0
"OTU_2103",0,0,0,0.76,0,0,0,0
"OTU_2104",0,0,0,18.85,0,0,0,0
"OTU_2105",0,0,0,2.77,0,0,0,0
"OTU_2106",0,0,0,6.98,0,0,0,0
"OTU_2107",0,0,0,9.34,0,0,0,0
"OTU_2108",0,0,0,2.15,0,0,0,0
"OTU_2109",0,0,0,13.88,0,0,0,0
"OTU_2110",0,0,0,11.88,0,0,0,0
"OTU_2111",0,0,0,4.24,0,0,0,0
"OTU_2112",0,0,0,2.64,0,0,0,0
"OTU_2113",0,0,0,1.13,0,0,0,0
"OTU_2114",0,0,0,7.06,0,0,0,0
"OTU_2115",0,0,0,3.78,0,0,0,0
"OTU_2116",0,0,0,0.58,0,0,0,0
"OTU_2117",0,0,0,1.37,0,0,0,0
"OTU_2118",0,0,0,1.09,0,0,0,0
"OTU_2119",0,0,0,27.97,0,0,0,0
"OTU_2120",0,0,0,6.78,0,0,0,0
"OTU_2121",0,0,0,9.89,0,0,0,0
"OTU_2122",0,0,0,1.07,0,0,0,0
"OTU_2123",0,0,0,4.99,0,0,0,0
"OTU_2124",0,0,0,2.93,0,0,0,0
"OTU_2125",0,0,0,0,0,0,0,0
"OTU_2126",0,0,0,0,0,0,0,0
"OTU_2127",0,0,0,0,0,0,0,0
"OTU_2128",0,0,0,0,0,0,0,0
"OTU_2129",0,0,0,0,0,0,0,0
"OTU_2130",0,0,0,0,0,0,0,0
"OTU_2131",0,0,0,0,0,0,0,0
"OTU_2132",0,0,0,0,0,0,0,0
"OTU_2133",0,0,0,0,0,0,0,0
"OTU_2134",0,0,0,0,0,0,0,0
"OTU_2135",0,0,0,0,1.11,0,0,0
"OTU_2136",0,0,0,0,0.06,0,0,0
"OTU_2137",0,0,0,0,0,0,0,0
"OTU_2138",0,0,0,0,0,0,0,0
"OTU_2139",0,0,0,0,0,0,0,0
"OTU_2140",0,0,0,0,0,0,0,0
"OTU_2141",0,0,0,0,0,0,0,0
"OTU_2142",0,0,0,0,0.95,0,0,0
"OTU_2143",0,0,0,0,0.72,0,0,0
"OTU_2144",0,0,0,0,0.06,0,0,0
"OTU_2145",0,0,0,0,0,0,0,0
"OTU_2146",0,0,0,0,0.07,0,0,0
"OTU_2147",0,0,0,0,0,0,0,0
"OTU_2148",0,0,0,0,0,0,0,0
"OTU_2149",0,0,0,0,0.65,0,0,0
"OTU_2150",0,0,0,0,0.08,0,0,0
"OTU_2151",0,0,0,0,0,0,0,0
"OTU_2152",0,0,0,0,0.07,0,0,0
"OTU_2153",0,0,0,0,7.32,0,0,0
"OTU_2154",0,0,0,0,0.65,0,0,0
"OTU_2155",0,0,0,0,0.19,0,0,0
"OTU_2156",0,0,0,0,0,0,0,0
"OTU_2157",0,0,0,0,0.64,0,0,0
"OTU_2158",0,0,0,0,0,0,0,0
"OTU_2159",0,0,0,0,0,0,0,0
"OTU_2160",0,0,0,0,0,0,0,0
"OTU_2161",0,0,0,0,0.52,0,0,0
"OTU_2162",0,0,0,0,0.39,0,0,0
"OTU_2163",0,0,0,0,3.93,0,0,0
"OTU_2164",0,0,0,0,2.49,0,0,0
"OTU_2165",0,0,0,0,0.61,0,0,0
"OTU_2166",0,0,0,0,0.96,0,0,0
"OTU_2167",0,0,0,0,0,0,0,0
"OTU_2168",0,0,0,0,0,0,0,0
"OTU_2169",0,0,0,0,0,0,0,0
"OTU_2170",0,0,0,0,0,0,0,0
"OTU_2171",0,0,0,0,0.45,0,0,0
"OTU_2172",0,0,0,0,0,0,0,0
"OTU_2173",0,0,0,0,0.51,0,0,0
"OTU_2174",0,0,0,0,0.92,0,0,0
"OTU_2175",0,0,0,0,2.14,0,0,0
"OTU_2176",0,0,0,0,4.35,0,0,0
"OTU_2177",0,0,0,0,0.13,0,0,0
"OTU_2178",0,0,0,0,0.99,0,0,0
"OTU_2179",0,0,0,0,0.89,0,0,0
"OTU_2180",0,0,0,0,0,0,0,0
"OTU_2181",0,0,0,0,0.55,0,0,0
"OTU_2182",0,0,0,0,0.58,0,0.32,0
"OTU_2183",0,0,0,0,1.78,0,0,0
"OTU_2184",0,0,0,0,0.06,0,0,0.13
"OTU_2185",0,0,0,0,0.67,0,0,0
"OTU_2186",0,0,0,0,0.2,0,0,0
"OTU_2187",0,0,0,0,1.66,0,0,0
"OTU_2188",0,0,0,0,1.58,0,0,0
"OTU_2189",0,0,0,0,0.12,0,0,0
"OTU_2190",0,0,0,0,0.8,0,0,0
"OTU_2191",0,0,0,0,0,0,0,0
"OTU_2192",0,0,0,0,0.44,0,0,0
"OTU_2193",0,0,0,0,0,0,0,0
"OTU_2194",0,0,0,0,0,0,0,0
"OTU_2195",0,0,0,0,0,0,0,0
"OTU_2196",0,0,0,0,2.66,0,0,0
"OTU_2197",0,0,0,0,0.38,0,0,0
"OTU_2198",0,0,0,0,0,0,0,0
"OTU_2199",0,0,0,0,0,0,0,0
"OTU_2200",0,0,0,0,5.61,0,0,0
"OTU_2201",0,0,0,0,0.83,0,0.58,0
"OTU_2202",0,0,0,0,0.59,11.9,0,0
"OTU_2203",0,0,0,0,0.49,0,0,0
"OTU_2204",0,0,0,0,3.26,0,0,0.39
"OTU_2205",0,0,0,0,0.25,0,0,0
"OTU_2206",0,0,0,0,2.14,0,0,0
"OTU_2207",0,0,0,0,0.66,0,0,0
"OTU_2208",0,0,0,0,3.23,0,0,0
"OTU_2209",0,0,0,0,1,0,0,0
"OTU_2210",0,0,0,0,0.4,0,0,0
"OTU_2211",0,0,0,0,1.73,0,0,0
"OTU_2212",0,0,0,0,0.6,0,0,0
"OTU_2213",0,0,0,0,0,0,0,0
"OTU_2214",0,0,0,0,0.45,0,0,0
"OTU_2215",0,0,0,0,15.73,0,0,0.7
"OTU_2216",0,0,0,0,7.52,0,0,0.78
"OTU_2217",0,0,0,0,1.98,0,0,0
"OTU_2218",0,0,0,0,1.45,0,0,0
"OTU_2219",0,0,0,0,1.04,0,0,0
"OTU_2220",0,0,0,0,0.59,0,0,79.12
"OTU_2221",0,0,0,0,55.37,0,0,0
"OTU_2222",0,0,0,0,1.57,0,0,0
"OTU_2223",0,0,0,0,9.45,0,0,0
"OTU_2224",0,0,0,0,0.48,0,0,0
"OTU_2225",0,0,0,0,2.83,0,0,0
"OTU_2226",0,0,0,0,0.56,0,0,0
"OTU_2227",0,0,0,0,2.25,0,0,0
"OTU_2228",0,0,0,0,0.95,0,0,0
"OTU_2229",0,0,0,0,1.62,0,0,5.75
"OTU_2230",0,0,0,0,0.65,0,0,0
"OTU_2231",0,0,0,0,13.49,0,0,0
"OTU_2232",0,0,0,0,13.34,0,0,0
"OTU_2233",0,0,0,0,1.96,0,0,0
"OTU_2234",0,0,0,0,2.05,0,0,1.9
"OTU_2235",0,0,0,0,0.98,0,0,1.09
"OTU_2236",0,0,0,0,2.6,0,0,1.34
"OTU_2237",0,0,0,0,1.1,0,0,0
"OTU_2238",0,0,0,0,0.62,0,0,0
"OTU_2239",0,0,0,0,0.38,0,0,0
"OTU_2240",0,0,0,0,0.98,0,0,0
"OTU_2241",0,0,0,0,0,0,0,0
"OTU_2242",0,0,0,0,0.72,0,0,0
"OTU_2243",0,0,0,0,0.71,0,0,0
"OTU_2244",0,0,0,0,0.6,0,0,0
"OTU_2245",0,0,0,0,0.55,0,0,0
"OTU_2246",0,0,0,0,0.64,0,0,0
"OTU_2247",0,0,0,0,0.4,0,0,0
"OTU_2248",0,0,0,0,0.59,0,0,0
"OTU_2249",0,0,0,0,0.65,0,0,0
"OTU_2250",0,0,0,0,2.72,0,0,0
"OTU_2251",0,0,0,0,2.44,0,0,0
"OTU_2252",0,0,0,0,0.49,0,0,0
"OTU_2253",0,0,0,0,0.44,0,0,0
"OTU_2254",0,0,0,0,3.06,0,0,0.99
"OTU_2255",0,0,0,0,0.56,0,0,0
"OTU_2256",0,0,0,0,0,0,0,0
"OTU_2257",0,0,0,0,1.41,0,0,0
"OTU_2258",0,0,0,0,3.98,0,0,0
"OTU_2259",0,0,0,0,0.65,3.5,0,0
"OTU_2260",0,0,0,0,1.44,0,0,0
"OTU_2261",0,0,0,0,2.41,0,0,0
"OTU_2262",0,0,0,0,3.51,0,0,0
"OTU_2263",0,0,0,0,2.59,0,0,0
"OTU_2264",0,0,0,0,1.95,0,0,0
"OTU_2265",0,0,0,0,9.46,0,0,0
"OTU_2266",0,0,0,0,1.95,0,0,0
"OTU_2267",0,0,0,0,0.51,0,0,0
"OTU_2268",0,0,0,0,0.68,0,0,0
"OTU_2269",0,0,0,0,1.28,0,0,0
"OTU_2270",0,0,0,0,0.38,0,0,0
"OTU_2271",0,0,0,0,54.28,0,0,0
"OTU_2272",0,0,0,0,0.61,0,0,0
"OTU_2273",0,0,0,0,359.65,3.5,0,0
"OTU_2274",0,0,0,0,178.51,0,0,0
"OTU_2275",0,0,0,0,16.02,0,0,0
"OTU_2276",0,0,0,0,1.3,0,0,0
"OTU_2277",0,0,0,0,12.69,0,0,0
"OTU_2278",0,0,0,0,132.99,0,0,0
"OTU_2279",0,0,0,0,74.64,0,0,0
"OTU_2280",0,0,0,0,1.45,0,0,0
"OTU_2281",0,0,0,0,16.81,0,0,0
"OTU_2282",0,0,0,0,11.93,0,0,0
"OTU_2283",0,0,0,0,0.55,0,0,0
"OTU_2284",0,0,0,0,0.96,0,0,0
"OTU_2285",0,0,0,0,1.95,0,0,0
"OTU_2286",0,0,0,0,349.33,0,0,0
"OTU_2287",0,0,0,0,1.97,0,0,0
"OTU_2288",0,0,0,0,2.82,0,0,0
"OTU_2289",0,0,0,0,5.3,0,0,0
"OTU_2290",0,0,0,0,0.69,0,0,0
"OTU_2291",0,0,0,0,2.5,44.46,0,0
"OTU_2292",0,0,0,0,6.25,0,0,2.43
"OTU_2293",0,0,0,0,34.21,0,0,0
"OTU_2294",0,0,0,0,2.36,0,0,0
"OTU_2295",0,0,0,0,1.11,0,0,0
"OTU_2296",0,0,0,0,0.38,0,0,0
"OTU_2297",0,0,0,0,7.3,0,0,0
"OTU_2298",0,0,0,0,13.51,0,0,0
"OTU_2299",0,0,0,0,1.79,0,0,0
"OTU_2300",0,0,0,0,0.99,0,0,0
"OTU_2301",0,0,0,0,1.08,0,0,0
"OTU_2302",0,0,0,0,0.84,0,0,0
"OTU_2303",0,0,0,0,1.07,0,0,0
"OTU_2304",0,0,0,0,0.52,0,0,0
"OTU_2305",0,0,0,0,19.83,0,0,0
"OTU_2306",0,0,0,0,3.32,0,0,0
"OTU_2307",0,0,0,0,0,0,0,0
"OTU_2308",0,0,0,0,0,0.55,0,0
"OTU_2309",0,0,0,0,0,0.46,0,0
"OTU_2310",0,0,0,0,0,1.09,0,0
"OTU_2311",0,0,0,0,0,0.87,0,0
"OTU_2312",0,0,0,0,0,0,0,0
"OTU_2313",0,0,0,0,0,0.97,0,0
"OTU_2314",0,0,0,0,0,0,0,0
"OTU_2315",0,0,0,0,0,0,0,0
"OTU_2316",0,0,0,0,0,0,0,0
"OTU_2317",0,0,0,0,0,0,0,0
"OTU_2318",0,0,0,0,0,0,0,0
"OTU_2319",0,0,0,0,0,0,0.39,0
"OTU_2320",0,0,0,0,0,0,2.64,0
"OTU_2321",0,0,0,0,0,0,0.06,0
"OTU_2322",0,0,0,0,0,0,0,0
"OTU_2323",0,0,0,0,0,0,0.54,0
"OTU_2324",0,0,0,0,0,0,1.92,0
"OTU_2325",0,0,0,0,0,0,0.96,0
"OTU_2326",0,0,0,0,0,0,0.33,0
"OTU_2327",0,0,0,0,0,0,2.17,0
"OTU_2328",0,0,0,0,0,0,0.13,0
"OTU_2329",0,0,0,0,0,0,1.49,0
"OTU_2330",0,0,0,0,0,0,5.69,0
"OTU_2331",0,0,0,0,0,0,0.67,0
"OTU_2332",0,0,0,0,0,0,0.92,0
"OTU_2333",0,0,0,0,0,0,0.46,0
"OTU_2334",0,0,0,0,0,0,2.19,0
"OTU_2335",0,0,0,0,0,0,0.71,0
"OTU_2336",0,0,0,0,0,0,0,0
"OTU_2337",0,0,0,0,0,0,9.12,0
"OTU_2338",0,0,0,0,0,0,0.39,0
"OTU_2339",0,0,0,0,0,0,44.22,0
"OTU_2340",0,0,0,0,0,0,7.27,0
"OTU_2341",0,0,0,0,0,0,126.91,0
"OTU_2342",0,0,0,0,0,0,1.25,0
"OTU_2343",0,0,0,0,0,0,5.22,0
"OTU_2344",0,0,0,0,0,0,9.08,0
"OTU_2345",0,0,0,0,0,0,4.44,0
"OTU_2346",0,0,0,0,0,0,3.76,0
"OTU_2347",0,0,0,0,0,0,1.08,0
"OTU_2348",0,0,0,0,0,0,0.91,0
"OTU_2349",0,0,0,0,0,0,4.23,0
"OTU_2350",0,0,0,0,0,0,9.24,0
"OTU_2351",0,0,0,0,0,0,2.95,0
"OTU_2352",0,0,0,0,0,0,9.46,0
"OTU_2353",0,0,0,0,0,0,85.7,0
"OTU_2354",0,0,0,0,0,0,110.13,0
"OTU_2355",0,0,0,0,0,0,41.74,0
"OTU_2356",0,0,0,0,0,0,0.44,0
"OTU_2357",0,0,0,0,0,0,0.57,0
"OTU_2358",0,0,0,0,0,0,1.41,0
"OTU_2359",0,0,0,0,0,0,0.55,0
"OTU_2360",0,0,0,0,0,0,0.72,0
"OTU_2361",0,0,0,0,0,0,0.88,0
"OTU_2362",0,0,0,0,0,0,4.37,0
"OTU_2363",0,0,0,0,0,0,0.78,0
"OTU_2364",0,0,0,0,0,0,7.52,0
"OTU_2365",0,0,0,0,0,0,9.23,0
"OTU_2366",0,0,0,0,0,0,0.73,0
"OTU_2367",0,0,0,0,0,0,0.51,0
"OTU_2368",0,0,0,0,0,0,67.12,0
"OTU_2369",0,0,0,0,0,0,1.68,0
"OTU_2370",0,0,0,0,0,0,0.71,0
"OTU_2371",0,0,0,0,0,0,1.1,0
"OTU_2372",0,0,0,0,0,0,2.95,0
"OTU_2373",0,0,0,0,0,0,0,0
"OTU_2374",0,0,0,0,0,0,0,0
"OTU_2375",0,0,0,0,0,0,0,0
"OTU_2376",0,0,0,0,0,0,0,0
"OTU_2377",0,0,0,0,0,0,0,0
"OTU_2378",0,0,0,0,0,0,0,0
"OTU_2379",0,0,0,0,0,0,0,0
"OTU_2380",0,0,0,0,0,0,0,0.71
"OTU_2381",0,0,0,0,0,0,0,0.26
"OTU_2382",0,0,0,0,0,0,0,0.59
"OTU_2383",0,0,0,0,0,0,0,0.13
"OTU_2384",0,0,0,0,0,0,0,0
"OTU_2385",0,0,0,0,0,0,0,0
"OTU_2386",0,0,0,0,0,0,0,2.21
"OTU_2387",0,0,0,0,0,0,0,0.51
"OTU_2388",0,0,0,0,0,0,0,0.46
"OTU_2389",0,0,0,0,0,0,0,1.11
"OTU_2390",0,0,0,0,0,0,0,0.49
"OTU_2391",0,0,0,0,0,0,0,0.14
"OTU_2392",0,0,0,0,0,0,0,0.53
"OTU_2393",0,0,0,0,0,0,0,0.39
"OTU_2394",0,0,0,0,0,0,0,1.51
"OTU_2395",0,0,0,0,0,0,0,1.38
"OTU_2396",0,0,0,0,0,0,0,1.1
"OTU_2397",0,0,0,0,0,0,0,0.72
"OTU_2398",0,0,0,0,0,0,0,3.19
"OTU_2399",0,0,0,0,0,0,0,0.46
