NewName,OldName,OldSeqNumber,SeqDate,Primer,Year,GenomeCode,User,GOWN Code,GOWN Location,Sampling ID
ERU_17GOWN_BACT-BE140-GW101_20180807_S64,ERU-GW101-BE140-S64-20180807_S213_L001_R1_001.fastq.gz,S64,20180807,BACT,17GOWN,BE140,ERU,GW101,,
ERU_17GOWN_ARCH-BE140-GW101_20181025_S64,ERU-GW101-BE140-S64-Av6-20181025_S105_L001_R1_001.fastq.gz,S64,20181025,ARCH,17GOWN,BE140,ERU,GW101,,
ERU_17GOWN_BACT-BE087-GW104_20180807_S56,ERU-GW104-BE087-S56-20180807_S205_L001_R1_001.fastq.gz,S56,20180807,BACT,17GOWN,BE087,ERU,GW104,,
ERU_17GOWN_ARCH-BE087-GW104_20181025_S56,ERU-GW104-BE087-S56-Av6-20181025_S176_L001_R1_001.fastq.gz,S56,20181025,ARCH,17GOWN,BE087,ERU,GW104,,
ERU_16GOWN_BACT-BE003-GW110_20180807_S154,ERU-GW110-BE003-S154-20180807_S252_L001_R1_001.fastq.gz,S154,20180807,BACT,16GOWN,BE003,ERU,GW110,,
ERU_16GOWN_ARCH-BE003-GW110_20181025_S154,ERU-GW110-BE003-S154-Av6-20181025_S186_L001_R1_001.fastq.gz,S154,20181025,ARCH,16GOWN,BE003,ERU,GW110,,
ERU_16GOWN_BACT-BE003-GW110_20180807_S87,ERU-GW110-BE003-S87-20180807_S234_L001_R1_001.fastq.gz,S87,20180807,BACT,16GOWN,BE003,ERU,GW110,,
ERU_16GOWN_ARCH-BE003-GW110_20181025_S87,ERU-GW110-BE003-S87-Av6-20181025_S122_L001_R1_001.fastq.gz,S87,20181025,ARCH,16GOWN,BE003,ERU,GW110,,
ERU_16GOWN_BACT-BE008-GW111_20180807_S100,ERU-GW111-BE008-S100-20180807_S104_L001_R1_001.fastq.gz,S100,20180807,BACT,16GOWN,BE008,ERU,GW111,,
ERU_16GOWN_ARCH-BE008-GW111_20181025_S100,ERU-GW111-BE008-S100-Av6-20181025_S46_L001_R1_001.fastq.gz,S100,20181025,ARCH,16GOWN,BE008,ERU,GW111,,
ERU_17GOWN_BACT-BE141-GW111_20180807_S129,ERU-GW111-BE141-S129-20180807_S133_L001_R1_001.fastq.gz,S129,20180807,BACT,17GOWN,BE141,ERU,GW111,,
ERU_17GOWN_ARCH-BE141-GW111_20181025_S129,ERU-GW111-BE141-S129-Av6-20181025_S183_L001_R1_001.fastq.gz,S129,20181025,ARCH,17GOWN,BE141,ERU,GW111,,
ERU_17GOWN_BACT-BE063-GW113_20180807_S53,ERU-GW113-BE063-S53-20180807_S202_L001_R1_001.fastq.gz,S53,20180807,BACT,17GOWN,BE063,ERU,GW113,,
ERU_17GOWN_ARCH-BE063-GW113_20181025_S53,ERU-GW113-BE063-S53-Av6-20181025_S84_L001_R1_001.fastq.gz,S53,20181025,ARCH,17GOWN,BE063,ERU,GW113,,
ERU_16GOWN_BACT-BE029-GW114_20180807_S85,ERU-GW114-BE029-S85-20180807_S232_L001_R1_001.fastq.gz,S85,20180807,BACT,16GOWN,BE029,ERU,GW114,,
ERU_16GOWN_ARCH-BE029-GW114_20181025_S85,ERU-GW114-BE029-S85-Av6-20181025_S120_L001_R1_001.fastq.gz,S85,20181025,ARCH,16GOWN,BE029,ERU,GW114,,
ERU_17GOWN_BACT-BE118-GW114_20180807_S106,ERU-GW114-BE118-S106-20180807_S110_L001_R1_001.fastq.gz,S106,20180807,BACT,17GOWN,BE118,ERU,GW114,,
ERU_17GOWN_ARCH-BE118-GW114_20181025_S106,ERU-GW114-BE118-S106-Av6-20181025_S52_L001_R1_001.fastq.gz,S106,20181025,ARCH,17GOWN,BE118,ERU,GW114,,
ERU_16GOWN_BACT-BE052-GW117_20180807_S34,ERU-GW117-BE052-S34-20180807_S183_L001_R1_001.fastq.gz,S34,20180807,BACT,16GOWN,BE052,ERU,GW117,,
ERU_16GOWN_ARCH-BE052-GW117_20181025_S34,ERU-GW117-BE052-S34-Av6-20181025_S32_L001_R1_001.fastq.gz,S34,20181025,ARCH,16GOWN,BE052,ERU,GW117,,
ERU_17GOWN_BACT-BE096-GW117_20180807_S94,ERU-GW117-BE096-S94-20180807_S241_L001_R1_001.fastq.gz,S94,20180807,BACT,17GOWN,BE096,ERU,GW117,,
ERU_17GOWN_ARCH-BE096-GW117_20181025_S94,ERU-GW117-BE096-S94-Av6-20181025_S182_L001_R1_001.fastq.gz,S94,20181025,ARCH,17GOWN,BE096,ERU,GW117,,
ERU_16GOWN_BACT-BE033-GW121_20180807_S8,ERU-GW121-BE033-S8-20180807_S157_L001_R1_001.fastq.gz,S8,20180807,BACT,16GOWN,BE033,ERU,GW121,,
ERU_16GOWN_ARCH-BE033-GW121_20181025_S8,ERU-GW121-BE033-S8-Av6-20181025_S8_L001_R1_001.fastq.gz,S8,20181025,ARCH,16GOWN,BE033,ERU,GW121,,
ERU_16GOWN_BACT-BE034-GW121_20180807_S69,ERU-GW121-BE034-S69-20180807_S216_L001_R1_001.fastq.gz,S69,20180807,BACT,16GOWN,BE034,ERU,GW121,,
ERU_16GOWN_ARCH-BE034-GW121_20181025_S69,ERU-GW121-BE034-S69-Av6-20181025_S177_L001_R1_001.fastq.gz,S69,20181025,ARCH,16GOWN,BE034,ERU,GW121,,
ERU_17GOWN_BACT-BE081-GW123_20180807_S105,ERU-GW123-BE081-S105-20180807_S109_L001_R1_001.fastq.gz,S105,20180807,BACT,17GOWN,BE081,ERU,GW123,,
ERU_17GOWN_ARCH-BE081-GW123_20181025_S105,ERU-GW123-BE081-S105-Av6-20181025_S51_L001_R1_001.fastq.gz,S105,20181025,ARCH,17GOWN,BE081,ERU,GW123,,
ERU_17GOWN_BACT-BE091-GW123_20180807_S110,ERU-GW123-BE091-S110-20180807_S114_L001_R1_001.fastq.gz,S110,20180807,BACT,17GOWN,BE091,ERU,GW123,,
ERU_17GOWN_ARCH-BE091-GW123_20181025_S110,ERU-GW123-BE091-S110-Av6-20181025_S90_L001_R1_001.fastq.gz,S110,20181025,ARCH,17GOWN,BE091,ERU,GW123,,
ERU_17GOWN_BACT-BE092-GW123_20180807_S117,ERU-GW123-BE092-S117-20180807_S121_L001_R1_001.fastq.gz,S117,20180807,BACT,17GOWN,BE092,ERU,GW123,,
ERU_17GOWN_ARCH-BE092-GW123_20181025_S117,ERU-GW123-BE092-S117-Av6-20181025_S62_L001_R1_001.fastq.gz,S117,20181025,ARCH,17GOWN,BE092,ERU,GW123,,
ERU_17GOWN_BACT-BE106-GW125_20180807_S113,ERU-GW125-BE106-S113-20180807_S117_L001_R1_001.fastq.gz,S113,20180807,BACT,17GOWN,BE106,ERU,GW125,,
ERU_17GOWN_ARCH-BE106-GW125_20181025_S113,ERU-GW125-BE106-S113-Av6-20181025_S58_L001_R1_001.fastq.gz,S113,20181025,ARCH,17GOWN,BE106,ERU,GW125,,
ERU_16GOWN_BACT-BE001-GW126_20180807_S63,ERU-GW126-BE001-S63-20180807_S212_L001_R1_001.fastq.gz,S63,20180807,BACT,16GOWN,BE001,ERU,GW126,,
ERU_16GOWN_ARCH-BE001-GW126_20181025_S63,ERU-GW126-BE001-S63-Av6-20181025_S104_L001_R1_001.fastq.gz,S63,20181025,ARCH,16GOWN,BE001,ERU,GW126,,
ERU_17GOWN_BACT-BE142-GW126_20180807_S28,ERU-GW126-BE142-S28-20180807_S177_L001_R1_001.fastq.gz,S28,20180807,BACT,17GOWN,BE142,ERU,GW126,,
ERU_17GOWN_ARCH-BE142-GW126_20181025_S28,ERU-GW126-BE142-S28-Av6-20181025_S26_L001_R1_001.fastq.gz,S28,20181025,ARCH,17GOWN,BE142,ERU,GW126,,
ERU_16GOWN_BACT-BE015-GW128_20180807_S156,ERU-GW128-BE015-S156-20180807_S254_L001_R1_001.fastq.gz,S156,20180807,BACT,16GOWN,BE015,ERU,GW128,,
ERU_16GOWN_ARCH-BE015-GW128_20181025_S156,ERU-GW128-BE015-S156-Av6-20181025_S140_L001_R1_001.fastq.gz,S156,20181025,ARCH,16GOWN,BE015,ERU,GW128,,
ERU_16GOWN_BACT-BE015-GW128_20180807_S24,ERU-GW128-BE015-S24-20180807_S173_L001_R1_001.fastq.gz,S24,20180807,BACT,16GOWN,BE015,ERU,GW128,,
ERU_16GOWN_ARCH-BE015-GW128_20181025_S24,ERU-GW128-BE015-S24-Av6-20181025_S78_L001_R1_001.fastq.gz,S24,20181025,ARCH,16GOWN,BE015,ERU,GW128,,
ERU_17GOWN_BACT-BE103-GW128_20180807_S120,ERU-GW128-BE103-S120-20180807_S124_L001_R1_001.fastq.gz,S120,20180807,BACT,17GOWN,BE103,ERU,GW128,,
ERU_17GOWN_ARCH-BE103-GW128_20181025_S120,ERU-GW128-BE103-S120-Av6-20181025_S65_L001_R1_001.fastq.gz,S120,20181025,ARCH,17GOWN,BE103,ERU,GW128,,
ERU_17GOWN_BACT-BE125-GW135_20180807_S128,ERU-GW135-BE125-S128-20180807_S132_L001_R1_001.fastq.gz,S128,20180807,BACT,17GOWN,BE125,ERU,GW135,,
ERU_17GOWN_ARCH-BE125-GW135_20181025_S128,ERU-GW135-BE125-S128-Av6-20181025_S97_L001_R1_001.fastq.gz,S128,20181025,ARCH,17GOWN,BE125,ERU,GW135,,
ERU_17GOWN_BACT-BE124-GW137_20180807_S96,ERU-GW137-BE124-S96-20180807_S243_L001_R1_001.fastq.gz,S96,20180807,BACT,17GOWN,BE124,ERU,GW137,,
ERU_17GOWN_ARCH-BE124-GW137_20181025_S96,ERU-GW137-BE124-S96-Av6-20181025_S129_L001_R1_001.fastq.gz,S96,20181025,ARCH,17GOWN,BE124,ERU,GW137,,
ERU_17GOWN_BACT-BE095-GW139_20180807_S112,ERU-GW139-BE095-S112-20180807_S116_L001_R1_001.fastq.gz,S112,20180807,BACT,17GOWN,BE095,ERU,GW139,,
ERU_17GOWN_ARCH-BE095-GW139_20181025_S112,ERU-GW139-BE095-S112-Av6-20181025_S57_L001_R1_001.fastq.gz,S112,20181025,ARCH,17GOWN,BE095,ERU,GW139,,
ERU_16GOWN_BACT-BE061-GW140_20180807_S75,ERU-GW140-BE061-S75-20180807_S222_L001_R1_001.fastq.gz,S75,20180807,BACT,16GOWN,BE061,ERU,GW140,,
ERU_16GOWN_ARCH-BE061-GW140_20181025_S75,ERU-GW140-BE061-S75-Av6-20181025_S112_L001_R1_001.fastq.gz,S75,20181025,ARCH,16GOWN,BE061,ERU,GW140,,
ERU_17GOWN_BACT-BE131-GW140_20180807_S70,ERU-GW140-BE131-S70-20180807_S217_L001_R1_001.fastq.gz,S70,20180807,BACT,17GOWN,BE131,ERU,GW140,,
ERU_17GOWN_ARCH-BE131-GW140_20181025_S70,ERU-GW140-BE131-S70-Av6-20181025_S178_L001_R1_001.fastq.gz,S70,20181025,ARCH,17GOWN,BE131,ERU,GW140,,
ERU_17GOWN_BACT-BE097-GW142_20180807_S108,ERU-GW142-BE097-S108-20180807_S112_L001_R1_001.fastq.gz,S108,20180807,BACT,17GOWN,BE097,ERU,GW142,,
ERU_17GOWN_ARCH-BE097-GW142_20181025_S108,ERU-GW142-BE097-S108-Av6-20181025_S54_L001_R1_001.fastq.gz,S108,20181025,ARCH,17GOWN,BE097,ERU,GW142,,
ERU_17GOWN_BACT-BE098-GW142_20180807_S86,ERU-GW142-BE098-S86-20180807_S233_L001_R1_001.fastq.gz,S86,20180807,BACT,17GOWN,BE098,ERU,GW142,,
ERU_17GOWN_ARCH-BE098-GW142_20181025_S86,ERU-GW142-BE098-S86-Av6-20181025_S121_L001_R1_001.fastq.gz,S86,20181025,ARCH,17GOWN,BE098,ERU,GW142,,
ERU_17GOWN_BACT-BE099-GW142_20180807_S97,ERU-GW142-BE099-S97-20180807_S244_L001_R1_001.fastq.gz,S97,20180807,BACT,17GOWN,BE099,ERU,GW142,,
ERU_17GOWN_ARCH-BE099-GW142_20181025_S97,ERU-GW142-BE099-S97-Av6-20181025_S130_L001_R1_001.fastq.gz,S97,20181025,ARCH,17GOWN,BE099,ERU,GW142,,
ERU_17GOWN_BACT-BE085-GW144_20180807_S90,ERU-GW144-BE085-S90-20180807_S237_L001_R1_001.fastq.gz,S90,20180807,BACT,17GOWN,BE085,ERU,GW144,,
ERU_17GOWN_ARCH-BE085-GW144_20181025_S90,ERU-GW144-BE085-S90-Av6-20181025_S125_L001_R1_001.fastq.gz,S90,20181025,ARCH,17GOWN,BE085,ERU,GW144,,
ERU_17GOWN_BACT-BE100-GW147_20180807_S42,ERU-GW147-BE100-S42-20180807_S191_L001_R1_001.fastq.gz,S42,20180807,BACT,17GOWN,BE100,ERU,GW147,,
ERU_17GOWN_ARCH-BE100-GW147_20181025_S42,ERU-GW147-BE100-S42-Av6-20181025_S39_L001_R1_001.fastq.gz,S42,20181025,ARCH,17GOWN,BE100,ERU,GW147,,
ERU_16GOWN_BACT-BE023-GW150_20180807_S67,ERU-GW150-BE023-S67-20180807_S255_L001_R1_001.fastq.gz,S67,20180807,BACT,16GOWN,BE023,ERU,GW150,,
ERU_16GOWN_ARCH-BE023-GW150_20181025_S67,ERU-GW150-BE023-S67-Av6-20181025_S141_L001_R1_001.fastq.gz,S67,20181025,ARCH,16GOWN,BE023,ERU,GW150,,
ERU_16GOWN_BACT-BE024-GW150_20180807_S92,ERU-GW150-BE024-S92-20180807_S239_L001_R1_001.fastq.gz,S92,20180807,BACT,16GOWN,BE024,ERU,GW150,,
ERU_16GOWN_ARCH-BE024-GW150_20181025_S92,ERU-GW150-BE024-S92-Av6-20181025_S127_L001_R1_001.fastq.gz,S92,20181025,ARCH,16GOWN,BE024,ERU,GW150,,
ERU_17GOWN_BACT-BE066-GW150_20180807_S55,ERU-GW150-BE066-S55-20180807_S204_L001_R1_001.fastq.gz,S55,20180807,BACT,17GOWN,BE066,ERU,GW150,,
ERU_17GOWN_ARCH-BE066-GW150_20181025_S55,ERU-GW150-BE066-S55-Av6-20181025_S175_L001_R1_001.fastq.gz,S55,20181025,ARCH,17GOWN,BE066,ERU,GW150,,
ERU_17GOWN_BACT-BE089-GW152_20180807_S143,ERU-GW152-BE089-S143-20180807_S147_L001_R1_001.fastq.gz,S143,20180807,BACT,17GOWN,BE089,ERU,GW152,,
ERU_17GOWN_ARCH-BE089-GW152_20181025_S143,ERU-GW152-BE089-S143-Av6-20181025_S75_L001_R1_001.fastq.gz,S143,20181025,ARCH,17GOWN,BE089,ERU,GW152,,
ERU_16GOWN_BACT-BE020-GW155_20180807_S41,ERU-GW155-BE020-S41-20180807_S190_L001_R1_001.fastq.gz,S41,20180807,BACT,16GOWN,BE020,ERU,GW155,,
ERU_16GOWN_ARCH-BE020-GW155_20181025_S41,ERU-GW155-BE020-S41-Av6-20181025_S38_L001_R1_001.fastq.gz,S41,20181025,ARCH,16GOWN,BE020,ERU,GW155,,
ERU_16GOWN_BACT-BE026-GW160_20180807_S115,ERU-GW160-BE026-S115-20180807_S119_L001_R1_001.fastq.gz,S115,20180807,BACT,16GOWN,BE026,ERU,GW160,,
ERU_16GOWN_ARCH-BE026-GW160_20181025_S115,ERU-GW160-BE026-S115-Av6-20181025_S60_L001_R1_001.fastq.gz,S115,20181025,ARCH,16GOWN,BE026,ERU,GW160,,
ERU_16GOWN_BACT-BE026-GW160_20180807_S160,ERU-GW160-BE026-S160-20180807_S260_L001_R1_001.fastq.gz,S160,20180807,BACT,16GOWN,BE026,ERU,GW160,,
ERU_16GOWN_ARCH-BE026-GW160_20181025_S160,ERU-GW160-BE026-S160-Av6-20181025_S146_L001_R1_001.fastq.gz,S160,20181025,ARCH,16GOWN,BE026,ERU,GW160,,
ERU_17GOWN_BACT-BE139-GW191_20180807_S124,ERU-GW191-BE139-S124-20180807_S128_L001_R1_001.fastq.gz,S124,20180807,BACT,17GOWN,BE139,ERU,GW191,,
ERU_17GOWN_ARCH-BE139-GW191_20181025_S124,ERU-GW191-BE139-S124-Av6-20181025_S93_L001_R1_001.fastq.gz,S124,20181025,ARCH,17GOWN,BE139,ERU,GW191,,
ERU_16GOWN_BACT-BE054-GW211_20180807_S116,ERU-GW211-BE054-S116-20180807_S120_L001_R1_001.fastq.gz,S116,20180807,BACT,16GOWN,BE054,ERU,GW211,,
ERU_16GOWN_ARCH-BE054-GW211_20181025_S116,ERU-GW211-BE054-S116-Av6-20181025_S61_L001_R1_001.fastq.gz,S116,20181025,ARCH,16GOWN,BE054,ERU,GW211,,
ERU_17GOWN_BACT-BE114-GW211_20180807_S138,ERU-GW211-BE114-S138-20180807_S142_L001_R1_001.fastq.gz,S138,20180807,BACT,17GOWN,BE114,ERU,GW211,,
ERU_17GOWN_ARCH-BE114-GW211_20181025_S138,ERU-GW211-BE114-S138-Av6-20181025_S70_L001_R1_001.fastq.gz,S138,20181025,ARCH,17GOWN,BE114,ERU,GW211,,
ERU_17GOWN_BACT-BE114-GW211_20180807_S153,ERU-GW211-BE114-S153-20180807_S251_L001_R1_001.fastq.gz,S153,20180807,BACT,17GOWN,BE114,ERU,GW211,,
ERU_17GOWN_ARCH-BE114-GW211_20181025_S153,ERU-GW211-BE114-S153-Av6-20181025_S185_L001_R1_001.fastq.gz,S153,20181025,ARCH,17GOWN,BE114,ERU,GW211,,
ERU_16GOWN_BACT-BE004-GW212_20180807_S103,ERU-GW212-BE004-S103-20180807_S107_L001_R1_001.fastq.gz,S103,20180807,BACT,16GOWN,BE004,ERU,GW212,,
ERU_16GOWN_ARCH-BE004-GW212_20181025_S103,ERU-GW212-BE004-S103-Av6-20181025_S49_L001_R1_001.fastq.gz,S103,20181025,ARCH,16GOWN,BE004,ERU,GW212,,
ERU_17GOWN_BACT-BE113-GW212_20180807_S126,ERU-GW212-BE113-S126-20180807_S130_L001_R1_001.fastq.gz,S126,20180807,BACT,17GOWN,BE113,ERU,GW212,,
ERU_17GOWN_ARCH-BE113-GW212_20181025_S126,ERU-GW212-BE113-S126-Av6-20181025_S95_L001_R1_001.fastq.gz,S126,20181025,ARCH,17GOWN,BE113,ERU,GW212,,
ERU_16GOWN_BACT-BE005-GW214_20180807_S78,ERU-GW214-BE005-S78-20180807_S225_L001_R1_001.fastq.gz,S78,20180807,BACT,16GOWN,BE005,ERU,GW214,,
ERU_16GOWN_ARCH-BE005-GW214_20181025_S78,ERU-GW214-BE005-S78-Av6-20181025_S115_L001_R1_001.fastq.gz,S78,20181025,ARCH,16GOWN,BE005,ERU,GW214,,
ERU_16GOWN_BACT-BE005-GW214_20180807_S79,ERU-GW214-BE005-S79-20180807_S226_L001_R1_001.fastq.gz,S79,20180807,BACT,16GOWN,BE005,ERU,GW214,,
ERU_16GOWN_ARCH-BE005-GW214_20181025_S79,ERU-GW214-BE005-S79-Av6-20181025_S116_L001_R1_001.fastq.gz,S79,20181025,ARCH,16GOWN,BE005,ERU,GW214,,
ERU_17GOWN_BACT-BE094-GW215_20180807_S98,ERU-GW215-BE094-S98-20180807_S245_L001_R1_001.fastq.gz,S98,20180807,BACT,17GOWN,BE094,ERU,GW215,,
ERU_17GOWN_ARCH-BE094-GW215_20181025_S98,ERU-GW215-BE094-S98-Av6-20181025_S131_L001_R1_001.fastq.gz,S98,20181025,ARCH,17GOWN,BE094,ERU,GW215,,
ERU_17GOWN_BACT-BE086-GW217_20180807_S16,ERU-GW217-BE086-S16-20180807_S165_L001_R1_001.fastq.gz,S16,20180807,BACT,17GOWN,BE086,ERU,GW217,,
ERU_17GOWN_ARCH-BE086-GW217_20181025_S16,ERU-GW217-BE086-S16-Av6-20181025_S15_L001_R1_001.fastq.gz,S16,20181025,ARCH,17GOWN,BE086,ERU,GW217,,
ERU_16GOWN_BACT-BE031-GW218_20180807_S22,ERU-GW218-BE031-S22-20180807_S171_L001_R1_001.fastq.gz,S22,20180807,BACT,16GOWN,BE031,ERU,GW218,,
ERU_16GOWN_ARCH-BE031-GW218_20181025_S22,ERU-GW218-BE031-S22-Av6-20181025_S21_L001_R1_001.fastq.gz,S22,20181025,ARCH,16GOWN,BE031,ERU,GW218,,
ERU_17GOWN_BACT-BE120-GW218_20180807_S145,ERU-GW218-BE120-S145-20180807_S149_L001_R1_001.fastq.gz,S145,20180807,BACT,17GOWN,BE120,ERU,GW218,,
ERU_17GOWN_ARCH-BE120-GW218_20181025_S145,ERU-GW218-BE120-S145-Av6-20181025_S77_L001_R1_001.fastq.gz,S145,20181025,ARCH,17GOWN,BE120,ERU,GW218,,
ERU_16GOWN_BACT-BE032-GW219_20180807_S35,ERU-GW219-BE032-S35-20180807_S184_L001_R1_001.fastq.gz,S35,20180807,BACT,16GOWN,BE032,ERU,GW219,,
ERU_16GOWN_ARCH-BE032-GW219_20181025_S35,ERU-GW219-BE032-S35-Av6-20181025_S33_L001_R1_001.fastq.gz,S35,20181025,ARCH,16GOWN,BE032,ERU,GW219,,
ERU_16GOWN_BACT-BE048-GW220_20180807_S27,ERU-GW220-BE048-S27-20180807_S176_L001_R1_001.fastq.gz,S27,20180807,BACT,16GOWN,BE048,ERU,GW220,,
ERU_16GOWN_ARCH-BE048-GW220_20181025_S27,ERU-GW220-BE048-S27-Av6-20181025_S25_L001_R1_001.fastq.gz,S27,20181025,ARCH,16GOWN,BE048,ERU,GW220,,
ERU_16GOWN_BACT-BE035-GW222_20180807_S59,ERU-GW222-BE035-S59-20180807_S208_L001_R1_001.fastq.gz,S59,20180807,BACT,16GOWN,BE035,ERU,GW222,,
ERU_16GOWN_ARCH-BE035-GW222_20181025_S59,ERU-GW222-BE035-S59-Av6-20181025_S88_L001_R1_001.fastq.gz,S59,20181025,ARCH,16GOWN,BE035,ERU,GW222,,
ERU_17GOWN_BACT-BE110-GW223_20180807_S146,ERU-GW223-BE110-S146-20180807_S246_L001_R1_001.fastq.gz,S146,20180807,BACT,17GOWN,BE110,ERU,GW223,,
ERU_17GOWN_ARCH-BE110-GW223_20181025_S146,ERU-GW223-BE110-S146-Av6-20181025_S132_L001_R1_001.fastq.gz,S146,20181025,ARCH,17GOWN,BE110,ERU,GW223,,
ERU_17GOWN_BACT-BE070-GW228_20180807_S31,ERU-GW228-BE070-S31-20180807_S180_L001_R1_001.fastq.gz,S31,20180807,BACT,17GOWN,BE070,ERU,GW228,,
ERU_17GOWN_ARCH-BE070-GW228_20181025_S31,ERU-GW228-BE070-S31-Av6-20181025_S29_L001_R1_001.fastq.gz,S31,20181025,ARCH,17GOWN,BE070,ERU,GW228,,
ERU_17GOWN_BACT-BE071-GW229_20180807_S136,ERU-GW229-BE071-S136-20180807_S140_L001_R1_001.fastq.gz,S136,20180807,BACT,17GOWN,BE071,ERU,GW229,,
ERU_17GOWN_ARCH-BE071-GW229_20181025_S136,ERU-GW229-BE071-S136-Av6-20181025_S68_L001_R1_001.fastq.gz,S136,20181025,ARCH,17GOWN,BE071,ERU,GW229,,
ERU_17GOWN_BACT-BE072-GW230_20180807_S132,ERU-GW230-BE072-S132-20180807_S136_L001_R1_001.fastq.gz,S132,20180807,BACT,17GOWN,BE072,ERU,GW230,,
ERU_17GOWN_ARCH-BE072-GW230_20181025_S132,ERU-GW230-BE072-S132-Av6-20181025_S99_L001_R1_001.fastq.gz,S132,20181025,ARCH,17GOWN,BE072,ERU,GW230,,
ERU_16GOWN_BACT-BE017-GW239_20180807_S57,ERU-GW239-BE017-S57-20180807_S206_L001_R1_001.fastq.gz,S57,20180807,BACT,16GOWN,BE017,ERU,GW239,,
ERU_16GOWN_ARCH-BE017-GW239_20181025_S57,ERU-GW239-BE017-S57-Av6-20181025_S86_L001_R1_001.fastq.gz,S57,20181025,ARCH,16GOWN,BE017,ERU,GW239,,
ERU_16GOWN_BACT-BE018-GW239_20180807_S66,ERU-GW239-BE018-S66-20180807_S215_L001_R1_001.fastq.gz,S66,20180807,BACT,16GOWN,BE018,ERU,GW239,,
ERU_16GOWN_ARCH-BE018-GW239_20181025_S66,ERU-GW239-BE018-S66-Av6-20181025_S107_L001_R1_001.fastq.gz,S66,20181025,ARCH,16GOWN,BE018,ERU,GW239,,
ERU_16GOWN_BACT-BE019-GW239_20180807_S80,ERU-GW239-BE019-S80-20180807_S227_L001_R1_001.fastq.gz,S80,20180807,BACT,16GOWN,BE019,ERU,GW239,,
ERU_16GOWN_ARCH-BE019-GW239_20181025_S80,ERU-GW239-BE019-S80-Av6-20181025_S117_L001_R1_001.fastq.gz,S80,20181025,ARCH,16GOWN,BE019,ERU,GW239,,
ERU_17GOWN_BACT-BE082-GW239_20180807_S121,ERU-GW239-BE082-S121-20180807_S125_L001_R1_001.fastq.gz,S121,20180807,BACT,17GOWN,BE082,ERU,GW239,,
ERU_17GOWN_ARCH-BE082-GW239_20181025_S121,ERU-GW239-BE082-S121-Av6-20181025_S66_L001_R1_001.fastq.gz,S121,20181025,ARCH,17GOWN,BE082,ERU,GW239,,
ERU_17GOWN_BACT-BE080-GW242_20180807_S82,ERU-GW242-BE080-S82-20180807_S229_L001_R1_001.fastq.gz,S82,20180807,BACT,17GOWN,BE080,ERU,GW242,,
ERU_17GOWN_ARCH-BE080-GW242_20181025_S82,ERU-GW242-BE080-S82-Av6-20181025_S180_L001_R1_001.fastq.gz,S82,20181025,ARCH,17GOWN,BE080,ERU,GW242,,
ERU_16GOWN_BACT-BE002-GW259_20180807_S38,ERU-GW259-BE002-S38-20180807_S187_L001_R1_001.fastq.gz,S38,20180807,BACT,16GOWN,BE002,ERU,GW259,,
ERU_16GOWN_ARCH-BE002-GW259_20181025_S38,ERU-GW259-BE002-S38-Av6-20181025_S35_L001_R1_001.fastq.gz,S38,20181025,ARCH,16GOWN,BE002,ERU,GW259,,
ERU_16GOWN_BACT-BE058-GW259_20180807_S111,ERU-GW259-BE058-S111-20180807_S115_L001_R1_001.fastq.gz,S111,20180807,BACT,16GOWN,BE058,ERU,GW259,,
ERU_16GOWN_ARCH-BE058-GW259_20181025_S111,ERU-GW259-BE058-S111-Av6-20181025_S56_L001_R1_001.fastq.gz,S111,20181025,ARCH,16GOWN,BE058,ERU,GW259,,
ERU_17GOWN_BACT-BE126-GW259_20180807_S25,ERU-GW259-BE126-S25-20180807_S174_L001_R1_001.fastq.gz,S25,20180807,BACT,17GOWN,BE126,ERU,GW259,,
ERU_17GOWN_ARCH-BE126-GW259_20181025_S25,ERU-GW259-BE126-S25-Av6-20181025_S23_L001_R1_001.fastq.gz,S25,20181025,ARCH,17GOWN,BE126,ERU,GW259,,
ERU_16GOWN_BACT-BE056-GW263_20180807_S50,ERU-GW263-BE056-S50-20180807_S199_L001_R1_001.fastq.gz,S50,20180807,BACT,16GOWN,BE056,ERU,GW263,,
ERU_16GOWN_ARCH-BE056-GW263_20181025_S50,ERU-GW263-BE056-S50-Av6-20181025_S81_L001_R1_001.fastq.gz,S50,20181025,ARCH,16GOWN,BE056,ERU,GW263,,
ERU_16GOWN_BACT-BE060-GW265_20180807_S123,ERU-GW265-BE060-S123-20180807_S127_L001_R1_001.fastq.gz,S123,20180807,BACT,16GOWN,BE060,ERU,GW265,,
ERU_16GOWN_ARCH-BE060-GW265_20181025_S123,ERU-GW265-BE060-S123-Av6-20181025_S92_L001_R1_001.fastq.gz,S123,20181025,ARCH,16GOWN,BE060,ERU,GW265,,
ERU_17GOWN_BACT-BE132-GW265_20180807_S134,ERU-GW265-BE132-S134-20180807_S138_L001_R1_001.fastq.gz,S134,20180807,BACT,17GOWN,BE132,ERU,GW265,,
ERU_17GOWN_ARCH-BE132-GW265_20181025_S134,ERU-GW265-BE132-S134-Av6-20181025_S101_L001_R1_001.fastq.gz,S134,20181025,ARCH,17GOWN,BE132,ERU,GW265,,
ERU_17GOWN_BACT-BE133-GW266_20180807_S127,ERU-GW266-BE133-S127-20180807_S131_L001_R1_001.fastq.gz,S127,20180807,BACT,17GOWN,BE133,ERU,GW266,,
ERU_17GOWN_ARCH-BE133-GW266_20181025_S127,ERU-GW266-BE133-S127-Av6-20181025_S96_L001_R1_001.fastq.gz,S127,20181025,ARCH,17GOWN,BE133,ERU,GW266,,
ERU_16GOWN_BACT-BE059-GW267_20180807_S43,ERU-GW267-BE059-S43-20180807_S192_L001_R1_001.fastq.gz,S43,20180807,BACT,16GOWN,BE059,ERU,GW267,,
ERU_16GOWN_ARCH-BE059-GW267_20181025_S43,ERU-GW267-BE059-S43-Av6-20181025_S40_L001_R1_001.fastq.gz,S43,20181025,ARCH,16GOWN,BE059,ERU,GW267,,
ERU_17GOWN_BACT-BE134-GW267_20180807_S68,ERU-GW267-BE134-S68-20180807_S256_L001_R1_001.fastq.gz,S68,20180807,BACT,17GOWN,BE134,ERU,GW267,,
ERU_17GOWN_ARCH-BE134-GW267_20181025_S68,ERU-GW267-BE134-S68-Av6-20181025_S142_L001_R1_001.fastq.gz,S68,20181025,ARCH,17GOWN,BE134,ERU,GW267,,
ERU_16GOWN_BACT-BE030-GW270_20180807_S89,ERU-GW270-BE030-S89-20180807_S236_L001_R1_001.fastq.gz,S89,20180807,BACT,16GOWN,BE030,ERU,GW270,,
ERU_16GOWN_ARCH-BE030-GW270_20181025_S89,ERU-GW270-BE030-S89-Av6-20181025_S124_L001_R1_001.fastq.gz,S89,20181025,ARCH,16GOWN,BE030,ERU,GW270,,
ERU_17GOWN_BACT-BE136-GW273_20180807_S84,ERU-GW273-BE136-S84-20180807_S231_L001_R1_001.fastq.gz,S84,20180807,BACT,17GOWN,BE136,ERU,GW273,,
ERU_17GOWN_ARCH-BE136-GW273_20181025_S84,ERU-GW273-BE136-S84-Av6-20181025_S119_L001_R1_001.fastq.gz,S84,20181025,ARCH,17GOWN,BE136,ERU,GW273,,
ERU_17GOWN_BACT-BE135-GW274_20180807_S104,ERU-GW274-BE135-S104-20180807_S108_L001_R1_001.fastq.gz,S104,20180807,BACT,17GOWN,BE135,ERU,GW274,,
ERU_17GOWN_ARCH-BE135-GW274_20181025_S104,ERU-GW274-BE135-S104-Av6-20181025_S50_L001_R1_001.fastq.gz,S104,20181025,ARCH,17GOWN,BE135,ERU,GW274,,
ERU_17GOWN_BACT-BE137-GW275_20180807_S88,ERU-GW275-BE137-S88-20180807_S235_L001_R1_001.fastq.gz,S88,20180807,BACT,17GOWN,BE137,ERU,GW275,,
ERU_17GOWN_ARCH-BE137-GW275_20181025_S88,ERU-GW275-BE137-S88-Av6-20181025_S123_L001_R1_001.fastq.gz,S88,20181025,ARCH,17GOWN,BE137,ERU,GW275,,
ERU_17GOWN_BACT-BE093-GW277_20180807_S65,ERU-GW277-BE093-S65-20180807_S214_L001_R1_001.fastq.gz,S65,20180807,BACT,17GOWN,BE093,ERU,GW277,,
ERU_17GOWN_ARCH-BE093-GW277_20181025_S65,ERU-GW277-BE093-S65-Av6-20181025_S106_L001_R1_001.fastq.gz,S65,20181025,ARCH,17GOWN,BE093,ERU,GW277,,
ERU_16GOWN_BACT-BE027-GW280_20180807_S6,ERU-GW280-BE027-S6-20180807_S155_L001_R1_001.fastq.gz,S6,20180807,BACT,16GOWN,BE027,ERU,GW280,,
ERU_16GOWN_ARCH-BE027-GW280_20181025_S6,ERU-GW280-BE027-S6-Av6-20181025_S6_L001_R1_001.fastq.gz,S6,20181025,ARCH,16GOWN,BE027,ERU,GW280,,
ERU_16GOWN_BACT-BE028-GW280_20180807_S21,ERU-GW280-BE028-S21-20180807_S170_L001_R1_001.fastq.gz,S21,20180807,BACT,16GOWN,BE028,ERU,GW280,,
ERU_16GOWN_ARCH-BE028-GW280_20181025_S21,ERU-GW280-BE028-S21-Av6-20181025_S20_L001_R1_001.fastq.gz,S21,20181025,ARCH,16GOWN,BE028,ERU,GW280,,
ERU_17GOWN_BACT-BE088-GW286_20180807_S71,ERU-GW286-BE088-S71-20180807_S218_L001_R1_001.fastq.gz,S71,20180807,BACT,17GOWN,BE088,ERU,GW286,,
ERU_17GOWN_ARCH-BE088-GW286_20181025_S71,ERU-GW286-BE088-S71-Av6-20181025_S108_L001_R1_001.fastq.gz,S71,20181025,ARCH,17GOWN,BE088,ERU,GW286,,
ERU_17GOWN_BACT-BE143-GW291_20180807_S144,ERU-GW291-BE143-S144-20180807_S148_L001_R1_001.fastq.gz,S144,20180807,BACT,17GOWN,BE143,ERU,GW291,,
ERU_17GOWN_ARCH-BE143-GW291_20181025_S144,ERU-GW291-BE143-S144-Av6-20181025_S76_L001_R1_001.fastq.gz,S144,20181025,ARCH,17GOWN,BE143,ERU,GW291,,
ERU_16GOWN_BACT-BE036-GW298_20180807_S72,ERU-GW298-BE036-S72-20180807_S219_L001_R1_001.fastq.gz,S72,20180807,BACT,16GOWN,BE036,ERU,GW298,,
ERU_16GOWN_ARCH-BE036-GW298_20181025_S72,ERU-GW298-BE036-S72-Av6-20181025_S109_L001_R1_001.fastq.gz,S72,20181025,ARCH,16GOWN,BE036,ERU,GW298,,
ERU_16GOWN_BACT-BE039-GW298_20180807_S107,ERU-GW298-BE039-S107-20180807_S111_L001_R1_001.fastq.gz,S107,20180807,BACT,16GOWN,BE039,ERU,GW298,,
ERU_16GOWN_ARCH-BE039-GW298_20181025_S107,ERU-GW298-BE039-S107-Av6-20181025_S53_L001_R1_001.fastq.gz,S107,20181025,ARCH,16GOWN,BE039,ERU,GW298,,
ERU_16GOWN_BACT-BE040-GW298_20180807_S159,ERU-GW298-BE040-S159-20180807_S259_L001_R1_001.fastq.gz,S159,20180807,BACT,16GOWN,BE040,ERU,GW298,,
ERU_16GOWN_ARCH-BE040-GW298_20181025_S159,ERU-GW298-BE040-S159-Av6-20181025_S145_L001_R1_001.fastq.gz,S159,20181025,ARCH,16GOWN,BE040,ERU,GW298,,
ERU_16GOWN_BACT-BE040-GW298_20180807_S49,ERU-GW298-BE040-S49-20180807_S198_L001_R1_001.fastq.gz,S49,20180807,BACT,16GOWN,BE040,ERU,GW298,,
ERU_16GOWN_ARCH-BE040-GW298_20181025_S49,ERU-GW298-BE040-S49-Av6-20181025_S80_L001_R1_001.fastq.gz,S49,20181025,ARCH,16GOWN,BE040,ERU,GW298,,
ERU_17GOWN_BACT-BE130-GW3002_20180807_S32,ERU-GW3002-BE130-S32-20180807_S181_L001_R1_001.fastq.gz,S32,20180807,BACT,17GOWN,BE130,ERU,GW3002,,
ERU_17GOWN_ARCH-BE130-GW3002_20181025_S32,ERU-GW3002-BE130-S32-Av6-20181025_S30_L001_R1_001.fastq.gz,S32,20181025,ARCH,17GOWN,BE130,ERU,GW3002,,
ERU_17GOWN_BACT-BE065-GW3004_20180807_S29,ERU-GW3004-BE065-S29-20180807_S178_L001_R1_001.fastq.gz,S29,20180807,BACT,17GOWN,BE065,ERU,GW3004,,
ERU_17GOWN_ARCH-BE065-GW3004_20181025_S29,ERU-GW3004-BE065-S29-Av6-20181025_S27_L001_R1_001.fastq.gz,S29,20181025,ARCH,17GOWN,BE065,ERU,GW3004,,
ERU_16GOWN_BACT-BE006-GW3010_20180807_S5,ERU-GW3010-BE006-S5-20180807_S154_L001_R1_001.fastq.gz,S5,20180807,BACT,16GOWN,BE006,ERU,GW3010,,
ERU_16GOWN_ARCH-BE006-GW3010_20181025_S5,ERU-GW3010-BE006-S5-Av6-20181025_S5_L001_R1_001.fastq.gz,S5,20181025,ARCH,16GOWN,BE006,ERU,GW3010,,
ERU_17GOWN_BACT-BE090-GW3021_20180807_S47,ERU-GW3021-BE090-S47-20180807_S196_L001_R1_001.fastq.gz,S47,20180807,BACT,17GOWN,BE090,ERU,GW3021,,
ERU_17GOWN_ARCH-BE090-GW3021_20181025_S47,ERU-GW3021-BE090-S47-Av6-20181025_S44_L001_R1_001.fastq.gz,S47,20181025,ARCH,17GOWN,BE090,ERU,GW3021,,
ERU_16GOWN_BACT-BE014-GW3026_20180807_S45,ERU-GW3026-BE014-S45-20180807_S194_L001_R1_001.fastq.gz,S45,20180807,BACT,16GOWN,BE014,ERU,GW3026,,
ERU_16GOWN_ARCH-BE014-GW3026_20181025_S45,ERU-GW3026-BE014-S45-Av6-20181025_S42_L001_R1_001.fastq.gz,S45,20181025,ARCH,16GOWN,BE014,ERU,GW3026,,
ERU_17GOWN_BACT-BE102-GW3026_20180807_S48,ERU-GW3026-BE102-S48-20180807_S197_L001_R1_001.fastq.gz,S48,20180807,BACT,17GOWN,BE102,ERU,GW3026,,
ERU_17GOWN_ARCH-BE102-GW3026_20181025_S48,ERU-GW3026-BE102-S48-Av6-20181025_S79_L001_R1_001.fastq.gz,S48,20181025,ARCH,17GOWN,BE102,ERU,GW3026,,
ERU_17GOWN_BACT-BE119-GW3050_20180807_S10,ERU-GW3050-BE119-S10-20180807_S159_L001_R1_001.fastq.gz,S10,20180807,BACT,17GOWN,BE119,ERU,GW3050,,
ERU_17GOWN_ARCH-BE119-GW3050_20181025_S10,ERU-GW3050-BE119-S10-Av6-20181025_S10_L001_R1_001.fastq.gz,S10,20181025,ARCH,17GOWN,BE119,ERU,GW3050,,
ERU_17GOWN_BACT-BE117-GW3053_20180807_S36,ERU-GW3053-BE117-S36-20180807_S185_L001_R1_001.fastq.gz,S36,20180807,BACT,17GOWN,BE117,ERU,GW3053,,
ERU_17GOWN_ARCH-BE117-GW3053_20181025_S36,ERU-GW3053-BE117-S36-Av6-20181025_S174_L001_R1_001.fastq.gz,S36,20181025,ARCH,17GOWN,BE117,ERU,GW3053,,
ERU_16GOWN_BACT-BE021-GW3104_20180807_S33,ERU-GW3104-BE021-S33-20180807_S182_L001_R1_001.fastq.gz,S33,20180807,BACT,16GOWN,BE021,ERU,GW3104,,
ERU_16GOWN_ARCH-BE021-GW3104_20181025_S33,ERU-GW3104-BE021-S33-Av6-20181025_S31_L001_R1_001.fastq.gz,S33,20181025,ARCH,16GOWN,BE021,ERU,GW3104,,
ERU_16GOWN_BACT-BE022-GW3104_20180807_S9,ERU-GW3104-BE022-S9-20180807_S158_L001_R1_001.fastq.gz,S9,20180807,BACT,16GOWN,BE022,ERU,GW3104,,
ERU_16GOWN_ARCH-BE022-GW3104_20181025_S9,ERU-GW3104-BE022-S9-Av6-20181025_S9_L001_R1_001.fastq.gz,S9,20181025,ARCH,16GOWN,BE022,ERU,GW3104,,
ERU_17GOWN_BACT-BE079-GW3104_20180807_S46,ERU-GW3104-BE079-S46-20180807_S195_L001_R1_001.fastq.gz,S46,20180807,BACT,17GOWN,BE079,ERU,GW3104,,
ERU_17GOWN_ARCH-BE079-GW3104_20181025_S46,ERU-GW3104-BE079-S46-Av6-20181025_S43_L001_R1_001.fastq.gz,S46,20181025,ARCH,17GOWN,BE079,ERU,GW3104,,
ERU_17GOWN_BACT-BE116-GW311_20180807_S133,ERU-GW311-BE116-S133-20180807_S137_L001_R1_001.fastq.gz,S133,20180807,BACT,17GOWN,BE116,ERU,GW311,,
ERU_17GOWN_ARCH-BE116-GW311_20181025_S133,ERU-GW311-BE116-S133-Av6-20181025_S100_L001_R1_001.fastq.gz,S133,20181025,ARCH,17GOWN,BE116,ERU,GW311,,
ERU_17GOWN_BACT-BE074-GW312_20180807_S76,ERU-GW312-BE074-S76-20180807_S223_L001_R1_001.fastq.gz,S76,20180807,BACT,17GOWN,BE074,ERU,GW312,,
ERU_17GOWN_ARCH-BE074-GW312_20181025_S76,ERU-GW312-BE074-S76-Av6-20181025_S113_L001_R1_001.fastq.gz,S76,20181025,ARCH,17GOWN,BE074,ERU,GW312,,
ERU_17GOWN_BACT-BE115-GW313_20180807_S40,ERU-GW313-BE115-S40-20180807_S189_L001_R1_001.fastq.gz,S40,20180807,BACT,17GOWN,BE115,ERU,GW313,,
ERU_17GOWN_ARCH-BE115-GW313_20181025_S40,ERU-GW313-BE115-S40-Av6-20181025_S37_L001_R1_001.fastq.gz,S40,20181025,ARCH,17GOWN,BE115,ERU,GW313,,
ERU_17GOWN_BACT-BE101-GW332_20180807_S131,ERU-GW332-BE101-S131-20180807_S135_L001_R1_001.fastq.gz,S131,20180807,BACT,17GOWN,BE101,ERU,GW332,,
ERU_17GOWN_ARCH-BE101-GW332_20181025_S131,ERU-GW332-BE101-S131-Av6-20181025_S98_L001_R1_001.fastq.gz,S131,20181025,ARCH,17GOWN,BE101,ERU,GW332,,
ERU_16GOWN_BACT-BE025-GW333_20180807_S158,ERU-GW333-BE025-S158-20180807_S258_L001_R1_001.fastq.gz,S158,20180807,BACT,16GOWN,BE025,ERU,GW333,,
ERU_16GOWN_ARCH-BE025-GW333_20181025_S158,ERU-GW333-BE025-S158-Av6-20181025_S144_L001_R1_001.fastq.gz,S158,20181025,ARCH,16GOWN,BE025,ERU,GW333,,
ERU_16GOWN_BACT-BE025-GW333_20180807_S81,ERU-GW333-BE025-S81-20180807_S228_L001_R1_001.fastq.gz,S81,20180807,BACT,16GOWN,BE025,ERU,GW333,,
ERU_16GOWN_ARCH-BE025-GW333_20181025_S81,ERU-GW333-BE025-S81-Av6-20181025_S179_L001_R1_001.fastq.gz,S81,20181025,ARCH,16GOWN,BE025,ERU,GW333,,
ERU_16GOWN_BACT-BE041-GW338_20180807_S95,ERU-GW338-BE041-S95-20180807_S242_L001_R1_001.fastq.gz,S95,20180807,BACT,16GOWN,BE041,ERU,GW338,,
ERU_16GOWN_ARCH-BE041-GW338_20181025_S95,ERU-GW338-BE041-S95-Av6-20181025_S128_L001_R1_001.fastq.gz,S95,20181025,ARCH,16GOWN,BE041,ERU,GW338,,
ERU_17GOWN_BACT-BE107-GW340_20180807_S118,ERU-GW340-BE107-S118-20180807_S122_L001_R1_001.fastq.gz,S118,20180807,BACT,17GOWN,BE107,ERU,GW340,,
ERU_17GOWN_ARCH-BE107-GW340_20181025_S118,ERU-GW340-BE107-S118-Av6-20181025_S63_L001_R1_001.fastq.gz,S118,20181025,ARCH,17GOWN,BE107,ERU,GW340,,
ERU_16GOWN_BACT-BE043-GW341_20180807_S44,ERU-GW341-BE043-S44-20180807_S193_L001_R1_001.fastq.gz,S44,20180807,BACT,16GOWN,BE043,ERU,GW341,,
ERU_16GOWN_ARCH-BE043-GW341_20181025_S44,ERU-GW341-BE043-S44-Av6-20181025_S41_L001_R1_001.fastq.gz,S44,20181025,ARCH,16GOWN,BE043,ERU,GW341,,
ERU_16GOWN_BACT-BE042-GW373_20180807_S19,ERU-GW373-BE042-S19-20180807_S168_L001_R1_001.fastq.gz,S19,20180807,BACT,16GOWN,BE042,ERU,GW373,,
ERU_16GOWN_ARCH-BE042-GW373_20181025_S19,ERU-GW373-BE042-S19-Av6-20181025_S18_L001_R1_001.fastq.gz,S19,20181025,ARCH,16GOWN,BE042,ERU,GW373,,
ERU_17GOWN_BACT-BE105-GW373_20180807_S114,ERU-GW373-BE105-S114-20180807_S118_L001_R1_001.fastq.gz,S114,20180807,BACT,17GOWN,BE105,ERU,GW373,,
ERU_17GOWN_ARCH-BE105-GW373_20181025_S114,ERU-GW373-BE105-S114-Av6-20181025_S59_L001_R1_001.fastq.gz,S114,20181025,ARCH,17GOWN,BE105,ERU,GW373,,
ERU_17GOWN_BACT-BE112-GW378_20180807_S137,ERU-GW378-BE112-S137-20180807_S141_L001_R1_001.fastq.gz,S137,20180807,BACT,17GOWN,BE112,ERU,GW378,,
ERU_17GOWN_ARCH-BE112-GW378_20181025_S137,ERU-GW378-BE112-S137-Av6-20181025_S69_L001_R1_001.fastq.gz,S137,20181025,ARCH,17GOWN,BE112,ERU,GW378,,
ERU_17GOWN_BACT-BE108-GW379_20180807_S122,ERU-GW379-BE108-S122-20180807_S126_L001_R1_001.fastq.gz,S122,20180807,BACT,17GOWN,BE108,ERU,GW379,,
ERU_17GOWN_ARCH-BE108-GW379_20181025_S122,ERU-GW379-BE108-S122-Av6-20181025_S91_L001_R1_001.fastq.gz,S122,20181025,ARCH,17GOWN,BE108,ERU,GW379,,
ERU_17GOWN_BACT-BE138-GW381_20180807_S73,ERU-GW381-BE138-S73-20180807_S220_L001_R1_001.fastq.gz,S73,20180807,BACT,17GOWN,BE138,ERU,GW381,,
ERU_17GOWN_ARCH-BE138-GW381_20181025_S73,ERU-GW381-BE138-S73-Av6-20181025_S110_L001_R1_001.fastq.gz,S73,20181025,ARCH,17GOWN,BE138,ERU,GW381,,
ERU_16GOWN_BACT-BE050-GW381sic_20180807_S11,ERU-GW381sic-BE050-S11-20180807_S160_L001_R1_001.fastq.gz,S11,20180807,BACT,16GOWN,BE050,ERU,GW381sic,,
ERU_16GOWN_ARCH-BE050-GW381sic_20181025_S11,ERU-GW381sic-BE050-S11-Av6-20181025_S11_L001_R1_001.fastq.gz,S11,20181025,ARCH,16GOWN,BE050,ERU,GW381sic,,
ERU_16GOWN_BACT-BE050-GW381sic_20180807_S12,ERU-GW381sic-BE050-S12-20180807_S161_L001_R1_001.fastq.gz,S12,20180807,BACT,16GOWN,BE050,ERU,GW381sic,,
ERU_16GOWN_ARCH-BE050-GW381sic_20181025_S12,ERU-GW381sic-BE050-S12-Av6-20181025_S173_L001_R1_001.fastq.gz,S12,20181025,ARCH,16GOWN,BE050,ERU,GW381sic,,
ERU_17GOWN_BACT-BE144-GW384_20180807_S61,ERU-GW384-BE144-S61-20180807_S210_L001_R1_001.fastq.gz,S61,20180807,BACT,17GOWN,BE144,ERU,GW384,,
ERU_17GOWN_ARCH-BE144-GW384_20181025_S61,ERU-GW384-BE144-S61-Av6-20181025_S102_L001_R1_001.fastq.gz,S61,20181025,ARCH,17GOWN,BE144,ERU,GW384,,
ERU_16GOWN_BACT-BE051-GW387_20180807_S130,ERU-GW387-BE051-S130-20180807_S134_L001_R1_001.fastq.gz,S130,20180807,BACT,16GOWN,BE051,ERU,GW387,,
ERU_16GOWN_ARCH-BE051-GW387_20181025_S130,ERU-GW387-BE051-S130-Av6-20181025_S184_L001_R1_001.fastq.gz,S130,20181025,ARCH,16GOWN,BE051,ERU,GW387,,
ERU_16GOWN_BACT-BE009-GW398_20180807_S13,ERU-GW398-BE009-S13-20180807_S162_L001_R1_001.fastq.gz,S13,20180807,BACT,16GOWN,BE009,ERU,GW398,,
ERU_16GOWN_ARCH-BE009-GW398_20181025_S13,ERU-GW398-BE009-S13-Av6-20181025_S12_L001_R1_001.fastq.gz,S13,20181025,ARCH,16GOWN,BE009,ERU,GW398,,
ERU_16GOWN_BACT-BE009-GW398_20180807_S14,ERU-GW398-BE009-S14-20180807_S163_L001_R1_001.fastq.gz,S14,20180807,BACT,16GOWN,BE009,ERU,GW398,,
ERU_16GOWN_ARCH-BE009-GW398_20181025_S14,ERU-GW398-BE009-S14-Av6-20181025_S13_L001_R1_001.fastq.gz,S14,20181025,ARCH,16GOWN,BE009,ERU,GW398,,
ERU_16GOWN_BACT-BE009-GW398_20180807_S157,ERU-GW398-BE009-S157-20180807_S257_L001_R1_001.fastq.gz,S157,20180807,BACT,16GOWN,BE009,ERU,GW398,,
ERU_16GOWN_ARCH-BE009-GW398_20181025_S157,ERU-GW398-BE009-S157-Av6-20181025_S143_L001_R1_001.fastq.gz,S157,20181025,ARCH,16GOWN,BE009,ERU,GW398,,
ERU_16GOWN_BACT-BE049-GW398_20180807_S58,ERU-GW398-BE049-S58-20180807_S207_L001_R1_001.fastq.gz,S58,20180807,BACT,16GOWN,BE049,ERU,GW398,,
ERU_16GOWN_ARCH-BE049-GW398_20181025_S58,ERU-GW398-BE049-S58-Av6-20181025_S87_L001_R1_001.fastq.gz,S58,20181025,ARCH,16GOWN,BE049,ERU,GW398,,
ERU_17GOWN_BACT-BE127-GW398_20180807_S93,ERU-GW398-BE127-S93-20180807_S240_L001_R1_001.fastq.gz,S93,20180807,BACT,17GOWN,BE127,ERU,GW398,,
ERU_17GOWN_ARCH-BE127-GW398_20181025_S93,ERU-GW398-BE127-S93-Av6-20181025_S181_L001_R1_001.fastq.gz,S93,20181025,ARCH,17GOWN,BE127,ERU,GW398,,
ERU_17GOWN_BACT-BE109-GW4016_20180807_S109,ERU-GW4016-BE109-S109-20180807_S113_L001_R1_001.fastq.gz,S109,20180807,BACT,17GOWN,BE109,ERU,GW4016,,
ERU_17GOWN_ARCH-BE109-GW4016_20181025_S109,ERU-GW4016-BE109-S109-Av6-20181025_S55_L001_R1_001.fastq.gz,S109,20181025,ARCH,17GOWN,BE109,ERU,GW4016,,
ERU_16GOWN_BACT-BE045-GW439_20180807_S26,ERU-GW439-BE045-S26-20180807_S175_L001_R1_001.fastq.gz,S26,20180807,BACT,16GOWN,BE045,ERU,GW439,,
ERU_16GOWN_ARCH-BE045-GW439_20181025_S26,ERU-GW439-BE045-S26-Av6-20181025_S24_L001_R1_001.fastq.gz,S26,20181025,ARCH,16GOWN,BE045,ERU,GW439,,
ERU_16GOWN_BACT-BE045-GW439_20180807_S52,ERU-GW439-BE045-S52-20180807_S201_L001_R1_001.fastq.gz,S52,20180807,BACT,16GOWN,BE045,ERU,GW439,,
ERU_16GOWN_ARCH-BE045-GW439_20181025_S52,ERU-GW439-BE045-S52-Av6-20181025_S83_L001_R1_001.fastq.gz,S52,20181025,ARCH,16GOWN,BE045,ERU,GW439,,
ERU_16GOWN_BACT-BE046-GW439_20180807_S2,ERU-GW439-BE046-S2-20180807_S151_L001_R1_001.fastq.gz,S2,20180807,BACT,16GOWN,BE046,ERU,GW439,,
ERU_16GOWN_ARCH-BE046-GW439_20181025_S2,ERU-GW439-BE046-S2-Av6-20181025_S2_L001_R1_001.fastq.gz,S2,20181025,ARCH,16GOWN,BE046,ERU,GW439,,
ERU_16GOWN_BACT-BE046-GW439_20180807_S3,ERU-GW439-BE046-S3-20180807_S152_L001_R1_001.fastq.gz,S3,20180807,BACT,16GOWN,BE046,ERU,GW439,,
ERU_16GOWN_ARCH-BE046-GW439_20181025_S3,ERU-GW439-BE046-S3-Av6-20181025_S3_L001_R1_001.fastq.gz,S3,20181025,ARCH,16GOWN,BE046,ERU,GW439,,
ERU_16GOWN_BACT-BE047-GW439_20180807_S20,ERU-GW439-BE047-S20-20180807_S169_L001_R1_001.fastq.gz,S20,20180807,BACT,16GOWN,BE047,ERU,GW439,,
ERU_16GOWN_ARCH-BE047-GW439_20181025_S20,ERU-GW439-BE047-S20-Av6-20181025_S19_L001_R1_001.fastq.gz,S20,20181025,ARCH,16GOWN,BE047,ERU,GW439,,
ERU_16GOWN_BACT-BE047-GW439_20180807_S51,ERU-GW439-BE047-S51-20180807_S200_L001_R1_001.fastq.gz,S51,20180807,BACT,16GOWN,BE047,ERU,GW439,,
ERU_16GOWN_ARCH-BE047-GW439_20181025_S51,ERU-GW439-BE047-S51-Av6-20181025_S82_L001_R1_001.fastq.gz,S51,20181025,ARCH,16GOWN,BE047,ERU,GW439,,
ERU_17GOWN_BACT-BE067-GW456_20180807_S91,ERU-GW456-BE067-S91-20180807_S238_L001_R1_001.fastq.gz,S91,20180807,BACT,17GOWN,BE067,ERU,GW456,,
ERU_17GOWN_ARCH-BE067-GW456_20181025_S91,ERU-GW456-BE067-S91-Av6-20181025_S126_L001_R1_001.fastq.gz,S91,20181025,ARCH,17GOWN,BE067,ERU,GW456,,
ERU_17GOWN_BACT-BE068-GW456_20180807_S102,ERU-GW456-BE068-S102-20180807_S106_L001_R1_001.fastq.gz,S102,20180807,BACT,17GOWN,BE068,ERU,GW456,,
ERU_17GOWN_ARCH-BE068-GW456_20181025_S102,ERU-GW456-BE068-S102-Av6-20181025_S48_L001_R1_001.fastq.gz,S102,20181025,ARCH,17GOWN,BE068,ERU,GW456,,
ERU_17GOWN_BACT-BE069-GW456_20180807_S83,ERU-GW456-BE069-S83-20180807_S230_L001_R1_001.fastq.gz,S83,20180807,BACT,17GOWN,BE069,ERU,GW456,,
ERU_17GOWN_ARCH-BE069-GW456_20181025_S83,ERU-GW456-BE069-S83-Av6-20181025_S118_L001_R1_001.fastq.gz,S83,20181025,ARCH,17GOWN,BE069,ERU,GW456,,
ERU_16GOWN_BACT-BE037-GW760_20180807_S30,ERU-GW760-BE037-S30-20180807_S179_L001_R1_001.fastq.gz,S30,20180807,BACT,16GOWN,BE037,ERU,GW760,,
ERU_16GOWN_ARCH-BE037-GW760_20181025_S30,ERU-GW760-BE037-S30-Av6-20181025_S28_L001_R1_001.fastq.gz,S30,20181025,ARCH,16GOWN,BE037,ERU,GW760,,
ERU_16GOWN_BACT-BE038-GW760_20180807_S37,ERU-GW760-BE038-S37-20180807_S186_L001_R1_001.fastq.gz,S37,20180807,BACT,16GOWN,BE038,ERU,GW760,,
ERU_16GOWN_ARCH-BE038-GW760_20181025_S37,ERU-GW760-BE038-S37-Av6-20181025_S34_L001_R1_001.fastq.gz,S37,20181025,ARCH,16GOWN,BE038,ERU,GW760,,
ERU_17GOWN_BACT-BE104-GW760_20180807_S18,ERU-GW760-BE104-S18-20180807_S167_L001_R1_001.fastq.gz,S18,20180807,BACT,17GOWN,BE104,ERU,GW760,,
ERU_17GOWN_ARCH-BE104-GW760_20181025_S18,ERU-GW760-BE104-S18-Av6-20181025_S17_L001_R1_001.fastq.gz,S18,20181025,ARCH,17GOWN,BE104,ERU,GW760,,
ERU_17GOWN_BACT-BE062-GW787_20180807_S15,ERU-GW787-BE062-S15-20180807_S164_L001_R1_001.fastq.gz,S15,20180807,BACT,17GOWN,BE062,ERU,GW787,,
ERU_17GOWN_ARCH-BE062-GW787_20181025_S15,ERU-GW787-BE062-S15-Av6-20181025_S14_L001_R1_001.fastq.gz,S15,20181025,ARCH,17GOWN,BE062,ERU,GW787,,
ERU_17GOWN_BACT-BE073-GW945_20180807_S74,ERU-GW945-BE073-S74-20180807_S221_L001_R1_001.fastq.gz,S74,20180807,BACT,17GOWN,BE073,ERU,GW945,,
ERU_17GOWN_ARCH-BE073-GW945_20181025_S74,ERU-GW945-BE073-S74-Av6-20181025_S111_L001_R1_001.fastq.gz,S74,20181025,ARCH,17GOWN,BE073,ERU,GW945,,
ERU_17GOWN_BACT-BE078-GW947_20180807_S77,ERU-GW947-BE078-S77-20180807_S224_L001_R1_001.fastq.gz,S77,20180807,BACT,17GOWN,BE078,ERU,GW947,,
ERU_17GOWN_ARCH-BE078-GW947_20181025_S77,ERU-GW947-BE078-S77-Av6-20181025_S114_L001_R1_001.fastq.gz,S77,20181025,ARCH,17GOWN,BE078,ERU,GW947,,
ERU_16GOWN_BACT-BE016-GW951_20180807_S155,ERU-GW951-BE016-S155-20180807_S253_L001_R1_001.fastq.gz,S155,20180807,BACT,16GOWN,BE016,ERU,GW951,,
ERU_16GOWN_ARCH-BE016-GW951_20181025_S155,ERU-GW951-BE016-S155-Av6-20181025_S139_L001_R1_001.fastq.gz,S155,20181025,ARCH,16GOWN,BE016,ERU,GW951,,
ERU_16GOWN_BACT-BE016-GW951_20180807_S7,ERU-GW951-BE016-S7-20180807_S156_L001_R1_001.fastq.gz,S7,20180807,BACT,16GOWN,BE016,ERU,GW951,,
ERU_16GOWN_ARCH-BE016-GW951_20181025_S7,ERU-GW951-BE016-S7-Av6-20181025_S7_L001_R1_001.fastq.gz,S7,20181025,ARCH,16GOWN,BE016,ERU,GW951,,
ERU_16GOWN_BACT-BE007-GW969_20180807_S119,ERU-GW969-BE007-S119-20180807_S123_L001_R1_001.fastq.gz,S119,20180807,BACT,16GOWN,BE007,ERU,GW969,,
ERU_16GOWN_ARCH-BE007-GW969_20181025_S119,ERU-GW969-BE007-S119-Av6-20181025_S64_L001_R1_001.fastq.gz,S119,20181025,ARCH,16GOWN,BE007,ERU,GW969,,
ERU_16GOWN_BACT-BE057-GW972_20180807_S17,ERU-GW972-BE057-S17-20180807_S166_L001_R1_001.fastq.gz,S17,20180807,BACT,16GOWN,BE057,ERU,GW972,,
ERU_16GOWN_ARCH-BE057-GW972_20181025_S17,ERU-GW972-BE057-S17-Av6-20181025_S16_L001_R1_001.fastq.gz,S17,20181025,ARCH,16GOWN,BE057,ERU,GW972,,
ERU_17GOWN_BACT-BE128-GW980_20180807_S99,ERU-GW980-BE128-S99-20180807_S103_L001_R1_001.fastq.gz,S99,20180807,BACT,17GOWN,BE128,ERU,GW980,,
ERU_17GOWN_ARCH-BE128-GW980_20181025_S99,ERU-GW980-BE128-S99-Av6-20181025_S45_L001_R1_001.fastq.gz,S99,20181025,ARCH,17GOWN,BE128,ERU,GW980,,
ERU_17GOWN_BACT-BE129-GW982_20180807_S135,ERU-GW982-BE129-S135-20180807_S139_L001_R1_001.fastq.gz,S135,20180807,BACT,17GOWN,BE129,ERU,GW982,,
ERU_17GOWN_ARCH-BE129-GW982_20181025_S135,ERU-GW982-BE129-S135-Av6-20181025_S67_L001_R1_001.fastq.gz,S135,20181025,ARCH,17GOWN,BE129,ERU,GW982,,
ERU_17GOWN_BACT-BE084-GW983_20180807_S60,ERU-GW983-BE084-S60-20180807_S209_L001_R1_001.fastq.gz,S60,20180807,BACT,17GOWN,BE084,ERU,GW983,,
ERU_17GOWN_ARCH-BE084-GW983_20181025_S60,ERU-GW983-BE084-S60-Av6-20181025_S89_L001_R1_001.fastq.gz,S60,20181025,ARCH,17GOWN,BE084,ERU,GW983,,
ERU_17GOWN_BACT-BE083-GW984_20180807_S101,ERU-GW984-BE083-S101-20180807_S105_L001_R1_001.fastq.gz,S101,20180807,BACT,17GOWN,BE083,ERU,GW984,,
ERU_17GOWN_ARCH-BE083-GW984_20181025_S101,ERU-GW984-BE083-S101-Av6-20181025_S47_L001_R1_001.fastq.gz,S101,20181025,ARCH,17GOWN,BE083,ERU,GW984,,
ERU_16GOWN_BACT-BE010-GW985_20180807_S1,ERU-GW985-BE010-S1-20180807_S150_L001_R1_001.fastq.gz,S1,20180807,BACT,16GOWN,BE010,ERU,GW985,,
ERU_16GOWN_ARCH-BE010-GW985_20181025_S1,ERU-GW985-BE010-S1-Av6-20181025_S1_L001_R1_001.fastq.gz,S1,20181025,ARCH,16GOWN,BE010,ERU,GW985,,
ERU_17GOWN_BACT-BE111-GW985_20180807_S62,ERU-GW985-BE111-S62-20180807_S211_L001_R1_001.fastq.gz,S62,20180807,BACT,17GOWN,BE111,ERU,GW985,,
ERU_17GOWN_ARCH-BE111-GW985_20181025_S62,ERU-GW985-BE111-S62-Av6-20181025_S103_L001_R1_001.fastq.gz,S62,20181025,ARCH,17GOWN,BE111,ERU,GW985,,
ERU_16GOWN_BACT-BE011-GW986_20180807_S23,ERU-GW986-BE011-S23-20180807_S172_L001_R1_001.fastq.gz,S23,20180807,BACT,16GOWN,BE011,ERU,GW986,,
ERU_16GOWN_ARCH-BE011-GW986_20181025_S23,ERU-GW986-BE011-S23-Av6-20181025_S22_L001_R1_001.fastq.gz,S23,20181025,ARCH,16GOWN,BE011,ERU,GW986,,
ERU_16GOWN_BACT-BE012-GW986_20180807_S4,ERU-GW986-BE012-S4-20180807_S153_L001_R1_001.fastq.gz,S4,20180807,BACT,16GOWN,BE012,ERU,GW986,,
ERU_16GOWN_ARCH-BE012-GW986_20181025_S4,ERU-GW986-BE012-S4-Av6-20181025_S4_L001_R1_001.fastq.gz,S4,20181025,ARCH,16GOWN,BE012,ERU,GW986,,
ERU_16GOWN_BACT-BE013-GW986_20180807_S54,ERU-GW986-BE013-S54-20180807_S203_L001_R1_001.fastq.gz,S54,20180807,BACT,16GOWN,BE013,ERU,GW986,,
ERU_16GOWN_ARCH-BE013-GW986_20181025_S54,ERU-GW986-BE013-S54-Av6-20181025_S85_L001_R1_001.fastq.gz,S54,20181025,ARCH,16GOWN,BE013,ERU,GW986,,
ERU_17GOWN_BACT-BE121-GW986_20180807_S147,ERU-GW986-BE121-S147-20180807_S247_L001_R1_001.fastq.gz,S147,20180807,BACT,17GOWN,BE121,ERU,GW986,,
ERU_17GOWN_ARCH-BE121-GW986_20181025_S147,ERU-GW986-BE121-S147-Av6-20181025_S133_L001_R1_001.fastq.gz,S147,20181025,ARCH,17GOWN,BE121,ERU,GW986,,
ERU_17GOWN_BACT-BE122-GW986_20180807_S142,ERU-GW986-BE122-S142-20180807_S146_L001_R1_001.fastq.gz,S142,20180807,BACT,17GOWN,BE122,ERU,GW986,,
ERU_17GOWN_ARCH-BE122-GW986_20181025_S142,ERU-GW986-BE122-S142-Av6-20181025_S74_L001_R1_001.fastq.gz,S142,20181025,ARCH,17GOWN,BE122,ERU,GW986,,
ERU_17GOWN_BACT-BE123-GW986_20180807_S148,ERU-GW986-BE123-S148-20180807_S248_L001_R1_001.fastq.gz,S148,20180807,BACT,17GOWN,BE123,ERU,GW986,,
ERU_17GOWN_ARCH-BE123-GW986_20181025_S148,ERU-GW986-BE123-S148-Av6-20181025_S134_L001_R1_001.fastq.gz,S148,20181025,ARCH,17GOWN,BE123,ERU,GW986,,
ERU_16GOWN_BACT-BE055-GW989_20180807_S39,ERU-GW989-BE055-S39-20180807_S188_L001_R1_001.fastq.gz,S39,20180807,BACT,16GOWN,BE055,ERU,GW989,,
ERU_16GOWN_ARCH-BE055-GW989_20181025_S39,ERU-GW989-BE055-S39-Av6-20181025_S36_L001_R1_001.fastq.gz,S39,20181025,ARCH,16GOWN,BE055,ERU,GW989,,
ERU_16GOWN_BACT-BE053-GW990_20180807_S125,ERU-GW990-BE053-S125-20180807_S129_L001_R1_001.fastq.gz,S125,20180807,BACT,16GOWN,BE053,ERU,GW990,,
ERU_16GOWN_ARCH-BE053-GW990_20181025_S125,ERU-GW990-BE053-S125-Av6-20181025_S94_L001_R1_001.fastq.gz,S125,20181025,ARCH,16GOWN,BE053,ERU,GW990,,
ERU_17GOWN_BACT-BE075-GW991_20180807_S139,ERU-GW991-BE075-S139-20180807_S143_L001_R1_001.fastq.gz,S139,20180807,BACT,17GOWN,BE075,ERU,GW991,,
ERU_17GOWN_ARCH-BE075-GW991_20181025_S139,ERU-GW991-BE075-S139-Av6-20181025_S71_L001_R1_001.fastq.gz,S139,20181025,ARCH,17GOWN,BE075,ERU,GW991,,
ERU_17GOWN_BACT-BE076-GW991_20180807_S140,ERU-GW991-BE076-S140-20180807_S144_L001_R1_001.fastq.gz,S140,20180807,BACT,17GOWN,BE076,ERU,GW991,,
ERU_17GOWN_ARCH-BE076-GW991_20181025_S140,ERU-GW991-BE076-S140-Av6-20181025_S72_L001_R1_001.fastq.gz,S140,20181025,ARCH,17GOWN,BE076,ERU,GW991,,
ERU_17GOWN_BACT-BE077-GW991_20180807_S141,ERU-GW991-BE077-S141-20180807_S145_L001_R1_001.fastq.gz,S141,20180807,BACT,17GOWN,BE077,ERU,GW991,,
ERU_17GOWN_ARCH-BE077-GW991_20181025_S141,ERU-GW991-BE077-S141-Av6-20181025_S73_L001_R1_001.fastq.gz,S141,20181025,ARCH,17GOWN,BE077,ERU,GW991,,