NewName,OldName,OldSeqNumber,SeqDate,Primer,Year,GenomeCode,User,GOWNWell,GOWN Location,SampleID
ERU_16GOWN_BACT-BE001-GW126_20180709_S63,ERU_GW126_BE001_S63_20180709,S63,20180709,BACT,16GOWN,BE001,ERU,GW126,Olds,
ERU_16GOWN_ARCH-BE001-GW126_20181025_S63_Av6,ERU_GW126_BE001_S63_Av6_20181025,S63_Av6,20181025,ARCH,16GOWN,BE001,ERU,GW126,Olds,
ERU_16GOWN_BACT-BE002-GW259_20180709_S38,ERU_GW259_BE002_S38_20180709,S38,20180709,BACT,16GOWN,BE002,ERU,GW259,Three_Hills,
ERU_16GOWN_ARCH-BE002-GW259_20181025_S38_Av6,ERU_GW259_BE002_S38_Av6_20181025,S38_Av6,20181025,ARCH,16GOWN,BE002,ERU,GW259,Three_Hills,
ERU_16GOWN_BACT-BE003-GW110_20180709_S154,ERU_GW110_BE003_S154_20180709,S154,20180709,BACT,16GOWN,BE003,ERU,GW110,Mclly,
ERU_16GOWN_BACT-BE003-GW110_20180709_S87,ERU_GW110_BE003_S87_20180709,S87,20180709,BACT,16GOWN,BE003,ERU,GW110,Mclly,
ERU_16GOWN_ARCH-BE003-GW110_20181025_S154_Av6,ERU_GW110_BE003_S154_Av6_20181025,S154_Av6,20181025,ARCH,16GOWN,BE003,ERU,GW110,Mclly,
ERU_16GOWN_ARCH-BE003-GW110_20181025_S87_Av6,ERU_GW110_BE003_S87_Av6_20181025,S87_Av6,20181025,ARCH,16GOWN,BE003,ERU,GW110,Mclly,
ERU_16GOWN_BACT-BE004-GW212_20180709_S103,ERU_GW212_BE004_S103_20180709,S103,20180709,BACT,16GOWN,BE004,ERU,GW212,Milk_River,
ERU_16GOWN_ARCH-BE004-GW212_20181025_S103_Av6,ERU_GW212_BE004_S103_Av6_20181025,S103_Av6,20181025,ARCH,16GOWN,BE004,ERU,GW212,Milk_River,
ERU_16GOWN_BACT-BE005-GW214_20180709_S78,ERU_GW214_BE005_S78_20180709,S78,20180709,BACT,16GOWN,BE005,ERU,GW214,Warner_North,
ERU_16GOWN_BACT-BE005-GW214_20180709_S79,ERU_GW214_BE005_S79_20180709,S79,20180709,BACT,16GOWN,BE005,ERU,GW214,Warner_North,
ERU_16GOWN_ARCH-BE005-GW214_20181025_S78_Av6,ERU_GW214_BE005_S78_Av6_20181025,S78_Av6,20181025,ARCH,16GOWN,BE005,ERU,GW214,Warner_North,
ERU_16GOWN_ARCH-BE005-GW214_20181025_S79_Av6,ERU_GW214_BE005_S79_Av6_20181025,S79_Av6,20181025,ARCH,16GOWN,BE005,ERU,GW214,Warner_North,
ERU_16GOWN_ARCH-BE005-GW214_20181025_S78_Av4,ERU_GW214_BE005_S78_Av4_20181025,S78_Av4,20181025,ARCH,16GOWN,BE005,ERU,GW214,Warner_North,
ERU_16GOWN_BACT-BE006-GW3010_20180709_S5,ERU_GW3010_BE006_S5_20180709,S5,20180709,BACT,16GOWN,BE006,ERU,GW3010,Carmangay,
ERU_16GOWN_ARCH-BE006-GW3010_20181025_S5_Av6,ERU_GW3010_BE006_S5_Av6_20181025,S5_Av6,20181025,ARCH,16GOWN,BE006,ERU,GW3010,Carmangay,
ERU_16GOWN_ARCH-BE006-GW3010_20181025_S5_Av4,ERU_GW3010_BE006_S5_Av4_20181025,S5_Av4,20181025,ARCH,16GOWN,BE006,ERU,GW3010,Carmangay,
ERU_16GOWN_BACT-BE007-GW969_20180709_S119,ERU_GW969_BE007_S119_20180709,S119,20180709,BACT,16GOWN,BE007,ERU,GW969,Crossfield,
ERU_16GOWN_ARCH-BE007-GW969_20181025_S119_Av6,ERU_GW969_BE007_S119_Av6_20181025,S119_Av6,20181025,ARCH,16GOWN,BE007,ERU,GW969,Crossfield,
ERU_16GOWN_BACT-BE008-GW111_20180709_S100,ERU_GW111_BE008_S100_20180709,S100,20180709,BACT,16GOWN,BE008,ERU,GW111,Orton,
ERU_16GOWN_ARCH-BE008-GW111_20181025_S100_Av6,ERU_GW111_BE008_S100_Av6_20181025,S100_Av6,20181025,ARCH,16GOWN,BE008,ERU,GW111,Orton,
ERU_16GOWN_BACT-BE009-GW398_20180709_S13,ERU_GW398_BE009_S13_20180709,S13,20180709,BACT,16GOWN,BE009,ERU,GW398,Pine_Lake,
ERU_16GOWN_BACT-BE009-GW398_20180709_S14,ERU_GW398_BE009_S14_20180709,S14,20180709,BACT,16GOWN,BE009,ERU,GW398,Pine_Lake,
ERU_16GOWN_BACT-BE009-GW398_20180709_S157,ERU_GW398_BE009_S157_20180709,S157,20180709,BACT,16GOWN,BE009,ERU,GW398,Pine_Lake,
ERU_16GOWN_ARCH-BE009-GW398_20181025_S13_Av6,ERU_GW398_BE009_S13_Av6_20181025,S13_Av6,20181025,ARCH,16GOWN,BE009,ERU,GW398,Pine_Lake,
ERU_16GOWN_ARCH-BE009-GW398_20181025_S14_Av6,ERU_GW398_BE009_S14_Av6_20181025,S14_Av6,20181025,ARCH,16GOWN,BE009,ERU,GW398,Pine_Lake,
ERU_16GOWN_ARCH-BE009-GW398_20181025_S157_Av6,ERU_GW398_BE009_S157_Av6_20181025,S157_Av6,20181025,ARCH,16GOWN,BE009,ERU,GW398,Pine_Lake,
ERU_16GOWN_BACT-BE010-GW985_20180709_S1,ERU_GW985_BE010_S1_20180709,S1,20180709,BACT,16GOWN,BE010,ERU,GW985,Cochrane,
ERU_16GOWN_ARCH-BE010-GW985_20181025_S1_Av6,ERU_GW985_BE010_S1_Av6_20181025,S1_Av6,20181025,ARCH,16GOWN,BE010,ERU,GW985,Cochrane,
ERU_16GOWN_BACT-BE011-GW986_20180709_S23,ERU_GW986_BE011_S23_20180709,S23,20180709,BACT,16GOWN,BE011,ERU,GW986,Boggy_Lake_3006_Cochrane_replicate,
ERU_16GOWN_ARCH-BE011-GW986_20181025_S23_Av6,ERU_GW986_BE011_S23_Av6_20181025,S23_Av6,20181025,ARCH,16GOWN,BE011,ERU,GW986,Boggy_Lake_3006_Cochrane_replicate,
ERU_16GOWN_BACT-BE012-GW986_20180709_S4,ERU_GW986_BE012_S4_20180709,S4,20180709,BACT,16GOWN,BE012,ERU,GW986,Rollag_Ranch_500_Cochrane_replicate,
ERU_16GOWN_ARCH-BE012-GW986_20181025_S4_Av6,ERU_GW986_BE012_S4_Av6_20181025,S4_Av6,20181025,ARCH,16GOWN,BE012,ERU,GW986,Rollag_Ranch_500_Cochrane_replicate,
ERU_16GOWN_BACT-BE013-GW986_20180709_S54,ERU_GW986_BE013_S54_20180709,S54,20180709,BACT,16GOWN,BE013,ERU,GW986,Cochrane,
ERU_16GOWN_ARCH-BE013-GW986_20181025_S54_Av6,ERU_GW986_BE013_S54_Av6_20181025,S54_Av6,20181025,ARCH,16GOWN,BE013,ERU,GW986,Cochrane,
ERU_16GOWN_BACT-BE014-GW3026_20180709_S45,ERU_GW3026_BE014_S45_20180709,S45,20180709,BACT,16GOWN,BE014,ERU,GW3026,Rockyford,
ERU_16GOWN_ARCH-BE014-GW3026_20181025_S45_Av6,ERU_GW3026_BE014_S45_Av6_20181025,S45_Av6,20181025,ARCH,16GOWN,BE014,ERU,GW3026,Rockyford,
ERU_16GOWN_BACT-BE015-GW128_20180709_S24,ERU_GW128_BE015_S24_20180709,S24,20180709,BACT,16GOWN,BE015,ERU,GW128,Elnora,
ERU_16GOWN_BACT-BE015-GW128_20180709_S156,ERU_GW128_BE015_S156_20180709,S156,20180709,BACT,16GOWN,BE015,ERU,GW128,Elnora,
ERU_16GOWN_ARCH-BE015-GW128_20181025_S24_Av6,ERU_GW128_BE015_S24_Av6_20181025,S24_Av6,20181025,ARCH,16GOWN,BE015,ERU,GW128,Elnora,
ERU_16GOWN_ARCH-BE015-GW128_20181025_S156_Av6,ERU_GW128_BE015_S156_Av6_20181025,S156_Av6,20181025,ARCH,16GOWN,BE015,ERU,GW128,Elnora,
ERU_16GOWN_BACT-BE016-GW951_20180709_S7,ERU_GW951_BE016_S7_20180709,S7,20180709,BACT,16GOWN,BE016,ERU,GW951,Redlands,
ERU_16GOWN_BACT-BE016-GW951_20180709_S155,ERU_GW951_BE016_S155_20180709,S155,20180709,BACT,16GOWN,BE016,ERU,GW951,Redlands,
ERU_16GOWN_ARCH-BE016-GW951_20181025_S7_Av6,ERU_GW951_BE016_S7_Av6_20181025,S7_Av6,20181025,ARCH,16GOWN,BE016,ERU,GW951,Redlands,
ERU_16GOWN_ARCH-BE016-GW951_20181025_S155_Av6,ERU_GW951_BE016_S155_Av6_20181025,S155_Av6,20181025,ARCH,16GOWN,BE016,ERU,GW951,Redlands,
ERU_16GOWN_BACT-BE017-GW239_20180709_S57,ERU_GW239_BE017_S57_20180709,S57,20180709,BACT,16GOWN,BE017,ERU,GW239,Dewberry,
ERU_16GOWN_ARCH-BE017-GW239_20181025_S57_Av6,ERU_GW239_BE017_S57_Av6_20181025,S57_Av6,20181025,ARCH,16GOWN,BE017,ERU,GW239,Dewberry,
ERU_16GOWN_BACT-BE018-GW239_20180709_S66,ERU_GW239_BE018_S66_20180709,S66,20180709,BACT,16GOWN,BE018,ERU,GW239,Marwayne_1975_Dewberry_replicate,
ERU_16GOWN_ARCH-BE018-GW239_20181025_S66_Av6,ERU_GW239_BE018_S66_Av6_20181025,S66_Av6,20181025,ARCH,16GOWN,BE018,ERU,GW239,Marwayne_1975_Dewberry_replicate,
ERU_16GOWN_BACT-BE019-GW239_20180709_S80,ERU_GW239_BE019_S80_20180709,S80,20180709,BACT,16GOWN,BE019,ERU,GW239,Islay_1968_Dewberry_replicate,
ERU_16GOWN_ARCH-BE019-GW239_20181025_S80_Av6,ERU_GW239_BE019_S80_Av6_20181025,S80_Av6,20181025,ARCH,16GOWN,BE019,ERU,GW239,Islay_1968_Dewberry_replicate,
ERU_16GOWN_BACT-BE020-GW155_20180709_S41,ERU_GW155_BE020_S41_20180709,S41,20180709,BACT,16GOWN,BE020,ERU,GW155,Lloydminster,
ERU_16GOWN_ARCH-BE020-GW155_20181025_S41_Av6,ERU_GW155_BE020_S41_Av6_20181025,S41_Av6,20181025,ARCH,16GOWN,BE020,ERU,GW155,Lloydminster,
ERU_16GOWN_BACT-BE021-GW3104_20180709_S33,ERU_GW3104_BE021_S33_20180709,S33,20180709,BACT,16GOWN,BE021,ERU,GW3104,Hamilin,
ERU_16GOWN_ARCH-BE021-GW3104_20181025_S33_Av6,ERU_GW3104_BE021_S33_Av6_20181025,S33_Av6,20181025,ARCH,16GOWN,BE021,ERU,GW3104,Hamilin,
ERU_16GOWN_BACT-BE022-GW3104_20180709_S9,ERU_GW3104_BE022_S9_20180709,S9,20180709,BACT,16GOWN,BE022,ERU,GW3104,Hamilin,
ERU_16GOWN_ARCH-BE022-GW3104_20181025_S9_Av6,ERU_GW3104_BE022_S9_Av6_20181025,S9_Av6,20181025,ARCH,16GOWN,BE022,ERU,GW3104,Hamilin,
ERU_16GOWN_BACT-BE023-GW150_20180709_S67,ERU_GW150_BE023_S67_20180709,S67,20180709,BACT,16GOWN,BE023,ERU,GW150,Wetaskiwin,
ERU_16GOWN_ARCH-BE023-GW150_20181025_S67_Av6,ERU_GW150_BE023_S67_Av6_20181025,S67_Av6,20181025,ARCH,16GOWN,BE023,ERU,GW150,Wetaskiwin,
ERU_16GOWN_BACT-BE024-GW150_20180709_S92,ERU_GW150_BE024_S92_20180709,S92,20180709,BACT,16GOWN,BE024,ERU,GW150,Wetaskiwin,
ERU_16GOWN_ARCH-BE024-GW150_20181025_S92_Av6,ERU_GW150_BE024_S92_Av6_20181025,S92_Av6,20181025,ARCH,16GOWN,BE024,ERU,GW150,Wetaskiwin,
ERU_16GOWN_BACT-BE025-GW333_20180709_S81,ERU_GW333_BE025_S81_20180709,S81,20180709,BACT,16GOWN,BE025,ERU,GW333,Barrhead,
ERU_16GOWN_BACT-BE025-GW333_20180709_S158,ERU_GW333_BE025_S158_20180709,S158,20180709,BACT,16GOWN,BE025,ERU,GW333,Barrhead,
ERU_16GOWN_ARCH-BE025-GW333_20181025_S81_Av6,ERU_GW333_BE025_S81_Av6_20181025,S81_Av6,20181025,ARCH,16GOWN,BE025,ERU,GW333,Barrhead,
ERU_16GOWN_ARCH-BE025-GW333_20181025_S158_Av6,ERU_GW333_BE025_S158_Av6_20181025,S158_Av6,20181025,ARCH,16GOWN,BE025,ERU,GW333,Barrhead,
ERU_16GOWN_ARCH-BE025-GW333_20181025_S81_Av4,ERU_GW333_BE025_S81_Av4_20181025,S81_Av4,20181025,ARCH,16GOWN,BE025,ERU,GW333,Barrhead,
ERU_16GOWN_BACT-BE026-GW160_20180709_S115,ERU_GW160_BE026_S115_20180709,S115,20180709,BACT,16GOWN,BE026,ERU,GW160,Devon_Botanical_Garden,
ERU_16GOWN_BACT-BE026-GW160_20180709_S160,ERU_GW160_BE026_S160_20180709,S160,20180709,BACT,16GOWN,BE026,ERU,GW160,Devon_Botanical_Garden,
ERU_16GOWN_ARCH-BE026-GW160_20181025_S115_Av6,ERU_GW160_BE026_S115_Av6_20181025,S115_Av6,20181025,ARCH,16GOWN,BE026,ERU,GW160,Devon_Botanical_Garden,
ERU_16GOWN_ARCH-BE026-GW160_20181025_S160_Av6,ERU_GW160_BE026_S160_Av6_20181025,S160_Av6,20181025,ARCH,16GOWN,BE026,ERU,GW160,Devon_Botanical_Garden,
ERU_16GOWN_BACT-BE027-GW280_20180709_S6,ERU_GW280_BE027_S6_20180709,S6,20180709,BACT,16GOWN,BE027,ERU,GW280,Hayes_West_273_Hayes_East_replicate,
ERU_16GOWN_ARCH-BE027-GW280_20181025_S6_Av6,ERU_GW280_BE027_S6_Av6_20181025,S6_Av6,20181025,ARCH,16GOWN,BE027,ERU,GW280,Hayes_West_273_Hayes_East_replicate,
ERU_16GOWN_BACT-BE028-GW280_20180709_S21,ERU_GW280_BE028_S21_20180709,S21,20180709,BACT,16GOWN,BE028,ERU,GW280,Hayes_East,
ERU_16GOWN_ARCH-BE028-GW280_20181025_S21_Av6,ERU_GW280_BE028_S21_Av6_20181025,S21_Av6,20181025,ARCH,16GOWN,BE028,ERU,GW280,Hayes_East,
ERU_16GOWN_BACT-BE029-GW114_20180709_S85,ERU_GW114_BE029_S85_20180709,S85,20180709,BACT,16GOWN,BE029,ERU,GW114,Ross_Creek,
ERU_16GOWN_ARCH-BE029-GW114_20181025_S85_Av6,ERU_GW114_BE029_S85_Av6_20181025,S85_Av6,20181025,ARCH,16GOWN,BE029,ERU,GW114,Ross_Creek,
ERU_16GOWN_BACT-BE030-GW270_20180709_S89,ERU_GW270_BE030_S89_20180709,S89,20180709,BACT,16GOWN,BE030,ERU,GW270,Duvery,
ERU_16GOWN_ARCH-BE030-GW270_20181025_S89_Av6,ERU_GW270_BE030_S89_Av6_20181025,S89_Av6,20181025,ARCH,16GOWN,BE030,ERU,GW270,Duvery,
ERU_16GOWN_BACT-BE031-GW218_20180709_S22,ERU_GW218_BE031_S22_20180709,S22,20180709,BACT,16GOWN,BE031,ERU,GW218,Cluny_North,
ERU_16GOWN_ARCH-BE031-GW218_20181025_S22_Av6,ERU_GW218_BE031_S22_Av6_20181025,S22_Av6,20181025,ARCH,16GOWN,BE031,ERU,GW218,Cluny_North,
ERU_16GOWN_BACT-BE032-GW219_20180709_S35,ERU_GW219_BE032_S35_20180709,S35,20180709,BACT,16GOWN,BE032,ERU,GW219,Cluny_South,
ERU_16GOWN_ARCH-BE032-GW219_20181025_S35_Av6,ERU_GW219_BE032_S35_Av6_20181025,S35_Av6,20181025,ARCH,16GOWN,BE032,ERU,GW219,Cluny_South,
ERU_16GOWN_BACT-BE033-GW121_20180709_S8,ERU_GW121_BE033_S8_20180709,S8,20180709,BACT,16GOWN,BE033,ERU,GW121,Gem_66_7_0121,
ERU_16GOWN_ARCH-BE033-GW121_20181025_S8_Av6,ERU_GW121_BE033_S8_Av6_20181025,S8_Av6,20181025,ARCH,16GOWN,BE033,ERU,GW121,Gem_66_7_0121,
ERU_16GOWN_BACT-BE034-GW121_20180709_S69,ERU_GW121_BE034_S69_20180709,S69,20180709,BACT,16GOWN,BE034,ERU,GW121,Gem_66_7_0121,
ERU_16GOWN_ARCH-BE034-GW121_20181025_S69_Av6,ERU_GW121_BE034_S69_Av6_20181025,S69_Av6,20181025,ARCH,16GOWN,BE034,ERU,GW121,Gem_66_7_0121,
ERU_16GOWN_BACT-BE035-GW222_20180709_S59,ERU_GW222_BE035_S59_20180709,S59,20180709,BACT,16GOWN,BE035,ERU,GW222,Bigstone,
ERU_16GOWN_ARCH-BE035-GW222_20181025_S59_Av6,ERU_GW222_BE035_S59_Av6_20181025,S59_Av6,20181025,ARCH,16GOWN,BE035,ERU,GW222,Bigstone,
ERU_NAGOWN_BACT-BE036-GW298_20180709_S72,ERU_GW298_BE036_S72_20180709,S72,20180709,BACT,NAGOWN,BE036,ERU,GW298,NA,
ERU_NAGOWN_ARCH-BE036-GW298_20181025_S72_Av6,ERU_GW298_BE036_S72_Av6_20181025,S72_Av6,20181025,ARCH,NAGOWN,BE036,ERU,GW298,NA,
ERU_16GOWN_BACT-BE037-GW760_20180709_S30,ERU_GW760_BE037_S30_20180709,S30,20180709,BACT,16GOWN,BE037,ERU,GW760,Canmore_Tourist,
ERU_16GOWN_ARCH-BE037-GW760_20181025_S30_Av6,ERU_GW760_BE037_S30_Av6_20181025,S30_Av6,20181025,ARCH,16GOWN,BE037,ERU,GW760,Canmore_Tourist,
ERU_NAGOWN_BACT-BE038-GW760_20180709_S37,ERU_GW760_BE038_S37_20180709,S37,20180709,BACT,NAGOWN,BE038,ERU,GW760,NA,
ERU_NAGOWN_ARCH-BE038-GW760_20181025_S37_Av6,ERU_GW760_BE038_S37_Av6_20181025,S37_Av6,20181025,ARCH,NAGOWN,BE038,ERU,GW760,NA,
ERU_16GOWN_BACT-BE039-GW298_20180709_S107,ERU_GW298_BE039_S107_20180709,S107,20180709,BACT,16GOWN,BE039,ERU,GW298,Viking,
ERU_16GOWN_ARCH-BE039-GW298_20181025_S107_Av6,ERU_GW298_BE039_S107_Av6_20181025,S107_Av6,20181025,ARCH,16GOWN,BE039,ERU,GW298,Viking,
ERU_NAGOWN_BACT-BE040-GW298_20180709_S49,ERU_GW298_BE040_S49_20180709,S49,20180709,BACT,NAGOWN,BE040,ERU,GW298,NA,
ERU_NAGOWN_BACT-BE040-GW298_20180709_S159,ERU_GW298_BE040_S159_20180709,S159,20180709,BACT,NAGOWN,BE040,ERU,GW298,NA,
ERU_NAGOWN_ARCH-BE040-GW298_20181025_S49_Av6,ERU_GW298_BE040_S49_Av6_20181025,S49_Av6,20181025,ARCH,NAGOWN,BE040,ERU,GW298,NA,
ERU_NAGOWN_ARCH-BE040-GW298_20181025_S159_Av6,ERU_GW298_BE040_S159_Av6_20181025,S159_Av6,20181025,ARCH,NAGOWN,BE040,ERU,GW298,NA,
ERU_16GOWN_BACT-BE041-GW338_20180709_S95,ERU_GW338_BE041_S95_20180709,S95,20180709,BACT,16GOWN,BE041,ERU,GW338,Grimshaw_Mercier,
ERU_16GOWN_ARCH-BE041-GW338_20181025_S95_Av6,ERU_GW338_BE041_S95_Av6_20181025,S95_Av6,20181025,ARCH,16GOWN,BE041,ERU,GW338,Grimshaw_Mercier,
ERU_16GOWN_BACT-BE042-GW373_20180709_S19,ERU_GW373_BE042_S19_20180709,S19,20180709,BACT,16GOWN,BE042,ERU,GW373,Beaverlodge,
ERU_16GOWN_ARCH-BE042-GW373_20181025_S19_Av6,ERU_GW373_BE042_S19_Av6_20181025,S19_Av6,20181025,ARCH,16GOWN,BE042,ERU,GW373,Beaverlodge,
ERU_16GOWN_BACT-BE043-GW341_20180709_S44,ERU_GW341_BE043_S44_20180709,S44,20180709,BACT,16GOWN,BE043,ERU,GW341,Beaverlodge,
ERU_16GOWN_ARCH-BE043-GW341_20181025_S44_Av6,ERU_GW341_BE043_S44_Av6_20181025,S44_Av6,20181025,ARCH,16GOWN,BE043,ERU,GW341,Beaverlodge,
ERU_16GOWN_BACT-BE044-GW137_20180709_S,ERU_GW137_BE044_S_20180709,S,20180709,BACT,16GOWN,BE044,ERU,GW137,Stettler,
ERU_16GOWN_ARCH-BE044-GW137_20181025_S_Av6,ERU_GW137_BE044_S_Av6_20181025,S_Av6,20181025,ARCH,16GOWN,BE044,ERU,GW137,Stettler,
ERU_16GOWN_BACT-BE045-GW439_20180709_S26,ERU_GW439_BE045_S26_20180709,S26,20180709,BACT,16GOWN,BE045,ERU,GW439,Sherwood_1975E_Ministik_replicate,
ERU_16GOWN_BACT-BE045-GW439_20180709_S52,ERU_GW439_BE045_S52_20180709,S52,20180709,BACT,16GOWN,BE045,ERU,GW439,Sherwood_1975E_Ministik_replicate,
ERU_16GOWN_ARCH-BE045-GW439_20181025_S26_Av6,ERU_GW439_BE045_S26_Av6_20181025,S26_Av6,20181025,ARCH,16GOWN,BE045,ERU,GW439,Sherwood_1975E_Ministik_replicate,
ERU_16GOWN_ARCH-BE045-GW439_20181025_S52_Av6,ERU_GW439_BE045_S52_Av6_20181025,S52_Av6,20181025,ARCH,16GOWN,BE045,ERU,GW439,Sherwood_1975E_Ministik_replicate,
ERU_16GOWN_BACT-BE046-GW439_20180709_S2,ERU_GW439_BE046_S2_20180709,S2,20180709,BACT,16GOWN,BE046,ERU,GW439,Ministik,
ERU_16GOWN_BACT-BE046-GW439_20180709_S3,ERU_GW439_BE046_S3_20180709,S3,20180709,BACT,16GOWN,BE046,ERU,GW439,Ministik,
ERU_16GOWN_ARCH-BE046-GW439_20181025_S2_Av6,ERU_GW439_BE046_S2_Av6_20181025,S2_Av6,20181025,ARCH,16GOWN,BE046,ERU,GW439,Ministik,
ERU_16GOWN_ARCH-BE046-GW439_20181025_S3_Av6,ERU_GW439_BE046_S3_Av6_20181025,S3_Av6,20181025,ARCH,16GOWN,BE046,ERU,GW439,Ministik,
ERU_16GOWN_BACT-BE047-GW439_20180709_S20,ERU_GW439_BE047_S20_20180709,S20,20180709,BACT,16GOWN,BE047,ERU,GW439,Cooking_1968E_Ministik_replicate,
ERU_16GOWN_BACT-BE047-GW439_20180709_S51,ERU_GW439_BE047_S51_20180709,S51,20180709,BACT,16GOWN,BE047,ERU,GW439,Cooking_1968E_Ministik_replicate,
ERU_16GOWN_ARCH-BE047-GW439_20181025_S20_Av6,ERU_GW439_BE047_S20_Av6_20181025,S20_Av6,20181025,ARCH,16GOWN,BE047,ERU,GW439,Cooking_1968E_Ministik_replicate,
ERU_16GOWN_ARCH-BE047-GW439_20181025_S51_Av6,ERU_GW439_BE047_S51_Av6_20181025,S51_Av6,20181025,ARCH,16GOWN,BE047,ERU,GW439,Cooking_1968E_Ministik_replicate,
ERU_16GOWN_BACT-BE048-GW220_20180709_S27,ERU_GW220_BE048_S27_20180709,S27,20180709,BACT,16GOWN,BE048,ERU,GW220,Carseland,
ERU_16GOWN_ARCH-BE048-GW220_20181025_S27_Av6,ERU_GW220_BE048_S27_Av6_20181025,S27_Av6,20181025,ARCH,16GOWN,BE048,ERU,GW220,Carseland,
ERU_16GOWN_BACT-BE049-GW398_20180709_S58,ERU_GW398_BE049_S58_20180709,S58,20180709,BACT,16GOWN,BE049,ERU,GW398,Pine_Lake,
ERU_16GOWN_ARCH-BE049-GW398_20181025_S58_Av6,ERU_GW398_BE049_S58_Av6_20181025,S58_Av6,20181025,ARCH,16GOWN,BE049,ERU,GW398,Pine_Lake,
ERU_16GOWN_ARCH-BE049-GW398_20181025_S58_Av4,ERU_GW398_BE049_S58_Av4_20181025,S58_Av4,20181025,ARCH,16GOWN,BE049,ERU,GW398,Pine_Lake,
ERU_16GOWN_BACT-BE050-GW381sic_20180709_S11,ERU_GW381sic_BE050_S11_20180709,S11,20180709,BACT,16GOWN,BE050,ERU,GW381sic,Meander_River,
ERU_16GOWN_BACT-BE050-GW381sic_20180709_S12,ERU_GW381sic_BE050_S12_20180709,S12,20180709,BACT,16GOWN,BE050,ERU,GW381sic,Meander_River,
ERU_16GOWN_ARCH-BE050-GW381sic_20181025_S11_Av6,ERU_GW381sic_BE050_S11_Av6_20181025,S11_Av6,20181025,ARCH,16GOWN,BE050,ERU,GW381sic,Meander_River,
ERU_16GOWN_ARCH-BE050-GW381sic_20181025_S12_Av6,ERU_GW381sic_BE050_S12_Av6_20181025,S12_Av6,20181025,ARCH,16GOWN,BE050,ERU,GW381sic,Meander_River,
ERU_16GOWN_ARCH-BE050-GW381sic_20181025_S11_Av4,ERU_GW381sic_BE050_S11_Av4_20181025,S11_Av4,20181025,ARCH,16GOWN,BE050,ERU,GW381sic,Meander_River,
ERU_16GOWN_BACT-BE051-GW387_20180709_S130,ERU_GW387_BE051_S130_20180709,S130,20180709,BACT,16GOWN,BE051,ERU,GW387,Zama_North,
ERU_16GOWN_ARCH-BE051-GW387_20181025_S130_Av6,ERU_GW387_BE051_S130_Av6_20181025,S130_Av6,20181025,ARCH,16GOWN,BE051,ERU,GW387,Zama_North,
ERU_16GOWN_BACT-BE052-GW117_20180709_S34,ERU_GW117_BE052_S34_20180709,S34,20180709,BACT,16GOWN,BE052,ERU,GW117,Barons,
ERU_16GOWN_ARCH-BE052-GW117_20181025_S34_Av6,ERU_GW117_BE052_S34_Av6_20181025,S34_Av6,20181025,ARCH,16GOWN,BE052,ERU,GW117,Barons,
ERU_16GOWN_BACT-BE053-GW990_20180709_S125,ERU_GW990_BE053_S125_20180709,S125,20180709,BACT,16GOWN,BE053,ERU,GW990,Buck_Deep,
ERU_16GOWN_ARCH-BE053-GW990_20181025_S125_Av6,ERU_GW990_BE053_S125_Av6_20181025,S125_Av6,20181025,ARCH,16GOWN,BE053,ERU,GW990,Buck_Deep,
ERU_16GOWN_BACT-BE054-GW211_20180709_S116,ERU_GW211_BE054_S116_20180709,S116,20180709,BACT,16GOWN,BE054,ERU,GW211,Smith_Coulee,
ERU_16GOWN_ARCH-BE054-GW211_20181025_S116_Av6,ERU_GW211_BE054_S116_Av6_20181025,S116_Av6,20181025,ARCH,16GOWN,BE054,ERU,GW211,Smith_Coulee,
ERU_16GOWN_ARCH-BE054-GW211_20181025_S116_Av4,ERU_GW211_BE054_S116_Av4_20181025,S116_Av4,20181025,ARCH,16GOWN,BE054,ERU,GW211,Smith_Coulee,
ERU_16GOWN_BACT-BE055-GW989_20180709_S39,ERU_GW989_BE055_S39_20180709,S39,20180709,BACT,16GOWN,BE055,ERU,GW989,Buck_Lake,
ERU_16GOWN_ARCH-BE055-GW989_20181025_S39_Av6,ERU_GW989_BE055_S39_Av6_20181025,S39_Av6,20181025,ARCH,16GOWN,BE055,ERU,GW989,Buck_Lake,
ERU_16GOWN_BACT-BE056-GW263_20180709_S50,ERU_GW263_BE056_S50_20180709,S50,20180709,BACT,16GOWN,BE056,ERU,GW263,Oldman_Dam,
ERU_16GOWN_ARCH-BE056-GW263_20181025_S50_Av6,ERU_GW263_BE056_S50_Av6_20181025,S50_Av6,20181025,ARCH,16GOWN,BE056,ERU,GW263,Oldman_Dam,
ERU_16GOWN_BACT-BE057-GW972_20180709_S17,ERU_GW972_BE057_S17_20180709,S17,20180709,BACT,16GOWN,BE057,ERU,GW972,Rosebud,
ERU_16GOWN_ARCH-BE057-GW972_20181025_S17_Av6,ERU_GW972_BE057_S17_Av6_20181025,S17_Av6,20181025,ARCH,16GOWN,BE057,ERU,GW972,Rosebud,
ERU_16GOWN_BACT-BE058-GW259_20180709_S111,ERU_GW259_BE058_S111_20180709,S111,20180709,BACT,16GOWN,BE058,ERU,GW259,Three_Hills_RCA,
ERU_16GOWN_ARCH-BE058-GW259_20181025_S111_Av6,ERU_GW259_BE058_S111_Av6_20181025,S111_Av6,20181025,ARCH,16GOWN,BE058,ERU,GW259,Three_Hills_RCA,
ERU_16GOWN_BACT-BE059-GW267_20180709_S43,ERU_GW267_BE059_S43_20180709,S43,20180709,BACT,16GOWN,BE059,ERU,GW267,Metiskow,
ERU_16GOWN_ARCH-BE059-GW267_20181025_S43_Av6,ERU_GW267_BE059_S43_Av6_20181025,S43_Av6,20181025,ARCH,16GOWN,BE059,ERU,GW267,Metiskow,
ERU_16GOWN_BACT-BE060-GW265_20180709_S123,ERU_GW265_BE060_S123_20180709,S123,20180709,BACT,16GOWN,BE060,ERU,GW265,Metiskow,
ERU_16GOWN_ARCH-BE060-GW265_20181025_S123_Av6,ERU_GW265_BE060_S123_Av6_20181025,S123_Av6,20181025,ARCH,16GOWN,BE060,ERU,GW265,Metiskow,
ERU_16GOWN_ARCH-BE060-GW265_20181025_S123_Av4,ERU_GW265_BE060_S123_Av4_20181025,S123_Av4,20181025,ARCH,16GOWN,BE060,ERU,GW265,Metiskow,
ERU_16GOWN_BACT-BE061-GW140_20180709_S75,ERU_GW140_BE061_S75_20180709,S75,20180709,BACT,16GOWN,BE061,ERU,GW140,Wainwright,
ERU_16GOWN_ARCH-BE061-GW140_20181025_S75_Av6,ERU_GW140_BE061_S75_Av6_20181025,S75_Av6,20181025,ARCH,16GOWN,BE061,ERU,GW140,Wainwright,