NewName,OldName,OldSeqNumber,SeqDate,Primer,Year,Genome Code,User,GOWN Code,GOWN Location,Sample ID
LB_23GOWN_GOWN-L1-GW389_20240806_S193,193-LB-Gown-2024-bact-20240806-1_S193_R1_001.fastq.gz,S193,20240806,GOWN,23GOWN,L1,LB,GW389,389 ZAMA NORTH 87-4 South,23GWG00017
LB_23GOWN_GOWN-L2-GW3004_20240806_S194,194-LB-Gown-2024-bact-20240806-2_S194_R1_001.fastq.gz,S194,20240806,GOWN,23GOWN,L2,LB,GW3004,3004 DEVON BOT GARD,23GWE00141
LB_23GOWN_GOWN-L3-GW160_20240806_S195,195-LB-Gown-2024-bact-20240806-3_S195_R1_001.fastq.gz,S195,20240806,GOWN,23GOWN,L3,LB,GW160,160 DEVON BOT GARDS,23GWE00049
LB_23GOWN_GOWN-L4-GW329_20240806_S196,196-LB-Gown-2024-bact-20240806-4_S196_R1_001.fastq.gz,S196,20240806,GOWN,23GOWN,L4,LB,GW329,329 PADDLE RIVER,23GWE00135
LB_23GOWN_GOWN-L5-GW265_20240806_S197,197-LB-Gown-2024-bact-20240806-5_S197_R1_001.fastq.gz,S197,20240806,GOWN,23GOWN,L5,LB,GW265,265 METISKOW 88-1,23GWE00068
LB_23GOWN_GOWN-L6-GW178_20240806_S198,198-LB-Gown-2024-bact-20240806-6_S198_R1_001.fastq.gz,S198,20240806,GOWN,23GOWN,L6,LB,GW178,178 BRUDERHEIM,23GWE00158
LB_23GOWN_GOWN-L7-GW381_20240806_S199,199-LB-Gown-2024-bact-20240806-7_S199_R1_001.fastq.gz,S199,20240806,GOWN,23GOWN,L7,LB,GW381,381 MEANDER RIVER 87-2,23GWG00015
LB_23GOWN_GOWN-L8-GW991_20240806_S200,200-LB-Gown-2024-bact-20240806-8_S200_R1_001.fastq.gz,S200,20240806,GOWN,23GOWN,L8,LB,GW991,991 CYNTHIA DEEP,23GWE00117
LB_23GOWN_GOWN-L10-GW387_20240806_S202,202-LB-Gown-2024-bact-20240806-10_S202_R1_001.fastq.gz,S202,20240806,GOWN,23GOWN,L10,LB,GW387,387 ZAMA NORTH 87-5 NORTH,23GWG00016
LB_23GOWN_GOWN-L11-GW989_20240806_S203,203-LB-Gown-2024-bact-20240806-11_S203_R1_001.fastq.gz,S203,20240806,GOWN,23GOWN,L11,LB,GW989,989 BUCK LAKE SHALLOW,23GWE00138
LB_23GOWN_GOWN-L13-GW3069_20240806_S205,205-LB-Gown-2024-bact-20240806-13_S205_R1_001.fastq.gz,S205,20240806,GOWN,23GOWN,L13,LB,GW3069,3069 BRUDERHEIM N,23GWE00155
LB_23GOWN_GOWN-L14-GW992_20240806_S206,206-LB-Gown-2024-bact-20240806-14_S206_R1_001.fastq.gz,S206,20240806,GOWN,23GOWN,L14,LB,GW992,992 CYNTHIA SHALLOW,23GWE00120
LB_23GOWN_GOWN-L15-GW339_20240806_S207,207-LB-Gown-2024-bact-20240806-15_S207_R1_001.fastq.gz,S207,20240806,GOWN,23GOWN,L15,LB,GW339,339 GRIMSHAW KERNDALE 0339,23GWG00014
LB_23GOWN_GOWN-L16-GW235_20240806_S208,208-LB-Gown-2024-bact-20240806-16_S208_R1_001.fastq.gz,S208,20240806,GOWN,23GOWN,L16,LB,GW235,235 INNISFREE 2403E,23GWE00064
LB_23GOWN_GOWN-L17-GW176_20240806_S209,209-LB-Gown-2024-bact-20240806-17_S209_R1_001.fastq.gz,S209,20240806,GOWN,23GOWN,L17,LB,GW176,176 BRUDERHEIM,23GWE00132
LB_23GOWN_GOWN-L1-GW389_20240806_S238,238-LB-Gown-2024-arcea-20240806-1_S238_R1_001.fastq.gz,S238,20240806,GOWN,23GOWN,L1,LB,GW389,389 ZAMA NORTH 87-4 South,23GWG00017
LB_23GOWN_GOWN-L2-GW3004_20240806_S239,239-LB-Gown-2024-arcea-20240806-2_S239_R1_001.fastq.gz,S239,20240806,GOWN,23GOWN,L2,LB,GW3004,3004 DEVON BOT GARD,23GWE00141
LB_23GOWN_GOWN-L3-GW160_20240806_S240,240-LB-Gown-2024-arcea-20240806-3_S240_R1_001.fastq.gz,S240,20240806,GOWN,23GOWN,L3,LB,GW160,160 DEVON BOT GARDS,23GWE00049
LB_23GOWN_GOWN-L4-GW329_20240806_S241,241-LB-Gown-2024-arcea-20240806-4_S241_R1_001.fastq.gz,S241,20240806,GOWN,23GOWN,L4,LB,GW329,329 PADDLE RIVER,23GWE00135
LB_23GOWN_GOWN-L5-GW265_20240806_S242,242-LB-Gown-2024-arcea-20240806-5_S242_R1_001.fastq.gz,S242,20240806,GOWN,23GOWN,L5,LB,GW265,265 METISKOW 88-1,23GWE00068
LB_23GOWN_GOWN-L6-GW178_20240806_S243,243-LB-Gown-2024-arcea-20240806-6_S243_R1_001.fastq.gz,S243,20240806,GOWN,23GOWN,L6,LB,GW178,178 BRUDERHEIM,23GWE00158
LB_23GOWN_GOWN-L7-GW381_20240806_S244,244-LB-Gown-2024-arcea-20240806-7_S244_R1_001.fastq.gz,S244,20240806,GOWN,23GOWN,L7,LB,GW381,381 MEANDER RIVER 87-2,23GWG00015
LB_23GOWN_GOWN-L8-GW991_20240806_S245,245-LB-Gown-2024-arcea-20240806-8_S245_R1_001.fastq.gz,S245,20240806,GOWN,23GOWN,L8,LB,GW991,991 CYNTHIA DEEP,23GWE00117
LB_23GOWN_GOWN-L10-GW387_20240806_S247,247-LB-Gown-2024-arcea-20240806-10_S247_R1_001.fastq.gz,S247,20240806,GOWN,23GOWN,L10,LB,GW387,387 ZAMA NORTH 87-5 NORTH,23GWG00016
LB_23GOWN_GOWN-L11-GW989_20240806_S248,248-LB-Gown-2024-arcea-20240806-11_S248_R1_001.fastq.gz,S248,20240806,GOWN,23GOWN,L11,LB,GW989,989 BUCK LAKE SHALLOW,23GWE00138
LB_23GOWN_GOWN-L13-GW3069_20240806_S250,250-LB-Gown-2024-arcea-20240806-13_S250_R1_001.fastq.gz,S250,20240806,GOWN,23GOWN,L13,LB,GW3069,3069 BRUDERHEIM N,23GWE00155
LB_23GOWN_GOWN-L14-GW992_20240806_S251,251-LB-Gown-2024-arcea-20240806-14_S251_R1_001.fastq.gz,S251,20240806,GOWN,23GOWN,L14,LB,GW992,992 CYNTHIA SHALLOW,23GWE00120
LB_23GOWN_GOWN-L15-GW339_20240806_S252,252-LB-Gown-2024-arcea-20240806-15_S252_R1_001.fastq.gz,S252,20240806,GOWN,23GOWN,L15,LB,GW339,339 GRIMSHAW KERNDALE 0339,23GWG00014
LB_23GOWN_GOWN-L16-GW235_20240806_S253,253-LB-Gown-2024-arcea-20240806-16_S253_R1_001.fastq.gz,S253,20240806,GOWN,23GOWN,L16,LB,GW235,235 INNISFREE 2403E,23GWE00064
LB_23GOWN_GOWN-L17-GW176_20240806_S254,254-LB-Gown-2024-arcea-20240806-17_S254_R1_001.fastq.gz,S254,20240806,GOWN,23GOWN,L17,LB,GW176,176 BRUDERHEIM,23GWE00132
LB_24GOWN_GOWN-L9-GWRAVEN_20240806_S201,201-LB-Gown-2024-bact-20240806-9_S201_R1_001.fastq.gz,S201,20240806,GOWN,24GOWN,L9,LB,GWRAVEN,RAVEN RIVER,245WE13278
LB_24GOWN_GOWN-L12-GWBERRY_20240806_S204,204-LB-Gown-2024-bact-20240806-12_S204_R1_001.fastq.gz,S204,20240806,GOWN,24GOWN,L12,LB,GWBERRY,BERRY CREEK,245WE13287
LB_24GOWN_GOWN-L18-GW292_20240806_S210,210-LB-Gown-2024-bact-20240806-18_S210_R1_001.fastq.gz,S210,20240806,GOWN,24GOWN,L18,LB,GW292,292 GALAHAD 2626E,24GWE00115
LB_24GOWN_GOWN-L19-GW165_20240806_S211,211-LB-Gown-2024-bact-20240806-19_S211_R1_001.fastq.gz,S211,20240806,GOWN,24GOWN,L19,LB,GW165,165 VEGREVILLE,24GWE00092
LB_24GOWN_GOWN-L20-GW931_20240806_S212,212-LB-Gown-2024-bact-20240806-20_S212_R1_001.fastq.gz,S212,20240806,GOWN,24GOWN,L20,LB,GW931,931 EVAN-THOMAS CREEK,24GWC00017
LB_24GOWN_GOWN-L21-GW763_20240806_S213,213-LB-Gown-2024-bact-20240806-21_S213_R1_001.fastq.gz,S213,20240806,GOWN,24GOWN,L21,LB,GW763,763 GOAT CREEK,24GWC00006
LB_24GOWN_GOWN-L22-GW761_20240806_S214,214-LB-Gown-2024-bact-20240806-22_S214_R1_001.fastq.gz,S214,20240806,GOWN,24GOWN,L22,LB,GW761,761 DRIFTWOOD,24GWC00016
LB_24GOWN_GOWN-L23-GWMYRNAM_20240806_S215,215-LB-Gown-2024-bact-20240806-23_S215_R1_001.fastq.gz,S215,20240806,GOWN,24GOWN,L23,LB,GWMYRNAM,MYRNAM_1968E,24GWE00014
LB_24GOWN_GOWN-L24-GW229_20240806_S216,216-LB-Gown-2024-bact-20240806-24_S216_R1_001.fastq.gz,S216,20240806,GOWN,24GOWN,L24,LB,GW229,229 KIRKPATRICK LACKE,24GWC00021
LB_24GOWN_GOWN-L25-GW3028_20240806_S217,217-LB-Gown-2024-bact-20240806-25_S217_R1_001.fastq.gz,S217,20240806,GOWN,24GOWN,L25,LB,GW3028,3028 SCOTFIELD,24GWC00027
LB_24GOWN_GOWN-L26-GWTOFIELD_20240806_S218,218-LB-Gown-2024-bact-20240806-26_S218_R1_001.fastq.gz,S218,20240806,GOWN,24GOWN,L26,LB,GWTOFIELD,TOFIELD_1975E,24GWE00013
LB_24GOWN_GOWN-L27-GW760_20240806_S219,219-LB-Gown-2024-bact-20240806-27_S219_R1_001.fastq.gz,S219,20240806,GOWN,24GOWN,L27,LB,GW760,760 CANMORE TOURIST INFO,24GWC00012
LB_24GOWN_GOWN-L28-GW175_20240806_S220,220-LB-Gown-2024-bact-20240806-28_S220_R1_001.fastq.gz,S220,20240806,GOWN,24GOWN,L28,LB,GW175,175 BRUDERHEIM N,24GWE00056
LB_24GOWN_GOWN-L29-GW3004_20240806_S221,221-LB-Gown-2024-bact-20240806-29_S221_R1_001.fastq.gz,S221,20240806,GOWN,24GOWN,L29,LB,GW3004,3004 DEVON BOTANIC,24GWE00172
LB_24GOWN_GOWN-L30-GW429_20240806_S222,222-LB-Gown-2024-bact-20240806-30_S222_R1_001.fastq.gz,S222,20240806,GOWN,24GOWN,L30,LB,GW429,429 GALAHAD 2627E,24GWE00156
LB_24GOWN_GOWN-L31-GW121_20240806_S223,223-LB-Gown-2024-bact-20240806-31_S223_R1_001.fastq.gz,S223,20240806,GOWN,24GOWN,L31,LB,GW121,121 GEM,24GWC00018
LB_24GOWN_GOWN-L32-GW230_20240806_S224,224-LB-Gown-2024-bact-20240806-32_S224_R1_001.fastq.gz,S224,20240806,GOWN,24GOWN,L32,LB,GW230,230 KIRKPATRICK LAKE 86-3,24GWC00024
LB_24GOWN_GOWN-L33-GW164_20240806_S225,225-LB-Gown-2024-bact-20240806-33_S225_R1_001.fastq.gz,S225,20240806,GOWN,24GOWN,L33,LB,GW164,164 VEGREVILLE,24GWE00089
LB_24GOWN_GOWN-L34-GW985_20240806_S226,226-LB-Gown-2024-bact-20240806-34_S226_R1_001.fastq.gz,S226,20240806,GOWN,24GOWN,L34,LB,GW985,985 COCHRANE WEST SHALLOW,24GWC00032
LB_24GOWN_GOWN-L35-GW378_20240806_S227,227-LB-Gown-2024-bact-20240806-35_S227_R1_001.fastq.gz,S227,20240806,GOWN,24GOWN,L35,LB,GW378,378 SMITH 86-1,24GWE00153
LB_24GOWN_GOWN-L36-GW111_20240806_S228,228-LB-Gown-2024-bact-20240806-36_S228_R1_001.fastq.gz,S228,20240806,GOWN,24GOWN,L36,LB,GW111,111 ORTON 1514E,24GWC00040
LB_24GOWN_GOWN-L37-GW986_20240806_S229,229-LB-Gown-2024-bact-20240806-37_S229_R1_001.fastq.gz,S229,20240806,GOWN,24GOWN,L37,LB,GW986,986 COCHRANE EAST DEEP,24GWC00034
LB_24GOWN_GOWN-L38-GW220_20240806_S230,230-LB-Gown-2024-bact-20240806-38_S230_R1_001.fastq.gz,S230,20240806,GOWN,24GOWN,L38,LB,GW220,220 CARSELAND 85-1,24GWC00029
LB_24GOWN_GOWN-L39-GW279_20240806_S231,231-LB-Gown-2024-bact-20240806-39_S231_R1_001.fastq.gz,S231,20240806,GOWN,24GOWN,L39,LB,GW279,279 HAYS 2523E,24GWC00046
LB_24GOWN_GOWN-L40-GW26_20240806_S232,232-LB-Gown-2024-bact-20240806-40_S232_R1_001.fastq.gz,S232,20240806,GOWN,24GOWN,L40,LB,GW26,26 07CCG004,24GWO10001
LB_24GOWN_GOWN-L41-GW329_20240806_S233,233-LB-Gown-2024-bact-20240806-41_S233_R1_001.fastq.gz,S233,20240806,GOWN,24GOWN,L41,LB,GW329,329 PADDLE RIVER,24GWE00141
LB_24GOWN_GOWN-L42-GW218_20240806_S234,234-LB-Gown-2024-bact-20240806-42_S234_R1_001.fastq.gz,S234,20240806,GOWN,24GOWN,L42,LB,GW218,218 CLUNY 85-1,24GWC00048
LB_24GOWN_GOWN-L43-GW3018_20240806_S235,235-LB-Gown-2024-bact-20240806-43_S235_R1_001.fastq.gz,S235,20240806,GOWN,24GOWN,L43,LB,GW3018,3018 BEAR HILLS LAKE,24GWE00175
LB_24GOWN_GOWN-L44-GW3104_20240806_S236,236-LB-Gown-2024-bact-20240806-44_S236_R1_001.fastq.gz,S236,20240806,GOWN,24GOWN,L44,LB,GW3104,3104 HAMILIN NW,24GWE00181
LB_24GOWN_GOWN-L45-GWNC1_20240806_S237,237-LB-Gown-2024-bact-20240806-45_S237_R1_001.fastq.gz,S237,20240806,GOWN,24GOWN,L45,LB,GWNC1,NEGATIVE CONTROL,24GWNEGCTL
LB_24GOWN_GOWN-L9-GWRAVEN_20240806_S246,246-LB-Gown-2024-arcea-20240806-9_S246_R1_001.fastq.gz,S246,20240806,GOWN,24GOWN,L9,LB,GWRAVEN,RAVEN RIVER,245WE13278
LB_24GOWN_GOWN-L12-GWBERRY_20240806_S249,249-LB-Gown-2024-arcea-20240806-12_S249_R1_001.fastq.gz,S249,20240806,GOWN,24GOWN,L12,LB,GWBERRY,BERRY CREEK,245WE13287
LB_24GOWN_GOWN-L18-GW292_20240806_S255,255-LB-Gown-2024-arcea-20240806-18_S255_R1_001.fastq.gz,S255,20240806,GOWN,24GOWN,L18,LB,GW292,292 GALAHAD 2626E,24GWE00115
LB_24GOWN_GOWN-L19-GW165_20240806_S256,256-LB-Gown-2024-arcea-20240806-19_S256_R1_001.fastq.gz,S256,20240806,GOWN,24GOWN,L19,LB,GW165,165 VEGREVILLE,24GWE00092
LB_24GOWN_GOWN-L20-GW931_20240806_S257,257-LB-Gown-2024-arcea-20240806-20_S257_R1_001.fastq.gz,S257,20240806,GOWN,24GOWN,L20,LB,GW931,931 EVAN-THOMAS CREEK,24GWC00017
LB_24GOWN_GOWN-L21-GW763_20240806_S258,258-LB-Gown-2024-arcea-20240806-21_S258_R1_001.fastq.gz,S258,20240806,GOWN,24GOWN,L21,LB,GW763,763 GOAT CREEK,24GWC00006
LB_24GOWN_GOWN-L22-GW761_20240806_S259,259-LB-Gown-2024-arcea-20240806-22_S259_R1_001.fastq.gz,S259,20240806,GOWN,24GOWN,L22,LB,GW761,761 DRIFTWOOD,24GWC00016
LB_24GOWN_GOWN-L23-GWMYRNAM_20240806_S260,260-LB-Gown-2024-arcea-20240806-23_S260_R1_001.fastq.gz,S260,20240806,GOWN,24GOWN,L23,LB,GWMYRNAM,MYRNAM_1968E,24GWE00014
LB_24GOWN_GOWN-L24-GW229_20240806_S261,261-LB-Gown-2024-arcea-20240806-24_S261_R1_001.fastq.gz,S261,20240806,GOWN,24GOWN,L24,LB,GW229,229 KIRKPATRICK LACKE,24GWC00021
LB_24GOWN_GOWN-L25-GW3028_20240806_S262,262-LB-Gown-2024-arcea-20240806-25_S262_R1_001.fastq.gz,S262,20240806,GOWN,24GOWN,L25,LB,GW3028,3028 SCOTFIELD,24GWC00027
LB_24GOWN_GOWN-L26-GWTOFIELD_20240806_S263,263-LB-Gown-2024-arcea-20240806-26_S263_R1_001.fastq.gz,S263,20240806,GOWN,24GOWN,L26,LB,GWTOFIELD,TOFIELD_1975E,24GWE00013
LB_24GOWN_GOWN-L27-GW760_20240806_S264,264-LB-Gown-2024-arcea-20240806-27_S264_R1_001.fastq.gz,S264,20240806,GOWN,24GOWN,L27,LB,GW760,760 CANMORE TOURIST INFO,24GWC00012
LB_24GOWN_GOWN-L28-GW175_20240806_S265,265-LB-Gown-2024-arcea-20240806-28_S265_R1_001.fastq.gz,S265,20240806,GOWN,24GOWN,L28,LB,GW175,175 BRUDERHEIM N,24GWE00056
LB_24GOWN_GOWN-L29-GW3004_20240806_S266,266-LB-Gown-2024-arcea-20240806-29_S266_R1_001.fastq.gz,S266,20240806,GOWN,24GOWN,L29,LB,GW3004,3004 DEVON BOTANIC,24GWE00172
LB_24GOWN_GOWN-L30-GW429_20240806_S267,267-LB-Gown-2024-arcea-20240806-30_S267_R1_001.fastq.gz,S267,20240806,GOWN,24GOWN,L30,LB,GW429,429 GALAHAD 2627E,24GWE00156
LB_24GOWN_GOWN-L31-GW121_20240806_S268,268-LB-Gown-2024-arcea-20240806-31_S268_R1_001.fastq.gz,S268,20240806,GOWN,24GOWN,L31,LB,GW121,121 GEM,24GWC00018
LB_24GOWN_GOWN-L32-GW230_20240806_S269,269-LB-Gown-2024-arcea-20240806-32_S269_R1_001.fastq.gz,S269,20240806,GOWN,24GOWN,L32,LB,GW230,230 KIRKPATRICK LAKE 86-3,24GWC00024
LB_24GOWN_GOWN-L33-GW164_20240806_S270,270-LB-Gown-2024-arcea-20240806-33_S270_R1_001.fastq.gz,S270,20240806,GOWN,24GOWN,L33,LB,GW164,164 VEGREVILLE,24GWE00089
LB_24GOWN_GOWN-L34-GW985_20240806_S271,271-LB-Gown-2024-arcea-20240806-34_S271_R1_001.fastq.gz,S271,20240806,GOWN,24GOWN,L34,LB,GW985,985 COCHRANE WEST SHALLOW,24GWC00032
LB_24GOWN_GOWN-L35-GW378_20240806_S272,272-LB-Gown-2024-arcea-20240806-35_S272_R1_001.fastq.gz,S272,20240806,GOWN,24GOWN,L35,LB,GW378,378 SMITH 86-1,24GWE00153
LB_24GOWN_GOWN-L36-GW111_20240806_S273,273-LB-Gown-2024-arcea-20240806-36_S273_R1_001.fastq.gz,S273,20240806,GOWN,24GOWN,L36,LB,GW111,111 ORTON 1514E,24GWC00040
LB_24GOWN_GOWN-L37-GW986_20240806_S274,274-LB-Gown-2024-arcea-20240806-37_S274_R1_001.fastq.gz,S274,20240806,GOWN,24GOWN,L37,LB,GW986,986 COCHRANE EAST DEEP,24GWC00034
LB_24GOWN_GOWN-L38-GW220_20240806_S275,275-LB-Gown-2024-arcea-20240806-38_S275_R1_001.fastq.gz,S275,20240806,GOWN,24GOWN,L38,LB,GW220,220 CARSELAND 85-1,24GWC00029
LB_24GOWN_GOWN-L39-GW279_20240806_S276,276-LB-Gown-2024-arcea-20240806-39_S276_R1_001.fastq.gz,S276,20240806,GOWN,24GOWN,L39,LB,GW279,279 HAYS 2523E,24GWC00046
LB_24GOWN_GOWN-L40-GW26_20240806_S277,277-LB-Gown-2024-arcea-20240806-40_S277_R1_001.fastq.gz,S277,20240806,GOWN,24GOWN,L40,LB,GW26,26 07CCG004,24GWO10001
LB_24GOWN_GOWN-L41-GW329_20240806_S278,278-LB-Gown-2024-arcea-20240806-41_S278_R1_001.fastq.gz,S278,20240806,GOWN,24GOWN,L41,LB,GW329,329 PADDLE RIVER,24GWE00141
LB_24GOWN_GOWN-L42-GW218_20240806_S279,279-LB-Gown-2024-arcea-20240806-42_S279_R1_001.fastq.gz,S279,20240806,GOWN,24GOWN,L42,LB,GW218,218 CLUNY 85-1,24GWC00048
LB_24GOWN_GOWN-L43-GW3018_20240806_S280,280-LB-Gown-2024-arcea-20240806-43_S280_R1_001.fastq.gz,S280,20240806,GOWN,24GOWN,L43,LB,GW3018,3018 BEAR HILLS LAKE,24GWE00175
LB_24GOWN_GOWN-L44-GW3104_20240806_S281,281-LB-Gown-2024-arcea-20240806-44_S281_R1_001.fastq.gz,S281,20240806,GOWN,24GOWN,L44,LB,GW3104,3104 HAMILIN NW,24GWE00181
LB_24GOWN_GOWN-L45-GWNC2_20240806_S282,282-LB-Gown-2024-arcea-20240806-45_S282_R1_001.fastq.gz,S282,20240806,GOWN,24GOWN,L45,LB,GWNC2,NEGATIVE CONTROL,24GWNEGCTL